country_name,iso3,year,gdp,unemployment_rate,expenditures,tourism_gdp_share,tourism_employment,arrivals_business,arrivals_total,internet_usage_pct,inflation_annual_pct,exchange_rate_lcu_per_usd,price_level_index_gdp,qualifying,program_name,announcement_date,launch_or_effective_date,announcement_precision,effective_precision,announcement_date_parsed,effective_date,adoption_year,adoption_month,first_full_exposure_year,calendar_year_exposure,status_during_observation_period,log_gdp,log_gdp_lag1,inflation_annual_pct_lag1,internet_usage_pct_lag1,cohort,treated_main
Aruba,ABW,2010,2453597207.0,,261000000.0,,,24.0,824.0,62.0,2.078140719,1.79,71.4304441,False,,,,missing,missing,,,,,,,,21.62082103243631,,,,,0
Aruba,ABW,2011,2637859218.0,,287000000.0,,,53.0,869.0,69.0,4.316297422,1.79,72.78997805,False,,,,missing,missing,,,,,,,,21.693233522872813,21.62082103243631,2.078140719,62.0,,0
Aruba,ABW,2012,2615208380.0,,294000000.0,,,48.0,904.0,74.0,0.627471993,1.79,73.67411276,False,,,,missing,missing,,,,,,,,21.684609617712976,21.693233522872813,4.316297422,69.0,,0
Aruba,ABW,2013,2727849162.0,,342000000.0,19.9,,55.0,979.0,78.9,-2.372065243,1.79,71.90080218,False,,,,missing,missing,,,,,,,,21.726779282876944,21.684609617712976,0.627471993,74.0,,0
Aruba,ABW,2014,2790849721.0,,350000000.0,21.1,,57.0,1072.0,83.78,0.421440919,1.79,73.28050201,False,,,,missing,missing,,,,,,,,21.749611945909063,21.726779282876944,-2.372065243,78.9,,0
Aruba,ABW,2015,2962906704.0,,357000000.0,21.6,,62.8,1225.0,88.66122693,0.474763597,1.79,76.3303791,False,,,,missing,missing,,,,,,,,21.8094366180357,21.749611945909063,0.421440919,83.78,,0
Aruba,ABW,2016,2983637430.0,,319000000.0,21.2,,60.0,1102.0,93.54245387,-0.931195987,1.79,75.97846867,False,,,,missing,missing,,,,,,,,21.816409007213945,21.8094366180357,0.474763597,88.66122693,,0
Aruba,ABW,2017,3092427933.0,,349000000.0,21.2,,61.8,1070.5,97.17,-1.028281788,1.79,75.78975662,False,,,,missing,missing,,,,,,,,21.852222358159864,21.816409007213945,-0.931195987,93.54245387,,0
Aruba,ABW,2018,3276187709.0,,394000000.0,,,59.4,1081.9,,3.626041414,1.79,76.57014458,False,,,,missing,missing,,,,,,,,21.909946299525302,21.852222358159864,-1.028281788,97.17,,0
Aruba,ABW,2019,3346623191.0,,399000000.0,,,48.0,1118.9,,4.257462043,1.79,79.50903983,False,,,,missing,missing,,,,,,,,21.931217671720454,21.909946299525302,3.626041414,,,0
Aruba,ABW,2020,2471419182.0,,310000000.0,,,19.4,368.3,,,1.79,78.8775769,False,,,,missing,missing,,,,,,,,21.628058390196863,21.931217671720454,4.257462043,,,0
Aruba,ABW,2021,2880902799.0,,,,,34.3,806.7,,,1.79,76.1985246,False,,,,missing,missing,,,,,,,,21.781369553847224,21.628058390196863,,,,0
Afghanistan,AFG,2021,14259995441.0,12.006,,,56697.0,,,16.51429939,5.133203408,,16.62633021,False,,,,missing,missing,,,,,,,,23.38072393222704,,,,,0
Angola,AGO,2010,95546919755.0,16.595,275000000.0,,,112.0,425.0,2.799999952,14.46965649,91.90572034,55.34037097,False,,,,missing,missing,,,,,,,,25.282883270116734,,,,,0
Angola,AGO,2011,125552000000.0,16.77,323000000.0,,,235.0,481.0,4.699999809,13.48246792,93.93475,68.77726405,False,,,,missing,missing,,,,,,,,25.555985852331528,25.282883270116734,14.46965649,2.799999952,,0
Angola,AGO,2012,143573000000.0,16.539,288000000.0,,,239.0,528.0,7.699999809,10.27790492,95.46795542,69.15114671,False,,,,missing,missing,,,,,,,,25.690109453598005,25.555985852331528,13.48246792,4.699999809,,0
Angola,AGO,2013,148845000000.0,16.464,316000000.0,,,264.0,650.0,13.0,8.777814293,96.51827948,66.89223189,False,,,,missing,missing,,,,,,,,25.726171332980726,25.690109453598005,10.27790492,7.699999809,,0
Angola,AGO,2014,153450000000.0,16.372,505000000.0,,,235.0,595.0,21.36234076,7.280387304,98.30241686,62.65116134,False,,,,missing,missing,,,,,,,,25.756640618012156,25.726171332980726,8.777814293,13.0,,0
Angola,AGO,2015,102543000000.0,16.472,389000000.0,,,272.4,592.4,22.0,9.355972155,120.0607017,45.14081597,False,,,,missing,missing,,,,,,,,25.353548059749357,25.756640618012156,7.280387304,21.36234076,,0
Angola,AGO,2016,59878249719.0,16.572,823000000.0,,,106.6,397.4,23.20000076,30.69441508,163.6564341,26.41763166,False,,,,missing,missing,,,,,,,,24.81557916626102,25.353548059749357,9.355972155,22.0,,0
Angola,AGO,2017,84376935689.0,16.617,1216000000.0,,,73.6,260.9,26.0,29.8444799,165.9159507,34.85420027,False,,,,missing,missing,,,,,,,,25.15855992737521,24.81557916626102,30.69441508,23.20000076,,0
Angola,AGO,2018,89512794227.0,16.602,762000000.0,,,50.7,217.9,29.0,19.62893797,252.8557477,34.54899988,False,,,,missing,missing,,,,,,,,25.217647404267503,25.15855992737521,29.8444799,26.0,,0
Angola,AGO,2019,80734428593.0,16.497,717000000.0,,124676.4925,49.5,217.5,32.12939835,17.08095414,364.825805,29.08799783,False,,,,missing,missing,,,,,,,,25.114430945692554,25.217647404267503,19.62893797,29.0,,0
Angola,AGO,2020,58852456454.0,16.696,691000000.0,,,6.3,63.6,33.32089996,22.27153925,578.2587803,22.47681089,False,,,,missing,missing,,,,,,,,24.798299410716147,25.114430945692554,17.08095414,32.12939835,,0
Angola,AGO,2021,79559543805.0,15.799,,,98489.4215,6.1,63.7,34.55649948,25.75429488,631.4419555,25.9967839,False,,,,missing,missing,,,,,,,,25.099771556941384,24.798299410716147,22.27153925,33.32089996,,0
Angola,AGO,2022,131212000000.0,14.124,,,161054.0735,37.0,129.0,35.83800125,21.35529013,460.5675116,38.39090939,False,,,,missing,missing,,,,,,,,25.60008017268851,25.099771556941384,25.75429488,34.55649948,,0
Albania,ALB,2008,13258506375.0,13.06,1644000000.0,2.75707,,,,23.86,3.320870904,83.8946041,53.11549006,False,,,,missing,missing,,,,,,,,23.307905173956893,,,,,0
Albania,ALB,2009,12335540656.0,13.674,1692000000.0,2.66869,,,,41.2,2.266922095,94.97811982,46.6596014,False,,,,missing,missing,,,,,,,,23.235750417017037,23.307905173956893,3.320870904,23.86,,0
Albania,ALB,2010,12086545641.0,14.086,1452000000.0,2.81234,,47.0,2417.0,45.0,3.627100915,103.9366667,42.5341016,False,,,,missing,missing,,,,,,,,23.215358740399882,23.235750417017037,2.266922095,41.2,,0
Albania,ALB,2011,12973755875.0,13.481,1677000000.0,2.53477,,43.0,2932.0,47.0,3.428071301,100.8958333,43.46854118,False,,,,missing,missing,,,,,,,,23.28619437508113,23.215358740399882,3.627100915,45.0,,0
Albania,ALB,2012,12246499748.0,13.376,1374000000.0,2.35697,,42.0,3514.0,49.40000153,2.031592684,108.1841667,40.35274119,False,,,,missing,missing,,,,,,,,23.22850599825002,23.28619437508113,3.428071301,47.0,,0
Albania,ALB,2013,12796985886.0,15.866,1567000000.0,2.32137,,50.0,3256.0,51.79999924,1.937620802,105.6691667,41.74702605,False,,,,missing,missing,,,,,,,,23.272475502486515,23.22850599825002,2.031592684,49.40000153,,0
Albania,ALB,2014,13296322588.0,18.055,1689000000.0,2.32641,,48.2,3672.6,54.29999924,1.625865044,105.48,40.66550955,False,,,,missing,missing,,,,,,,,23.31075333679888,23.272475502486515,1.937620802,51.79999924,,0
Albania,ALB,2015,11470171827.0,17.193,1311000000.0,2.44379,,42.1,4131.3,56.90000153,1.896174026,125.9616667,33.9038882,False,,,,missing,missing,,,,,,,,23.16301574853346,23.31075333679888,1.625865044,54.29999924,,0
Albania,ALB,2016,11988668785.0,15.418,1338000000.0,2.63697,,58.7,4735.5,59.59999847,1.275431684,124.1425,34.14270258,False,,,,missing,missing,,,,,,,,23.207227772715946,23.16301574853346,1.896174026,56.90000153,,0
Albania,ALB,2017,13258268436.0,13.616,1473000000.0,2.83579,,68.5,5118.0,62.40000153,1.986661332,119.1,35.47924655,False,,,,missing,missing,,,,,,,,23.307887227656735,23.207227772715946,1.275431684,59.59999847,,0
Albania,ALB,2018,15379508330.0,12.304,1750000000.0,3.08301,,87.2,5926.8,65.40000153,2.028059631,107.9891667,39.17315473,False,,,,missing,missing,,,,,,,,23.456301832372475,23.307887227656735,1.986661332,62.40000153,,0
Albania,ALB,2019,15585111614.0,11.466,1852000000.0,3.54724,,101.2,6406.0,68.55039112,1.41109079,109.8508333,36.91418092,False,,,,missing,missing,,,,,,,,23.46958191176984,23.456301832372475,2.028059631,65.40000153,,0
Albania,ALB,2020,15241458745.0,11.639,805000000.0,2.25772,116352.6788,115.3,2657.8,72.23767711,1.620886617,108.65,37.00918764,False,,,,missing,missing,,,,,,,,23.447285100800073,23.46958191176984,1.41109079,68.55039112,,0
Albania,ALB,2021,18031989573.0,11.474,,2.58147,110665.1238,100.2,5688.6,79.32371752,2.041471631,103.52,39.76575393,False,,,,missing,missing,,,,,,,,23.615413215993886,23.447285100800073,1.620886617,72.23767711,,0
Albania,ALB,2022,19017247014.0,10.785,,3.25653,120764.3786,106.3,7543.8,82.61367544,6.725202715,113.0416667,35.03834078,False,,,,missing,missing,,,,,,,,23.668612141947193,23.615413215993886,2.041471631,79.32371752,,0
Albania,ALB,2023,23491242727.0,10.669,,4.64041,116046.8678,,,83.13559161,4.758345552,100.645,39.20193206,False,,,,missing,missing,,,,,,,,23.879893538730396,23.668612141947193,6.725202715,82.61367544,,0
Albania,ALB,2024,27046429297.0,10.689,,5.20878,121016.9455,,,85.86389923,2.215873751,93.12333333,42.59646734,False,,,,missing,missing,,,,,,,,24.02082082971787,23.879893538730396,4.758345552,83.13559161,,0
Andorra,AND,2010,3449925694.0,,,,,592.0,8551.0,81.0,,,97.47717154,False,,,,missing,missing,,,,,,,,21.96161852978672,,,,,0
Andorra,AND,2011,3629133063.0,,,,,87.0,7983.0,81.0,,,100.4760094,False,,,,missing,missing,,,,,,,,22.012259631079957,21.96161852978672,,81.0,,0
Andorra,AND,2012,3188653259.0,,,,,86.0,7900.0,82.69999695,,,91.20388328,False,,,,missing,missing,,,,,,,,21.882864488739777,22.012259631079957,,81.0,,0
Andorra,AND,2013,3193513470.0,,,,,107.0,7676.0,84.40000153,,,93.11780848,False,,,,missing,missing,,,,,,,,21.884387548899717,21.882864488739777,,82.69999695,,0
Andorra,AND,2014,3271686452.0,,,,,117.0,7797.0,86.09999847,,,91.47326928,False,,,,missing,missing,,,,,,,,21.90857142346679,21.884387548899717,,84.40000153,,0
Andorra,AND,2015,2789882569.0,,,,,172.7,7850.4,87.90000153,,,76.19252285,False,,,,missing,missing,,,,,,,,21.74926534192972,21.90857142346679,,86.09999847,,0
Andorra,AND,2016,2896611879.0,,,,,144.5,8025.3,89.69999695,,,75.55961483,False,,,,missing,missing,,,,,,,,21.786807573337605,21.74926534192972,,87.90000153,,0
Andorra,AND,2017,3000160415.0,,,,,130.4,8152.1,91.56746703,,,76.61881617,False,,,,missing,missing,,,,,,,,21.82193159585163,21.786807573337605,,89.69999695,,0
Andorra,AND,2018,3218418632.0,,,,,174.9,8328.3,93.5,,,77.50935228,False,,,,missing,missing,,,,,,,,21.892155967795127,21.82193159585163,,91.56746703,,0
Andorra,AND,2019,3155150256.0,,187000000.0,,,189.4,8235.0,90.71869659,,,71.78382749,False,,,,missing,missing,,,,,,,,21.87230195652823,21.892155967795127,,93.5,,0
Andorra,AND,2020,2891002460.0,,,,,155.0,5206.6,93.20570374,,,71.71606996,False,,,,missing,missing,,,,,,,,21.784869150896895,21.87230195652823,,90.71869659,,0
Andorra,AND,2021,3324648076.0,,,,,133.0,5422.0,93.89749908,,0.845376564,71.50535054,False,,,,missing,missing,,,,,,,,21.92462966364808,21.784869150896895,,93.20570374,,0
Andorra,AND,2022,3380611695.0,,,,,121.0,8426.7,94.05169678,,0.950915534,61.9552137,False,,,,missing,missing,,,,,,,,21.941322504919437,21.92462966364808,,93.89749908,,0
Andorra,AND,2023,3785065525.0,,,,,143.0,,94.21499634,,0.924709623,65.20766802,False,,,,missing,missing,,,,,,,,22.054329035442912,21.941322504919437,,94.05169678,,0
Andorra,AND,2024,4039842405.0,,,,,109.0,,94.39759827,,0.924367447,65.46525622,False,,,,missing,missing,,,,,,,,22.119471519495246,22.054329035442912,,94.21499634,,0
United Arab Emirates,ARE,2014,424936000000.0,1.999,15848000000.0,,,1900.9,16232.4,90.40001071,2.346268657,3.6725,60.27274977,False,,,,missing,missing,,,,,,,,26.775204406295988,,,,,0
United Arab Emirates,ARE,2015,381973000000.0,1.793,16637099609.0,,,4074.1,19313.4,90.5,4.069966084,3.6725,60.70107367,False,,,,missing,missing,,,,,,,,26.66861576242672,26.775204406295988,2.346268657,90.40001071,,0
United Arab Emirates,ARE,2016,381717000000.0,1.64,17127259766.0,,,5056.2,20894.4,90.60000732,1.617488089,3.6725,61.04149338,False,,,,missing,missing,,,,,,,,26.667945333300796,26.66861576242672,4.069966084,90.5,,0
United Arab Emirates,ARE,2017,403365000000.0,2.462,17644699219.0,,,5178.5,21804.7,94.81992254,1.966825578,3.6725,62.22601567,False,,,,missing,missing,,,,,,,,26.723107696183845,26.667945333300796,1.617488089,90.60000732,,0
United Arab Emirates,ARE,2018,440560000000.0,2.236,18004099609.0,,808154.5661,5436.0,23092.4,98.45000178,3.068633793,3.6725,60.86204716,False,,,,missing,missing,,,,,,,,26.811312481900636,26.723107696183845,1.966825578,94.81992254,,0
United Arab Emirates,ARE,2019,433926000000.0,2.331,18382000000.0,6.1,,6080.2,25281.6,99.14999796,-1.931081148,3.6725,57.55542005,False,,,,missing,missing,,,,,,,,26.79613984959642,26.811312481900636,3.068633793,98.45000178,,0
United Arab Emirates,ARE,2020,357162000000.0,4.294,15085000000.0,3.9,,2370.5,8084.2,100.0,-2.079403179,3.6725,56.88181047,False,,,,missing,missing,,,,,,,,26.601455297310963,26.79613984959642,-1.931081148,99.14999796,,0
United Arab Emirates,ARE,2021,422441000000.0,3.105,,6.2,659659.9705,3748.7,12784.2,100.0,0.179935336,3.6725,64.33130528,False,,,,missing,missing,,,,,,,,26.76931562902196,26.601455297310963,-2.079403179,100.0,,0
United Arab Emirates,ARE,2022,511403000000.0,2.872,,,700835.4719,,,100.0,5.291226044,3.6725,67.62578526,False,,,,missing,missing,,,,,,,,26.960423766035802,26.76931562902196,0.179935336,100.0,,0
United Arab Emirates,ARE,2023,522622000000.0,2.151,,,840610.1071,,,100.0,1.626708372,3.6725,63.89515432,False,,,,missing,missing,,,,,,,,26.982124286353137,26.960423766035802,5.291226044,100.0,,0
Argentina,ARG,2010,423627000000.0,7.714,6448000000.0,,,493.971,2697.43,45.0,,3.896295154,57.48742109,True,Digital Nomad Visa,2022-05,2022-05,month,month,2022-05-01,2022-05-01,2022,5,2023,2022,active,26.772119188019165,,,,2023.0,0
Argentina,ARG,2011,530158000000.0,7.18,7602000000.0,,688517.25,508.523,2751.639,51.0,,4.110139576,66.49719553,True,Digital Nomad Visa,2022-05,2022-05,month,month,2022-05-01,2022-05-01,2022,5,2023,2022,active,26.99644091227321,26.772119188019165,,45.0,2023.0,0
Argentina,ARG,2012,545982000000.0,7.217,8466000000.0,,680504.25,450.345,2623.325,55.79999924,,4.53693436,66.64662395,True,Digital Nomad Visa,2022-05,2022-05,month,month,2022-05-01,2022-05-01,2022,5,2023,2022,active,27.025851845114925,26.99644091227321,,51.0,2023.0,0
Argentina,ARG,2013,552025000000.0,7.1,8421000000.0,,673915.5,476.435,2433.216,59.90000153,,5.459352665,65.0493382,True,Digital Nomad Visa,2022-05,2022-05,month,month,2022-05-01,2022-05-01,2022,5,2023,2022,active,27.036859172053024,27.025851845114925,,55.79999924,2023.0,0
Argentina,ARG,2014,526320000000.0,7.268,7837000000.0,,684993.75,511.205,2521.347,64.69999695,,8.075275993,62.77457743,True,Digital Nomad Visa,2022-05,2022-05,month,month,2022-05-01,2022-05-01,2022,5,2023,2022,active,26.989175229724154,27.036859172053024,,59.90000153,2023.0,0
Argentina,ARG,2015,594749000000.0,7.577,9348000000.0,,,525.263,2352.029,68.04306411,,9.233185525,68.74477828,True,Digital Nomad Visa,2022-05,2022-05,month,month,2022-05-01,2022-05-01,2022,5,2023,2022,active,27.111405304749333,26.989175229724154,,64.69999695,2023.0,0
Argentina,ARG,2016,557532000000.0,8.088,12273000000.0,1.91767,,477.3,2314.671,70.96898082,,14.75817509,63.16578659,True,Digital Nomad Visa,2022-05,2022-05,month,month,2022-05-01,2022-05-01,2022,5,2023,2022,active,27.04678573773656,27.111405304749333,,68.04306411,2023.0,0
Argentina,ARG,2017,643628000000.0,8.347,14180000000.0,1.98626,803845.75,559.719,2432.37,74.29490687,,16.56270693,62.14434419,True,Digital Nomad Visa,2022-05,2022-05,month,month,2022-05-01,2022-05-01,2022,5,2023,2022,active,27.190386756401097,27.04678573773656,,70.96898082,2023.0,0
Argentina,ARG,2018,524820000000.0,9.22,13084000000.0,1.83979,807317.0,662.196,2679.605,77.7,34.27722371,28.09499167,48.1467071,True,Digital Nomad Visa,2022-05,2022-05,month,month,2022-05-01,2022-05-01,2022,5,2023,2022,active,26.98632118360623,27.190386756401097,,74.29490687,2023.0,0
Argentina,ARG,2019,447755000000.0,9.843,9845000000.0,1.77327,801681.5,588.0,2920.0,79.94695203,53.54830435,48.14789167,42.33553755,True,Digital Nomad Visa,2022-05,2022-05,month,month,2022-05-01,2022-05-01,2022,5,2023,2022,active,26.827512044770724,26.98632118360623,34.27722371,77.7,2023.0,0
Argentina,ARG,2020,385741000000.0,11.461,2746000000.0,0.88322,625376.25,74.0,634.0,85.51438646,42.01509474,70.53916667,38.11667374,True,Digital Nomad Visa,2022-05,2022-05,month,month,2022-05-01,2022-05-01,2022,5,2023,2022,active,26.678431996744465,26.827512044770724,53.54830435,79.94695203,2023.0,0
Argentina,ARG,2021,486564000000.0,8.736,,0.84015,680154.25,21.2,174.9,87.15070683,48.40937863,94.99074167,40.82853972,True,Digital Nomad Visa,2022-05,2022-05,month,month,2022-05-01,2022-05-01,2022,5,2023,2022,active,26.910634281821615,26.678431996744465,42.01509474,85.51438646,2023.0,0
Argentina,ARG,2022,633994000000.0,6.805,,1.68395,810525.0,213.0,1659.0,88.37535691,72.43075753,130.61655,46.84656561,True,Digital Nomad Visa,2022-05,2022-05,month,month,2022-05-01,2022-05-01,2022,5,2023,2022,active,27.17530532761646,26.910634281821615,48.40937863,87.15070683,2023.0,0
Argentina,ARG,2023,649462000000.0,6.139,,,900854.25,335.0,,89.22897166,133.4889356,296.2580417,47.15220088,True,Digital Nomad Visa,2022-05,2022-05,month,month,2022-05-01,2022-05-01,2022,5,2023,2022,active,27.199410164801996,27.17530532761646,72.43075753,88.37535691,2023.0,1
Argentina,ARG,2024,638365000000.0,7.15,,,1020947.0,352.0,,89.66715228,219.883929,914.6948833,45.83956017,True,Digital Nomad Visa,2022-05,2022-05,month,month,2022-05-01,2022-05-01,2022,5,2023,2022,active,27.182176057017685,27.199410164801996,133.4889356,89.22897166,2023.0,1
Armenia,ARM,2008,11662040714.0,17.1,494000000.0,,50865.0,,,6.21,8.949953354,305.9694003,48.26262631,False,,,,missing,missing,,,,,,,,23.179605020908177,,,,,0
Armenia,ARM,2010,9260285756.0,19.523,641000000.0,,,230.0,683.0,25.0,8.176361385,373.6604667,42.86474056,False,,,,missing,missing,,,,,,,,22.94900074430763,23.179605020908177,8.949953354,6.21,,0
Armenia,ARM,2011,10142111825.0,18.884,756000000.0,,56169.0,235.0,758.0,32.0,7.650008079,372.5008824,43.93278434,False,,,,missing,missing,,,,,,,,23.03996208019022,22.94900074430763,8.176361385,25.0,,0
Armenia,ARM,2012,10619320683.0,17.511,874000000.0,,64862.0,332.0,963.0,37.5,2.558020078,401.7639756,39.26766382,False,,,,missing,missing,,,,,,,,23.085940884895095,23.03996208019022,7.650008079,32.0,,0
Armenia,ARM,2013,11121464437.0,16.576,1007000000.0,,68277.0,412.0,1084.0,41.9,5.789667785,409.6257493,38.92347121,False,,,,missing,missing,,,,,,,,23.13214281107278,23.085940884895095,2.558020078,37.5,,0
Armenia,ARM,2014,11609513247.0,17.498,1101000000.0,,59550.0,428.0,1204.0,54.62280586,2.981308689,415.9197892,39.56476006,False,,,,missing,missing,,,,,,,,23.175090706454323,23.13214281107278,5.789667785,41.9,,0
Armenia,ARM,2015,10553337518.0,18.261,1057000000.0,,69157.0,422.0,1192.0,59.10083377,3.731691193,477.9183066,35.99929073,False,,,,missing,missing,,,,,,,,23.079707999256673,23.175090706454323,2.981308689,54.62280586,,0
Armenia,ARM,2016,10546136236.0,17.617,1033000000.0,,64825.0,401.8,1259.6,64.34602977,-1.403607559,480.4881508,33.34280097,False,,,,missing,missing,,,,,,,,23.079025396234098,23.079707999256673,3.731691193,59.10083377,,0
Armenia,ARM,2017,11527458709.0,17.704,1218000000.0,,67105.0,357.3,1494.8,64.74488433,0.969553269,482.7163938,32.0657414,False,,,,missing,missing,,,,,,,,23.167997740082527,23.079025396234098,-1.403607559,64.34602977,,0
Armenia,ARM,2018,12457940695.0,18.966,1335000000.0,,66594.0,450.9,1651.8,68.24505226,2.52023382,482.9879466,32.58402375,False,,,,missing,missing,,,,,,,,23.24562406337211,23.167997740082527,0.969553269,64.74488433,,0
Armenia,ARM,2019,13619290539.0,18.304,1543000000.0,,73871.0,301.0,1894.4,66.54394969,1.443446608,480.4451288,30.69781253,False,,,,missing,missing,,,,,,,,23.334753046663486,23.24562406337211,2.52023382,68.24505226,,0
Armenia,ARM,2020,12641698583.0,18.175,330000000.0,,76066.84,56.282,375.2,76.50770055,1.211435778,489.0088586,29.02617185,False,,,,missing,missing,,,,,,,,23.260266598203184,23.334753046663486,1.443446608,66.54394969,,0
Armenia,ARM,2021,13878908629.0,15.469,,,69805.74675,154.0,870.3,78.61225758,7.184836294,503.769675,29.42637041,False,,,,missing,missing,,,,,,,,23.353636159899064,23.260266598203184,1.211435778,76.50770055,,0
Armenia,ARM,2022,19513506553.0,13.451,,,80374.0561,559.727,1665.6,77.02767465,8.64091109,435.6661797,34.3034769,False,,,,missing,missing,,,,,,,,23.694372706492732,23.353636159899064,7.184836294,78.61225758,,0
Armenia,ARM,2023,24185982216.0,12.405,,,89490.83789,,,79.99663036,1.980418776,392.4763022,37.8580676,False,,,,missing,missing,,,,,,,,23.90903905500781,23.694372706492732,8.64091109,77.02767465,,0
American Samoa,ASM,2010,573000000.0,,,,,5.873,23.099,,,1.0,,False,,,,missing,missing,,,,,,,,20.166396274679013,,,,,0
American Samoa,ASM,2011,570000000.0,,,,,5.414,22.596,,,1.0,,False,,,,missing,missing,,,,,,,,20.16114691879287,20.166396274679013,,,,0
American Samoa,ASM,2012,640000000.0,,,,,5.51,22.579,,,1.0,,False,,,,missing,missing,,,,,,,,20.276978734317993,20.16114691879287,,,,0
American Samoa,ASM,2013,638000000.0,,,,,4.2,20.8,,,1.0,,False,,,,missing,missing,,,,,,,,20.273848841309064,20.276978734317993,,,,0
American Samoa,ASM,2014,643000000.0,,,,,4.1,21.6,,,1.0,,False,,,,missing,missing,,,,,,,,20.281655282201893,20.273848841309064,,,,0
American Samoa,ASM,2015,673000000.0,,,,,4.0,20.3,,,1.0,,False,,,,missing,missing,,,,,,,,20.327255887609002,20.281655282201893,,,,0
American Samoa,ASM,2016,671000000.0,,,,,3.5,20.1,,,1.0,,False,,,,missing,missing,,,,,,,,20.324279694935957,20.327255887609002,,,,0
American Samoa,ASM,2017,612000000.0,,,,,3.2,20.0,,,1.0,,False,,,,missing,missing,,,,,,,,20.2322428404766,20.324279694935957,,,,0
American Samoa,ASM,2018,639000000.0,,,,,3.548,20.188,,,1.0,,False,,,,missing,missing,,,,,,,,20.27541501234181,20.2322428404766,,,,0
Australia,AUS,2008,1058450000000.0,4.242,25557000000.0,2.7,,,,71.67,4.350297267,1.192178333,132.420225,False,,,,missing,missing,,,,,,,,27.68782668975,,,,,0
Australia,AUS,2009,931762000000.0,5.565,22680000000.0,2.8,,,,74.25,1.771120257,1.28218881,106.2331946,False,,,,missing,missing,,,,,,,,27.56034325421399,27.68782668975,4.350297267,71.67,,0
Australia,AUS,2010,1152570000000.0,5.214,27851000000.0,2.6,,1360.0,5791.0,76.0,2.918337021,1.090159486,132.425617,False,,,,missing,missing,,,,,,,,27.773015347499882,27.56034325421399,1.771120257,74.25,,0
Australia,AUS,2011,1402940000000.0,5.083,33967000000.0,2.6,,1420.0,5771.0,79.48769771,3.303847847,0.969463201,148.9802941,False,,,,missing,missing,,,,,,,,27.969591150631906,27.773015347499882,2.918337021,76.0,,0
Australia,AUS,2012,1552730000000.0,5.225,35226000000.0,2.6,,1455.0,6032.0,79.0,1.762782991,0.965801031,158.8137089,False,,,,missing,missing,,,,,,,,28.07103578792934,27.969591150631906,3.303847847,79.48769771,,0
Australia,AUS,2013,1583740000000.0,5.663,35197000000.0,2.5,,1443.4,6481.7,83.45349717,2.449882481,1.035843097,148.4638326,False,,,,missing,missing,,,,,,,,28.090810254433965,28.07103578792934,1.762782991,79.0,,0
Australia,AUS,2014,1474680000000.0,6.078,35666000000.0,2.7,,1486.4,6921.8,84.0,2.487929321,1.109363293,133.3455434,False,,,,missing,missing,,,,,,,,28.019462133030917,28.090810254433965,2.449882481,83.45349717,,0
Australia,AUS,2015,1356810000000.0,6.055,34071000000.0,2.9,,1579.7,7449.3,84.56051491,1.508368031,1.331090262,122.610283,False,,,,missing,missing,,,,,,,,27.93615747223991,28.019462133030917,2.487929321,84.0,,0
Australia,AUS,2016,1211590000000.0,5.711,35718000000.0,2.9,,1598.5,8268.8,86.54000092,1.276993657,1.345213976,105.5604731,False,,,,missing,missing,,,,,,,,27.822954662516405,27.93615747223991,1.508368031,84.56051491,,0
Australia,AUS,2017,1330890000000.0,5.592,39710000000.0,2.9,414000.0,1743.6,8815.3,86.54504885,1.948643091,1.304758077,111.4336223,False,,,,missing,missing,,,,,,,,27.916869007298168,27.822954662516405,1.276993657,86.54000092,,0
Australia,AUS,2018,1433140000000.0,5.345,42439000000.0,3.1,436400.0,1805.5,9245.6,90.0082016,1.911400028,1.338412146,113.9741264,False,,,,missing,missing,,,,,,,,27.990888957141397,27.916869007298168,1.948643091,86.54504885,,0
Australia,AUS,2019,1398350000000.0,5.143,41345000000.0,2.4,463500.0,1841.5,9465.8,93.60990143,1.610770929,1.438506544,104.3658709,False,,,,missing,missing,,,,,,,,27.96631408605971,27.990888957141397,1.911400028,90.0082016,,0
Australia,AUS,2020,1333340000000.0,6.394,7654000000.0,1.5,311000.0,405.9,1827.7,94.6934967,0.846900735,1.453085118,95.93846426,False,,,,missing,missing,,,,,,,,27.91870818836783,27.96631408605971,1.610770929,93.60990143,,0
Australia,AUS,2021,1560620000000.0,5.022,,1.6,304200.0,54.0,246.3,96.97219849,2.863912847,1.33122426,104.1686911,False,,,,missing,missing,,,,,,,,28.076104294130705,27.91870818836783,0.846900735,94.6934967,,0
Australia,AUS,2022,1695630000000.0,3.728,,2.8,427100.0,737.1,3694.4,96.11940002,6.594096587,1.441664459,98.58757083,False,,,,missing,missing,,,,,,,,28.159075469120463,28.076104294130705,2.863912847,96.97219849,,0
Australia,AUS,2023,1734450000000.0,3.668,,2.9,521800.0,,,96.1160965,5.597017923,1.505191066,90.01790305,False,,,,missing,missing,,,,,,,,28.18171147618949,28.159075469120463,6.594096587,96.11940002,,0
Australia,AUS,2024,1757020000000.0,3.942,,,500900.0,,,96.13140106,3.166566654,1.515358039,89.58941128,False,,,,missing,missing,,,,,,,,28.194640308107992,28.18171147618949,5.597017923,96.1160965,,0
Austria,AUT,2008,429234000000.0,4.198,,,409000.0,,,72.87,3.215950332,0.67992268,125.6648771,False,,,,missing,missing,,,,,,,,26.785268061713623,,,,,0
Austria,AUT,2009,399290000000.0,5.371,,,408000.0,,,73.45,0.506308828,0.716957702,117.6243728,False,,,,missing,missing,,,,,,,,26.712953806875287,26.785268061713623,3.215950332,72.87,,0
Austria,AUT,2010,389828000000.0,4.883,,,408000.0,,,75.17,1.81353439,0.75430899,111.6823492,False,,,,missing,missing,,,,,,,,26.688971453148667,26.712953806875287,0.506308828,73.45,,0
Austria,AUT,2011,428955000000.0,4.637,,,408300.0,,,78.7399931,3.286579149,0.718413899,115.7235406,False,,,,missing,missing,,,,,,,,26.78461785526766,26.688971453148667,1.81353439,75.17,,0
Austria,AUT,2012,406750000000.0,4.909,,,426900.0,,,80.02999392,2.485675622,0.77833812,104.5365733,False,,,,missing,missing,,,,,,,,26.731464583045558,26.78461785526766,3.286579149,78.7399931,,0
Austria,AUT,2013,426581000000.0,5.367,,,416000.0,,,80.6188,2.000156169,0.752945123,105.8617655,False,,,,missing,missing,,,,,,,,26.77906810378271,26.731464583045558,2.485675622,80.02999392,,0
Austria,AUT,2014,438556000000.0,5.674,,,402500.0,,,80.99582496,1.60581183,0.752728197,106.1202441,False,,,,missing,missing,,,,,,,,26.806753348700447,26.77906810378271,2.000156169,80.6188,,0
Austria,AUT,2015,379546000000.0,5.802,11337000000.0,,414600.0,,,83.94014193,0.896563335,0.901296423,88.62933207,False,,,,missing,missing,,,,,,,,26.662241638557713,26.806753348700447,1.60581183,80.99582496,,0
Austria,AUT,2016,393687000000.0,6.064,11634000000.0,,431100.0,,,84.32374257,0.891591753,0.903421436,85.99873424,False,,,,missing,missing,,,,,,,,26.69882201428489,26.662241638557713,0.896563335,83.94014193,,0
Austria,AUT,2017,414926000000.0,5.561,12878000000.0,,429500.0,,,87.93558659,2.081269114,0.885205508,87.55130789,False,,,,missing,missing,,,,,,,,26.7513660280244,26.69882201428489,0.891591753,84.32374257,,0
Austria,AUT,2018,452582000000.0,4.933,14109000000.0,5.19838,428800.0,,,87.47913723,1.998379814,0.846772667,90.39061247,False,,,,missing,missing,,,,,,,,26.838234799138466,26.7513660280244,2.081269114,87.93558659,,0
Austria,AUT,2019,442984000000.0,4.56,13922000000.0,5.33122,451200.0,,,87.75220479,1.530895642,0.893276257,82.65438538,False,,,,missing,missing,,,,,,,,26.81679948895781,26.838234799138466,1.998379814,87.47913723,,0
Austria,AUT,2020,434398000000.0,5.201,5551000000.0,2.69594,402000.0,,,87.52942813,1.381910634,0.875506397,83.2431382,False,,,,missing,missing,,,,,,,,26.797227001503973,26.81679948895781,1.530895642,87.75220479,,0
Austria,AUT,2021,480466000000.0,6.459,,2.16477,389400.0,,,92.52915104,2.766666667,0.845494139,85.19869824,False,,,,missing,missing,,,,,,,,26.898022303227787,26.797227001503973,1.381910634,87.52942813,,0
Austria,AUT,2022,473221000000.0,4.992,,3.77208,428000.0,,,93.61409139,8.546869932,0.949623753,72.40172729,False,,,,missing,missing,,,,,,,,26.882828346764164,26.898022303227787,2.766666667,92.52915104,,0
Austria,AUT,2023,516671000000.0,5.264,,4.24078,435100.0,,,95.33467117,7.81413417,0.924839558,76.1898638,False,,,,missing,missing,,,,,,,,26.970672145253197,26.882828346764164,8.546869932,93.61409139,,0
Azerbaijan,AZE,2010,52909294792.0,5.63,856000000.0,,,548.0,1963.0,46.0,5.726872247,0.80265,39.13846821,False,,,,missing,missing,,,,,,,,24.6918448653291,,,,,0
Azerbaijan,AZE,2011,65952796428.0,5.42,1778000000.0,,,592.0,2239.0,50.0,7.858333333,0.789686389,48.56484539,False,,,,missing,missing,,,,,,,,24.91220511745491,24.6918448653291,5.726872247,46.0,,0
Azerbaijan,AZE,2012,69679944504.0,5.19,2617000000.0,,,595.0,2484.0,54.20000076,1.066213397,0.785645349,46.86630328,False,,,,missing,missing,,,,,,,,24.967178373049467,24.91220511745491,7.858333333,50.0,,0
Azerbaijan,AZE,2013,74160560124.0,4.97,3032000000.0,,,649.0,2509.0,73.00000137,2.415717453,0.784541075,45.60787574,False,,,,missing,missing,,,,,,,,25.02949831108811,24.967178373049467,1.066213397,54.20000076,,0
Azerbaijan,AZE,2014,75239785452.0,4.91,3163000000.0,,,670.4,2297.8,75.00001564,1.373441815,0.7843475,44.92720615,False,,,,missing,missing,,,,,,,,25.043945989860024,25.02949831108811,2.415717453,73.00000137,,0
Azerbaijan,AZE,2015,53076235355.0,4.96,2743000000.0,,,632.3,2006.2,77.0,4.027685737,1.024563819,36.4869265,False,,,,missing,missing,,,,,,,,24.694995119912527,25.043945989860024,1.373441815,75.00001564,,0
Azerbaijan,AZE,2016,37866996883.0,5.0,2593000000.0,3.7,,691.7,2248.8,78.2,12.44337486,1.595721573,26.69742765,False,,,,missing,missing,,,,,,,,24.35734577502909,24.694995119912527,4.027685737,77.0,,0
Azerbaijan,AZE,2017,40866627352.0,5.0,2803000000.0,,,834.4,2696.7,79.0,12.93591842,1.721154802,28.96911514,False,,,,missing,missing,,,,,,,,24.43357960975711,24.35734577502909,12.44337486,78.2,,0
Azerbaijan,AZE,2018,47112470052.0,4.9,2453000000.0,,,787.4,2849.6,79.79999549,2.268546904,1.700016667,31.01350821,False,,,,missing,missing,,,,,,,,24.575803559869524,24.43357960975711,12.93591842,79.0,,0
Azerbaijan,AZE,2019,48174235294.0,5.0,1839000000.0,,,850.5,3170.4,81.09999907,2.610571828,1.7,28.81956276,False,,,,missing,missing,,,,,,,,24.598090177618,24.575803559869524,2.268546904,79.79999549,,0
Azerbaijan,AZE,2020,42693000000.0,7.24,439000000.0,,,177.5,795.7,84.59999573,2.75980947,1.7,27.89521568,False,,,,missing,missing,,,,,,,,24.477300809316045,24.598090177618,2.610571828,81.09999907,,0
Azerbaijan,AZE,2021,54825411765.0,6.04,,,,196.7,791.8,85.99998954,6.650299127,1.7,26.89047947,False,,,,missing,missing,,,,,,,,24.727419641755674,24.477300809316045,2.75980947,84.59999573,,0
Azerbaijan,AZE,2022,78807470588.0,5.65,,2.22808,,400.5,1602.3,88.0,13.85225901,1.7,34.46166794,False,,,,missing,missing,,,,,,,,25.090273633732835,24.727419641755674,6.650299127,85.99998954,,0
Azerbaijan,AZE,2023,72428470588.0,5.64,,3.73161,,,,89.0,8.785430498,1.7,30.13391977,False,,,,missing,missing,,,,,,,,25.005865299205176,25.090273633732835,13.85225901,88.0,,0
Burundi,BDI,2010,2032135192.0,1.615,35000000.0,,,20.0,142.0,1.0,6.493265915,1230.748333,35.31516381,False,,,,missing,missing,,,,,,,,21.432352895945588,,,,,0
Burundi,BDI,2011,2235812880.0,1.602,49000000.0,,,33.0,144.0,1.110000014,9.59216606,1261.073333,36.5965335,False,,,,missing,missing,,,,,,,,21.52787070358541,21.432352895945588,6.493265915,1.0,,0
Burundi,BDI,2012,2327402363.0,1.593,,,,13.0,147.0,1.220000029,18.16104531,1442.505625,36.26517798,False,,,,missing,missing,,,,,,,,21.568018616933774,21.52787070358541,9.59216606,1.110000014,,0
Burundi,BDI,2013,2451624638.0,1.584,,,,17.0,234.0,1.264218111,7.937958075,1555.090833,34.16565159,False,,,,missing,missing,,,,,,,,21.620016759288774,21.568018616933774,18.16104531,1.220000029,,0
Burundi,BDI,2014,2705826648.0,1.572,,,,42.0,235.0,1.042392126,4.405352342,1546.686667,34.58782338,False,,,,missing,missing,,,,,,,,21.718673302558688,21.620016759288774,7.937958075,1.264218111,,0
Burundi,BDI,2015,2810532912.0,1.449,,,,10.0,131.0,2.0,5.544688913,1571.898333,35.23420966,False,,,,missing,missing,,,,,,,,21.75663995070966,21.718673302558688,4.405352342,1.042392126,,0
Burundi,BDI,2016,2618093125.0,1.352,,,,31.0,187.0,2.200000048,5.557689614,1654.626667,30.47798385,False,,,,missing,missing,,,,,,,,21.685712074848084,21.75663995070966,5.544688913,2.0,,0
Burundi,BDI,2017,2831362208.0,1.25,,,,47.0,299.0,2.660748535,16.0525353,1729.055,31.09208343,False,,,,missing,missing,,,,,,,,21.764023778374973,21.685712074848084,5.557689614,2.200000048,,0
Belgium,BEL,2008,517328000000.0,6.976,,,303805.0,,,68.85732214,4.489444205,0.67992268,127.5056746,False,,,,missing,missing,,,,,,,,26.971942939689974,,,,,0
Belgium,BEL,2009,485015000000.0,7.908,20813000000.0,,294573.0,,,74.54414555,-0.053145674,0.716957702,118.5135466,False,,,,missing,missing,,,,,,,,26.90744565524069,26.971942939689974,4.489444205,68.85732214,,0
Belgium,BEL,2010,481557000000.0,8.293,20884000000.0,,306721.0,2407.0,7186.0,77.63978551,2.189299204,0.75430899,110.9372964,False,,,,missing,missing,,,,,,,,26.90029044124053,26.90744565524069,-0.053145674,74.54414555,,0
Belgium,BEL,2011,527197000000.0,7.14,22836000000.0,,314393.0,2608.0,7494.0,81.609996,3.532082107,0.718413899,115.7982886,False,,,,missing,missing,,,,,,,,26.990840129678457,26.90029044124053,2.189299204,77.63978551,,0
Belgium,BEL,2012,498414000000.0,7.542,22357000000.0,,312470.0,2788.0,7560.0,80.71999055,2.839663434,0.77833812,105.6272304,False,,,,missing,missing,,,,,,,,26.934696893912783,26.990840129678457,3.532082107,81.609996,,0
Belgium,BEL,2013,524097000000.0,8.425,24507000000.0,,314833.0,2838.0,7684.0,82.1702,1.11309594,0.752945123,107.0683607,False,,,,missing,missing,,,,,,,,26.984942618639696,26.934696893912783,2.839663434,80.71999055,,0
Belgium,BEL,2014,537987000000.0,8.523,26444000000.0,,309800.0,2842.2,7887.4,85.00123795,0.340002833,0.752728197,106.3084927,False,,,,missing,missing,,,,,,,,27.01110023324748,26.984942618639696,1.11309594,82.1702,,0
Belgium,BEL,2015,461045000000.0,8.482,15856000000.0,,311240.0,2904.5,8354.7,85.05294175,0.561429153,0.901296423,88.76080935,False,,,,missing,missing,,,,,,,,26.856761489062,27.01110023324748,0.340002833,85.00123795,,0
Belgium,BEL,2016,474272000000.0,7.83,16522000000.0,2.18169,317074.0,2671.6,7481.4,86.51647666,1.973852647,0.903421436,86.45035071,False,,,,missing,missing,,,,,,,,26.885046833720917,26.856761489062,0.561429153,85.05294175,,0
Belgium,BEL,2017,500909000000.0,7.09,17835000000.0,,314787.0,2940.1,8384.5,87.67968082,2.12597086,0.885205508,87.62191296,False,,,,missing,missing,,,,,,,,26.93969028480678,26.885046833720917,1.973852647,86.51647666,,0
Belgium,BEL,2018,542639000000.0,5.941,20789000000.0,,328266.0,3070.4,9118.8,88.647343,2.053164999,0.846772667,90.5091803,False,,,,missing,missing,,,,,,,,27.01971011074014,26.93969028480678,2.12597086,87.67968082,,0
Belgium,BEL,2019,536726000000.0,5.364,20998000000.0,1.855,366039.0,3148.4,9343.3,90.27542801,1.43681957,0.893276257,82.37451675,False,,,,missing,missing,,,,,,,,27.008753559151824,27.01971011074014,2.053164999,88.647343,,0
Belgium,BEL,2020,529694000000.0,5.545,13928000000.0,3.16,335920.0,840.174,2584.0,91.52641629,0.740791812,0.875506397,81.80008764,False,,,,missing,missing,,,,,,,,26.99556531826642,27.008753559151824,1.43681957,90.27542801,,0
Belgium,BEL,2021,598522000000.0,6.248,,3.54,315853.0,1035.65,3243.1,92.78867618,2.440248511,0.845494139,85.14736731,False,,,,missing,missing,,,,,,,,27.117729119831935,26.99556531826642,0.740791812,91.52641629,,0
Belgium,BEL,2022,591086000000.0,5.57,,3.43,353653.0,2371.377,8220.2,94.00783071,9.597511729,0.949623753,73.51890659,False,,,,missing,missing,,,,,,,,27.105227359840523,27.117729119831935,2.440248511,92.78867618,,0
Belgium,BEL,2023,651331000000.0,5.547,,,,2849.0,,94.62625074,4.049010776,0.924839558,76.06357163,False,,,,missing,missing,,,,,,,,27.202283798479527,27.105227359840523,9.597511729,94.00783071,,0
Belgium,BEL,2024,671370000000.0,5.7,,,,2984.0,,95.77579144,3.143491365,0.923889546,76.23075756,False,,,,missing,missing,,,,,,,,27.232586237741586,27.202283798479527,4.049010776,94.62625074,,0
Benin,BEN,2010,9535345016.0,1.04,91000000.0,,,96.0,199.0,3.13,2.207835325,494.7942622,43.83334424,False,,,,missing,missing,,,,,,,,22.97827125950777,,,,,0
Benin,BEN,2011,10693321364.0,2.647,81000000.0,,,94.0,209.0,4.148323066,2.704239077,471.2486257,46.77649256,False,,,,missing,missing,,,,,,,,23.092885211949305,22.97827125950777,2.207835325,3.13,,0
Benin,BEN,2012,11141358116.0,2.458,96000000.0,,,99.0,220.0,4.5,6.744682533,510.5563385,45.67294959,False,,,,missing,missing,,,,,,,,23.1339299774797,23.092885211949305,2.704239077,4.148323066,,0
Benin,BEN,2013,12517845124.0,2.198,39500000.0,,,114.0,231.0,4.900000095,0.428888889,493.8996239,46.540145,False,,,,missing,missing,,,,,,,,23.250421073108445,23.1339299774797,6.744682533,4.5,,0
Benin,BEN,2014,13284527847.0,1.952,54200000.76,,,124.0,242.4,6.0,-0.548757551,493.7573299,45.10156323,False,,,,missing,missing,,,,,,,,23.309865875217998,23.250421073108445,0.428888889,4.900000095,,0
Benin,BEN,2015,11388160997.0,1.886,141000000.0,,,136.2,254.5,11.25500011,0.218785924,591.211698,36.78146143,False,,,,missing,missing,,,,,,,,23.15584014368763,23.309865875217998,-0.548757551,6.0,,0
Benin,BEN,2016,11821065853.0,1.834,87000000.0,,,140.0,267.3,14.5,-0.793310146,592.6056151,35.55683111,False,,,,missing,missing,,,,,,,,23.193149018547626,23.15584014368763,0.218785924,11.25500011,,0
Benin,BEN,2017,12701655837.0,1.691,148000000.0,,,145.6,280.7,18.7,0.043264856,580.6567496,36.55623315,False,,,,missing,missing,,,,,,,,23.26499820277825,23.193149018547626,-0.793310146,14.5,,0
Benin,BEN,2018,14262408090.0,1.426,76000000.0,,,160.3,294.7,19.0,0.919170718,555.4464584,38.84053993,False,,,,missing,missing,,,,,,,,23.38089310794206,23.26499820277825,0.043264856,18.7,,0
Benin,BEN,2019,14391686313.0,1.214,130000000.0,,,171.2,309.4,20.50099945,0.732849371,585.9508138,35.91072228,False,,,,missing,missing,,,,,,,,23.389916537428814,23.38089310794206,0.919170718,19.0,,0
Benin,BEN,2020,15686741884.0,1.518,,,,153.6,324.9,22.12059975,3.022721197,574.2945496,36.9906554,False,,,,missing,missing,,,,,,,,23.476081726551147,23.389916537428814,0.732849371,20.50099945,,0
Burkina Faso,BFA,2010,10109619741.0,3.725,110000000.0,,,263.0,427.0,2.400000095,-0.764230735,494.7942622,43.11768288,False,,,,missing,missing,,,,,,,,23.036753257105264,,,,,0
Burkina Faso,BFA,2011,12080295978.0,3.827,129000000.0,,,256.0,434.0,3.0,2.759767249,471.2486257,47.34566891,False,,,,missing,missing,,,,,,,,23.21484153064299,23.036753257105264,-0.764230735,2.400000095,,0
Burkina Faso,BFA,2012,12561015157.0,3.849,146000000.0,,,290.6,483.0,3.724999905,3.818152403,510.5563385,46.53595,False,,,,missing,missing,,,,,,,,23.25386381932224,23.21484153064299,2.759767249,3.0,,0
Burkina Faso,BFA,2013,13444300486.0,4.054,215000000.0,,,319.0,506.0,5.0,0.533738507,493.8996239,46.24540167,False,,,,missing,missing,,,,,,,,23.321821097496713,23.25386381932224,3.818152403,3.724999905,,0
Burkina Faso,BFA,2014,13943016077.0,4.255,176000000.0,,,278.0,486.0,6.0,-0.258089518,493.7573299,46.03945757,False,,,,missing,missing,,,,,,,,23.35824458021034,23.321821097496713,0.533738507,5.0,,0
Burkina Faso,BFA,2015,11832159316.0,4.472,160000000.0,,,275.2,474.5,6.545700073,0.724838981,591.211698,37.25067638,False,,,,missing,missing,,,,,,,,23.19408702710537,23.35824458021034,-0.258089518,6.0,,0
Burkina Faso,BFA,2016,12833363045.0,4.598,176000000.0,,,306.4,488.4,7.140999794,0.441041448,592.6056151,35.27244398,False,,,,missing,missing,,,,,,,,23.275314104764163,23.19408702710537,0.724838981,6.545700073,,0
Burkina Faso,BFA,2017,14106955615.0,4.662,182000000.0,,,317.6,512.5,7.790400028,1.482998972,580.6567496,34.71849348,False,,,,missing,missing,,,,,,,,23.369933818723485,23.275314104764163,0.441041448,7.140999794,,0
Burkina Faso,BFA,2018,15890066221.0,4.695,191000000.0,,,343.5,540.4,8.498900414,1.955943027,555.4464584,37.49851888,False,,,,missing,missing,,,,,,,,23.488959984950167,23.369933818723485,1.482998972,7.790400028,,0
Burkina Faso,BFA,2019,16032813503.0,4.493,185199996.9,,,372.8,569.4,9.27180601,-3.23338934,585.9110132,34.26511144,False,,,,missing,missing,,,,,,,,23.497903303014105,23.488959984950167,1.955943027,8.498900414,,0
Burkina Faso,BFA,2020,17725010533.0,4.59,,,,247.47,435.6,12.97319984,1.884700665,575.5860045,34.6632976,False,,,,missing,missing,,,,,,,,23.598242503609843,23.497903303014105,-3.23338934,9.27180601,,0
Burkina Faso,BFA,2021,19697516284.0,4.511,,,,284.01,519.8,18.1522007,3.653267618,554.530675,36.01689784,False,,,,missing,missing,,,,,,,,23.703758387787673,23.598242503609843,1.884700665,12.97319984,,0
Burkina Faso,BFA,2022,18622421395.0,3.828,,,,270.982,530.7,25.3987999,14.29023543,623.7597009,31.2811604,False,,,,missing,missing,,,,,,,,23.64763214303654,23.703758387787673,3.653267618,18.1522007,,0
Burkina Faso,BFA,2023,20112614449.0,3.601,,,,296.608,,25.36120033,0.742910429,606.5697502,31.61955185,False,,,,missing,missing,,,,,,,,23.72461303968999,23.64763214303654,14.29023543,25.3987999,,0
Burkina Faso,BFA,2024,23124729853.0,3.441,,,,255.131,,28.25270081,4.190817213,606.3452976,33.86690204,False,,,,missing,missing,,,,,,,,23.86416843824423,23.72461303968999,0.742910429,25.36120033,,0
Bangladesh,BGD,2017,293732000000.0,4.372,1127000000.0,,1799462.909,,,21.5,5.702070157,80.43754167,37.09252545,False,,,,missing,missing,,,,,,,,26.40593362393155,,,,,0
Bangladesh,BGD,2019,351232000000.0,4.504,1389000000.0,3.02,,,,30.38310051,5.591996399,84.4535225,35.22003128,False,,,,missing,missing,,,,,,,,26.584712810729666,26.40593362393155,5.702070157,21.5,,0
Bangladesh,BGD,2022,460132000000.0,4.593,,,3553731.246,,,41.61650085,7.696954372,91.74545444,32.15076911,False,,,,missing,missing,,,,,,,,26.854779241787142,26.584712810729666,5.591996399,30.38310051,,0
Bangladesh,BGD,2023,437415000000.0,3.352,,,3719067.435,,,44.50274195,9.883503038,106.3094843,27.86378286,False,,,,missing,missing,,,,,,,,26.80414823815388,26.854779241787142,7.696954372,41.61650085,,0
Bahrain,BHR,2011,29914680851.0,1.21,899000000.0,,,650.0,6732.0,76.9999665,-0.400040697,0.376,47.52087704,False,,,,missing,missing,,,,,,,,24.121615195204004,,,,,0
Bahrain,BHR,2015,32523297872.0,1.164,4939000000.0,5.17559,,2394.0,9669.5,93.4783008,1.848627424,0.376,49.41069477,False,,,,missing,missing,,,,,,,,24.20522252706242,24.121615195204004,-0.400040697,76.9999665,,0
Bahrain,BHR,2016,33884680851.0,1.19,3267000000.0,6.89328,,1526.0,10158.0,97.9999807,2.786793476,0.376,50.18037629,False,,,,missing,missing,,,,,,,,24.246228856897833,24.20522252706242,1.848627424,93.4783008,,0
Bahrain,BHR,2017,37204813830.0,1.18,3178000000.0,6.93861,,677.0,11374.0,95.87813575,1.386718306,0.376,49.387299,False,,,,missing,missing,,,,,,,,24.33970399388579,24.246228856897833,2.786793476,97.9999807,,0
Bahrain,BHR,2018,39567978723.0,1.188,2522000000.0,5.78345,,824.2,12044.7,98.64467258,2.08766938,0.376,50.63054726,False,,,,missing,missing,,,,,,,,24.401286009992816,24.33970399388579,1.386718306,95.87813575,,0
Bahrain,BHR,2019,40446808511.0,1.217,2637000000.0,6.21983,,895.2,11061.2,99.70150438,1.005820047,0.376,48.16249885,False,,,,missing,missing,,,,,,,,24.423253577733725,24.401286009992816,2.08766938,98.64467258,,0
Bahrain,BHR,2020,35837632979.0,1.765,,1.46388,66049.0,62.91567369,1909.0,99.67103159,-2.317706293,0.376,45.55511269,False,,,,missing,missing,,,,,,,,24.30226437875941,24.423253577733725,1.005820047,99.70150438,,0
Bahrain,BHR,2021,40840212766.0,1.548,,3.03483,68910.0,166.0,3612.0,100.0,-0.606319385,0.376,49.40036129,False,,,,missing,missing,,,,,,,,24.432933039974653,24.30226437875941,-2.317706293,99.67103159,,0
Bahrain,BHR,2022,46458191489.0,1.265,,5.64767,109305.0,289.0,9948.6,100.0,3.625741043,0.376,49.41068567,False,,,,missing,missing,,,,,,,,24.561818637336454,24.432933039974653,-0.606319385,100.0,,0
Bahrain,BHR,2023,46192260638.0,1.049,,7.13505,,304.942883,,100.0,0.074620678,0.376,45.60622024,False,,,,missing,missing,,,,,,,,24.556078102343278,24.561818637336454,3.625741043,100.0,,0
Bahrain,BHR,2024,47109734309.0,1.084,,,,367.0,,100.0,0.91963546,0.376,44.20213929,False,,,,missing,missing,,,,,,,,24.57574548984199,24.556078102343278,0.074620678,100.0,,0
Bosnia and Herzegovina,BIH,2013,18179109209.0,27.49,198000000.0,,,213.0,529.0,48.52130127,-0.093045684,1.473051323,46.58061035,False,,,,missing,missing,,,,,,,,23.623538926090443,,,,,0
Bosnia and Herzegovina,BIH,2014,18558734107.0,27.517,205000000.0,,,172.0,536.0,49.91770172,-0.897194054,1.474169187,46.61653399,False,,,,missing,missing,,,,,,,,23.644206356536557,23.623538926090443,-0.093045684,48.52130127,,0
Bosnia and Herzegovina,BIH,2015,16404348361.0,27.695,278000000.0,,,155.0,678.0,52.59999847,-1.036023034,1.763491647,39.3590345,False,,,,missing,missing,,,,,,,,23.52081228059553,23.644206356536557,-0.897194054,49.91770172,,0
Bosnia and Herzegovina,BIH,2016,17116926554.0,25.408,290000000.0,,,170.0,778.0,60.25653543,-1.584008333,1.768139024,38.20758595,False,,,,missing,missing,,,,,,,,23.563333667828744,23.52081228059553,-1.036023034,52.59999847,,0
Bosnia and Herzegovina,BIH,2017,18326373136.0,20.527,346000000.0,,,187.0,923.0,64.89202051,0.810039425,1.735352713,39.22350455,False,,,,missing,missing,,,,,,,,23.631607014299284,23.563333667828744,-1.584008333,60.25653543,,0
Bosnia and Herzegovina,BIH,2018,20484058033.0,18.4,378000000.0,,,222.0,1053.0,70.12013504,1.41710814,1.656985441,40.70260317,False,,,,missing,missing,,,,,,,,23.742912763631942,23.631607014299284,0.810039425,64.89202051,,0
Bosnia and Herzegovina,BIH,2019,20482608984.0,15.692,393000000.0,,,236.0,1198.0,69.94634763,0.562782154,1.747086461,37.26631119,False,,,,missing,missing,,,,,,,,23.742842020800946,23.742912763631942,1.41710814,70.12013504,,0
Bosnia and Herzegovina,BIH,2020,20226038370.0,15.868,163000000.0,,,46.0,196.0,73.21175294,-1.051296008,1.716970495,37.44859274,False,,,,missing,missing,,,,,,,,23.730236639487778,23.742842020800946,0.562782154,69.94634763,,0
Bosnia and Herzegovina,BIH,2021,23672712121.0,14.897,,,,90.7,501.9,75.67620138,1.981639006,1.653606154,39.89434478,False,,,,missing,missing,,,,,,,,23.887588834432325,23.730236639487778,-1.051296008,73.21175294,,0
Bosnia and Herzegovina,BIH,2022,24534663636.0,12.657,,,,144.0,915.1,78.8455371,14.02084408,1.859325877,35.35858203,False,,,,missing,missing,,,,,,,,23.923352796836525,23.887588834432325,1.981639006,75.67620138,,0
Bosnia and Herzegovina,BIH,2023,27592361498.0,10.668,,,,144.0,,83.3771539,6.105901128,1.8092028,37.05899007,False,,,,missing,missing,,,,,,,,24.0408048140463,23.923352796836525,14.02084408,78.8455371,,0
Bosnia and Herzegovina,BIH,2024,29613572023.0,10.69,,,,140.0,,86.10091103,,1.807563562,37.37038584,False,,,,missing,missing,,,,,,,,24.11149860748141,24.0408048140463,6.105901128,83.3771539,,0
Belarus,BLR,2010,57231904543.0,6.052,748000000.0,,,372.0,5674.0,31.8,7.735748043,0.297851,39.34180552,False,,,,missing,missing,,,,,,,,24.7703773515661,,,,,0
Belarus,BLR,2011,61762382328.0,6.024,729000000.0,,,413.0,5877.0,39.64889566,53.22869831,0.497463333,39.41061382,False,,,,missing,missing,,,,,,,,24.846560315882705,24.7703773515661,7.735748043,31.8,,0
Belarus,BLR,2012,65685890439.0,5.962,948000000.0,,,407.0,6130.0,46.91,59.21973602,0.833689833,38.38427572,False,,,,missing,missing,,,,,,,,24.908149981976045,24.846560315882705,53.22869831,39.64889566,,0
Belarus,BLR,2013,75527558966.0,5.942,1333000000.0,,,376.0,6242.0,54.17,18.31226104,0.88800525,42.06404713,False,,,,missing,missing,,,,,,,,25.047763446015228,24.908149981976045,59.21973602,46.91,,0
Belarus,BLR,2014,78813069121.0,5.908,1308000000.0,1.78462,,349.0,5375.0,59.01631871,18.11955435,1.02241025,43.81431133,False,,,,missing,missing,,,,,,,,25.090344671847696,25.047763446015228,18.31226104,54.17,,0
Belarus,BLR,2015,56454769845.0,5.881,997000000.0,,,281.0,4386.0,62.23036091,13.53448976,1.592598833,32.90619929,False,,,,missing,missing,,,,,,,,24.756705620783766,25.090344671847696,18.11955435,59.01631871,,0
Belarus,BLR,2016,47723545321.0,5.844,891000000.0,2.23041,,2756.0,10935.0,71.11304576,11.83658077,1.989562833,28.26177967,False,,,,missing,missing,,,,,,,,24.588690725653663,24.756705620783766,13.53448976,62.23036091,,0
Belarus,BLR,2017,54725405751.0,5.648,1082000000.0,,,2787.0,11060.0,74.43644541,6.031837252,1.932341667,31.41970367,False,,,,missing,missing,,,,,,,,24.725593894690576,24.588690725653663,11.83658077,71.11304576,,0
Belarus,BLR,2018,60031026576.0,4.763,1170000000.0,2.49756,,2668.4,11501.6,79.12988669,4.872302206,2.037608333,31.75893019,False,,,,missing,missing,,,,,,,,24.818127375113416,24.725593894690576,6.031837252,74.43644541,,0
Belarus,BLR,2019,64410170653.0,4.165,1224500000.0,,,2892.9,11832.0,82.78915209,5.59815595,2.091783333,30.66047041,False,,,,missing,missing,,,,,,,,24.888537386981596,24.818127375113416,4.872302206,79.12988669,,0
Belarus,BLR,2020,61371673345.0,4.049,477000000.0,1.4,195399.0,823.3,3598.4,85.08791245,5.548143575,2.439575,26.30578613,False,,,,missing,missing,,,,,,,,24.84021421947398,24.888537386981596,5.59815595,82.78915209,,0
Belarus,BLR,2021,69673747132.0,3.9,,,192069.0,728.9,3361.0,86.88841196,9.460283896,2.538675,27.12567488,False,,,,missing,missing,,,,,,,,24.967089428552466,24.84021421947398,5.548143575,85.08791245,,0
Belarus,BLR,2022,73775179925.0,3.574,,1.9,231480.0,732.3,4920.4,89.50733148,15.20967527,2.6261,28.12542147,False,,,,missing,missing,,,,,,,,25.024288196606733,24.967089428552466,9.460283896,86.88841196,,0
Belarus,BLR,2023,72478760370.0,3.461,,,229899.0,,,91.51249979,5.000599031,3.00735,25.58930131,False,,,,missing,missing,,,,,,,,25.006559395471964,25.024288196606733,15.20967527,89.50733148,,0
Belarus,BLR,2024,75961865472.0,3.458,,,228768.0,,,94.26182128,5.785319104,3.246191667,25.94678353,False,,,,missing,missing,,,,,,,,25.053497281198734,25.006559395471964,5.000599031,91.51249979,,0
Belize,BLZ,2010,1748988400.0,8.412,39000000.0,,,11.0,242.0,28.2,0.917977379,2.0,56.0269292,False,,,,missing,missing,,,,,,,,21.28230340059953,,,,,0
Belize,BLZ,2011,1831576700.0,8.424,37000000.0,,,12.0,250.0,30.70000076,1.602056156,2.0,57.56141543,False,,,,missing,missing,,,,,,,,21.328443017548153,21.28230340059953,0.917977379,28.2,,0
Belize,BLZ,2012,1917083500.0,8.378,39000000.0,,,13.0,277.0,31.0,1.300580745,2.0,61.6191758,False,,,,missing,missing,,,,,,,,21.37407085770346,21.328443017548153,1.602056156,30.70000076,,0
Belize,BLZ,2013,2035191450.0,8.349,42000000.0,,,13.0,294.0,33.59999847,0.509747769,2.0,62.53889666,False,,,,missing,missing,,,,,,,,21.43385573003993,21.37407085770346,1.300580745,31.0,,0
Belize,BLZ,2014,2138242200.0,8.244,51000000.0,,,17.0,321.0,38.70000076,1.201399645,2.0,64.57510241,False,,,,missing,missing,,,,,,,,21.48324992657565,21.43385573003993,0.509747769,33.59999847,,0
Belize,BLZ,2015,2193095150.0,7.578,50000000.0,,,15.0,341.1,41.59000015,-0.861584009,2.0,64.52477447,False,,,,missing,missing,,,,,,,,21.508579693493825,21.48324992657565,1.201399645,38.70000076,,0
Belize,BLZ,2016,2239604950.0,7.0,55000000.0,,,14.2,385.6,44.57569885,0.663427168,2.0,65.33507643,False,,,,missing,missing,,,,,,,,21.52956532565268,21.508579693493825,-0.861584009,41.59000015,,0
Belize,BLZ,2017,2266028250.0,6.596,53000000.0,,,17.0,427.0,48.8771019,1.147653393,2.0,66.57258272,False,,,,missing,missing,,,,,,,,21.541294466376545,21.52956532565268,0.663427168,44.57569885,,0
Belize,BLZ,2018,2285915050.0,9.346,50000000.0,,,11.4,489.2,53.59360123,0.269982623,2.0,63.30253482,False,,,,missing,missing,,,,,,,,21.550032240648665,21.541294466376545,1.147653393,48.8771019,,0
Belize,BLZ,2019,2381187850.0,9.053,45400001.53,,,13.2,503.2,58.76520157,0.187069385,2.0,58.77749324,False,,,,missing,missing,,,,,,,,21.590865296761148,21.550032240648665,0.269982623,53.59360123,,0
Belize,BLZ,2020,2047284600.0,10.763,22040000.92,,,9.0,144.1,64.43589783,0.121434645,2.0,54.3479383,False,,,,missing,missing,,,,,,,,21.439780166692234,21.590865296761148,0.187069385,58.76520157,,0
Belize,BLZ,2021,2428606250.0,10.302,,,,15.6,219.1,70.65370178,3.235636592,2.0,52.43101716,False,,,,missing,missing,,,,,,,,21.610583370079816,21.439780166692234,0.121434645,64.43589783,,0
Bolivia,BOL,2010,19649723722.0,2.609,421000000.0,,,,679.0,22.39999962,2.503276058,7.016666667,37.83498283,False,,,,missing,missing,,,,,,,,23.70132911521373,,,,,0
Bolivia,BOL,2011,23963164697.0,2.255,410000000.0,,,,711.0,30.0,9.884464198,6.9369625,42.97143289,False,,,,missing,missing,,,,,,,,23.899783683984055,23.70132911521373,2.503276058,22.39999962,,0
Bolivia,BOL,2012,27084497482.0,2.066,502000000.0,,,,798.0,35.34,4.515602914,6.91,43.89987272,False,,,,missing,missing,,,,,,,,24.022227352515134,23.899783683984055,9.884464198,30.0,,0
Bolivia,BOL,2013,30659338886.0,2.437,660000000.0,,,,798.0,36.99,5.736400237,6.91,43.55336665,False,,,,missing,missing,,,,,,,,24.146203147404826,24.022227352515134,4.515602914,35.34,,0
Bolivia,BOL,2014,32996188017.0,2.021,953000000.0,,462560.0,,870.6,34.60162023,5.766600746,6.91,43.15805385,False,,,,missing,missing,,,,,,,,24.219657877104197,24.146203147404826,5.736400237,36.99,,0
Bolivia,BOL,2015,33000198249.0,3.111,849000000.0,,238713.0,,881.6,37.48681763,4.059610411,6.91,41.89029913,False,,,,missing,missing,,,,,,,,24.2197794059403,24.219657877104197,5.766600746,34.60162023,,0
Bolivia,BOL,2016,33941126194.0,3.498,960000000.0,,503421.0086,,960.9,39.69749832,3.623214318,6.91,40.22141208,False,,,,missing,missing,,,,,,,,24.247893278111235,24.2197794059403,4.059610411,37.48681763,,0
Bolivia,BOL,2017,45927439595.0,3.655,997000000.0,,574934.2665,,1108.5,43.83229828,2.822758055,6.91,38.85075601,False,,,,missing,missing,,,,,,,,24.550328587921417,24.247893278111235,3.623214318,39.69749832,,0
Bolivia,BOL,2018,48414038842.0,3.519,1009000000.0,,633739.8256,,1141.9,44.2861422,2.272059872,6.91,39.10295525,False,,,,missing,missing,,,,,,,,24.60305566732911,24.550328587921417,2.822758055,43.83229828,,0
Bolivia,BOL,2019,49056643589.0,3.682,1111000000.0,,711667.2894,,1239.3,47.47481911,1.83954505,6.91,38.1919099,False,,,,missing,missing,,,,,,,,24.616241459025456,24.60305566732911,2.272059872,44.2861422,,0
Bolivia,BOL,2020,42313784081.0,7.903,325000000.0,,573264.3332,,323.2,59.94010155,0.940742153,6.91,37.37575928,False,,,,missing,missing,,,,,,,,24.468378734715294,24.616241459025456,1.83954505,47.47481911,,0
Bolivia,BOL,2021,47877892402.0,5.089,,,733154.1009,,179.9,65.9773785,0.737383721,6.91,35.80255895,False,,,,missing,missing,,,,,,,,24.59191969832984,24.468378734715294,0.940742153,59.94010155,,0
Bolivia,BOL,2022,50959081954.0,3.552,,,872744.7435,,724.0,72.62270355,1.746328729,6.91,34.29123886,False,,,,missing,missing,,,,,,,,24.65428883301665,24.59191969832984,0.737383721,65.9773785,,0
Bolivia,BOL,2023,52340206946.0,3.024,,,897389.2236,,,77.30039978,2.576888005,6.91,33.13020783,False,,,,missing,missing,,,,,,,,24.68103068791908,24.65428883301665,1.746328729,72.62270355,,0
Brazil,BRA,2010,2208840000000.0,8.42,18883000000.0,,,1203.0,5162.0,40.65,5.038726901,1.759226711,78.9060777,True,VITEM XIV,2021,1/24/22,year,day,2021-01-01,2022-01-24,2022,1,2022,2022,active,28.423488606779042,,,,2022.0,0
Brazil,BRA,2011,2616160000000.0,7.578,24608000000.0,,,1391.0,5433.0,45.69,6.636449622,1.672828755,88.06736459,True,VITEM XIV,2021,1/24/22,year,day,2021-01-01,2022-01-24,2022,1,2022,2022,active,28.592728709732686,28.423488606779042,5.038726901,40.65,2022.0,0
Brazil,BRA,2012,2465230000000.0,7.251,26008000000.0,,5829399.003,1431.0,5677.0,48.56,5.40349914,1.953068611,82.39011859,True,VITEM XIV,2021,1/24/22,year,day,2021-01-01,2022-01-24,2022,1,2022,2022,active,28.533306225358473,28.592728709732686,6.636449622,45.69,2022.0,0
Brazil,BRA,2013,2472820000000.0,7.071,29286000000.0,,6044572.658,1523.0,5813.0,51.04,6.204310666,2.156089151,79.24327006,True,VITEM XIV,2021,1/24/22,year,day,2021-01-01,2022-01-24,2022,1,2022,2022,active,28.536380315729023,28.533306225358473,5.40349914,48.56,2022.0,0
Brazil,BRA,2014,2456040000000.0,6.755,29998000000.0,,6272666.247,1408.0,6430.0,54.55100188,6.329040155,2.352951963,77.55579055,True,VITEM XIV,2021,1/24/22,year,day,2021-01-01,2022-01-24,2022,1,2022,2022,active,28.52957141272577,28.536380315729023,6.204310666,51.04,2022.0,0
Brazil,BRA,2015,1802210000000.0,8.538,20356000000.0,,6422451.05,1274.0,6306.0,58.32795173,9.029901024,3.326904383,60.29237126,True,VITEM XIV,2021,1/24/22,year,day,2021-01-01,2022-01-24,2022,1,2022,2022,active,28.220034805505676,28.52957141272577,6.329040155,54.55100188,2022.0,0
Brazil,BRA,2016,1795690000000.0,11.58,17068000000.0,,6675106.261,1224.2,6546.6,60.87254007,8.739143523,3.491313422,61.75245807,True,VITEM XIV,2021,1/24/22,year,day,2021-01-01,2022-01-24,2022,1,2022,2022,active,28.216410465119818,28.220034805505676,9.029901024,58.32795173,2022.0,0
Brazil,BRA,2017,2063510000000.0,12.792,22991000000.0,,7101852.163,1027.8,6588.7,67.47128452,3.44637335,3.191389446,69.23878997,True,VITEM XIV,2021,1/24/22,year,day,2021-01-01,2022-01-24,2022,1,2022,2022,active,28.355429532262512,28.216410465119818,8.739143523,60.87254007,2022.0,0
Brazil,BRA,2018,1916930000000.0,12.329,22229000000.0,,7354116.017,893.9,6621.4,70.43428254,3.664850284,3.653825361,60.14495886,True,VITEM XIV,2021,1/24/22,year,day,2021-01-01,2022-01-24,2022,1,2022,2022,active,28.281746063936726,28.355429532262512,3.44637335,67.47128452,2022.0,0
Brazil,BRA,2019,1873290000000.0,11.936,21178000000.0,,7676644.195,978.4,6353.2,73.91243991,3.732976212,3.944471097,56.19119034,True,VITEM XIV,2021,1/24/22,year,day,2021-01-01,2022-01-24,2022,1,2022,2022,active,28.258717359225898,28.281746063936726,3.664850284,70.43428254,2022.0,0
Brazil,BRA,2020,1476110000000.0,13.697,6490000000.0,,6038726.944,,,81.34269353,3.211768038,5.155178788,43.93467569,True,VITEM XIV,2021,1/24/22,year,day,2021-01-01,2022-01-24,2022,1,2022,2022,active,28.02043136507518,28.258717359225898,3.732976212,73.91243991,2022.0,0
Brazil,BRA,2021,1670650000000.0,13.158,,,6155291.274,,,80.68989314,8.301659756,5.39440079,44.1063638,True,VITEM XIV,2021,1/24/22,year,day,2021-01-01,2022-01-24,2022,1,2022,2022,active,28.14423388818704,28.02043136507518,3.211768038,81.34269353,2022.0,0
Brazil,BRA,2022,1951920000000.0,9.231,,,7398543.028,,,80.52775094,9.28010609,5.163970291,46.70157958,True,VITEM XIV,2021,1/24/22,year,day,2021-01-01,2022-01-24,2022,1,2022,2022,active,28.299834619473042,28.14423388818704,8.301659756,80.68989314,2022.0,1
Brazil,BRA,2023,2191130000000.0,7.947,,,7789132.829,,,84.15060238,4.593562823,4.994379763,48.96689451,True,VITEM XIV,2021,1/24/22,year,day,2021-01-01,2022-01-24,2022,1,2022,2022,active,28.415438508419314,28.299834619473042,9.28010609,80.52775094,2022.0,1
Brazil,BRA,2024,2185820000000.0,6.801,,,8077727.555,,,84.46347227,4.367464077,5.388934906,46.0890724,True,VITEM XIV,2021,1/24/22,year,day,2021-01-01,2022-01-24,2022,1,2022,2022,active,28.4130121601151,28.415438508419314,4.593562823,84.15060238,2022.0,1
Brunei Darussalam,BRN,2010,13707121038.0,6.487,,0.81,,45.0,214.0,53.0,0.356869132,1.363509474,43.92303156,False,,,,missing,missing,,,,,,,,23.341181318535305,,,,,0
Brunei Darussalam,BRN,2011,18524791063.0,6.506,,0.65,,47.0,242.0,56.0,0.137911563,1.25791302,56.06165223,False,,,,missing,missing,,,,,,,,23.642375729414486,23.341181318535305,0.356869132,53.0,,0
Brunei Darussalam,BRN,2012,19048443341.0,6.571,591000000.0,0.62,,52.0,209.0,60.27310181,0.111766261,1.249567016,53.82847527,False,,,,missing,missing,,,,,,,,23.670251220797116,23.642375729414486,0.137911563,56.0,,0
Brunei Darussalam,BRN,2013,18094148099.0,6.709,624000000.0,0.66,,62.0,225.0,64.5,0.389205053,1.25116567,52.86469559,False,,,,missing,missing,,,,,,,,23.618854413494912,23.670251220797116,0.111766261,60.27310181,,0
Brunei Darussalam,BRN,2014,17097797386.0,6.862,616000000.0,0.65,,52.2,201.0,68.76999664,-0.207108732,1.267040123,50.50936455,False,,,,missing,missing,,,,,,,,23.562215484322326,23.618854413494912,0.389205053,64.5,,0
Brunei Darussalam,BRN,2015,12930296870.0,7.703,459000000.0,0.78,,49.2,218.2,71.19999695,-0.488347421,1.374910845,48.83780943,False,,,,missing,missing,,,,,,,,23.282838989250056,23.562215484322326,-0.207108732,68.76999664,,0
Brunei Darussalam,BRN,2016,11400266045.0,8.537,499000000.0,0.83,,45.1,218.7,90.0,-0.278693266,1.381346877,47.04220853,False,,,,missing,missing,,,,,,,,23.156902529355254,23.282838989250056,-0.488347421,71.19999695,,0
Brunei Darussalam,BRN,2017,12128168045.0,9.316,504000000.0,,16528.15404,43.2,258.9,94.86669922,-1.260505646,1.380891164,45.45156797,False,,,,missing,missing,,,,,,,,23.2187965217036,23.156902529355254,-0.278693266,90.0,,0
Brunei Darussalam,BRN,2018,13566908391.0,8.7,585000000.0,,23134.12666,44.2,278.2,95.0,1.025051793,1.348918565,47.56512241,False,,,,missing,missing,,,,,,,,23.33089945808655,23.2187965217036,-1.260505646,94.86669922,,0
Brunei Darussalam,BRN,2019,13469235365.0,6.6,,,27685.06537,43.5,333.3,95.0,-0.390522069,1.364218514,43.87160578,False,,,,missing,missing,,,,,,,,23.32367405998165,23.33089945808655,1.025051793,95.0,,0
Brunei Darussalam,BRN,2020,12005799654.0,7.409,,,16475.87934,8.8,62.3,96.30549622,1.940319966,1.37970343,38.45127148,False,,,,missing,missing,,,,,,,,23.208655674480408,23.32367405998165,-0.390522069,95.0,,0
Brunei Darussalam,BRN,2021,14006496617.0,4.905,,,17673.27408,2.1,3.5,97.62879944,1.733413885,1.343806963,39.62612176,False,,,,missing,missing,,,,,,,,23.362787102997945,23.208655674480408,1.940319966,96.30549622,,0
Brunei Darussalam,BRN,2022,16681536467.0,5.191,,,20396.79196,,,98.97042579,3.682250306,1.378956397,44.78967313,False,,,,missing,missing,,,,,,,,23.537568343963283,23.362787102997945,1.733413885,97.62879944,,0
Brunei Darussalam,BRN,2023,15095084656.0,5.296,,,24083.04479,,,98.97039795,0.357064312,1.343079601,38.6480738,False,,,,missing,missing,,,,,,,,23.437635008304127,23.537568343963283,3.682250306,98.97042579,,0
Bhutan,BTN,2010,1708880730.0,3.32,43000000.0,,,4.0,41.0,13.6,7.036383161,45.72581212,33.61380392,False,,,,missing,missing,,,,,,,,21.25910444929398,,,,,0
Bhutan,BTN,2011,1977728659.0,3.23,58000000.0,,,23.0,66.0,14.39999962,8.848985699,46.67046667,35.13314921,False,,,,missing,missing,,,,,,,,21.40521488126275,21.25910444929398,7.036383161,13.6,,0
Bhutan,BTN,2012,1973387228.0,2.05,69000000.0,,,20.0,105.0,15.60000038,10.91965694,53.43723333,32.07511063,False,,,,missing,missing,,,,,,,,21.40301730828775,21.40521488126275,8.848985699,14.39999962,,0
Bhutan,BTN,2013,1943696952.0,2.87,67000000.0,,,18.0,116.0,22.39999962,8.776383453,58.59784542,30.92165461,False,,,,missing,missing,,,,,,,,21.387857641943835,21.40301730828775,10.91965694,15.60000038,,0
Bhutan,BTN,2014,2089079571.0,2.63,42599998.47,,,15.8,133.45,30.29999924,8.271060939,61.02951446,30.5629027,False,,,,missing,missing,,,,,,,,21.459989409269326,21.387857641943835,8.776383453,22.39999962,,0
Bhutan,BTN,2015,2187815803.0,2.45,44000000.0,,,15.1,155.1,39.79999924,4.548143951,64.15194446,28.92201513,False,,,,missing,missing,,,,,,,,21.506169532861833,21.459989409269326,8.271060939,30.29999924,,0
Bhutan,BTN,2016,2357504761.0,2.707,52000000.0,,,17.5,209.6,46.50320053,3.219886894,67.19531281,27.96265493,False,,,,missing,missing,,,,,,,,21.580869591982044,21.506169532861833,4.548143951,39.79999924,,0
Bhutan,BTN,2017,2591358009.0,3.027,63000000.0,,,16.9,254.6,54.33549881,4.95508367,65.12156865,29.41822538,False,,,,missing,missing,,,,,,,,21.675447903045296,21.580869591982044,3.219886894,46.50320053,,0
Bhutan,BTN,2018,2583335722.0,3.35,79000000.0,,18266.28278,15.2,274.1,63.48680115,2.723963862,68.38946709,28.40709054,False,,,,missing,missing,,,,,,,,21.672347316288292,21.675447903045296,4.95508367,54.33549881,,0
Bhutan,BTN,2019,2735683570.0,2.72,67000000.0,9.52137,19714.89578,17.4,315.6,74.17939758,2.726430374,70.42034054,27.70820273,False,,,,missing,missing,,,,,,,,21.72964717577848,21.672347316288292,2.723963862,63.48680115,,0
Bhutan,BTN,2020,2457604334.0,5.03,50000000.0,,17190.80976,2.3,29.8,76.85079956,5.629365226,74.09956688,25.58442316,False,,,,missing,missing,,,,,,,,21.62245286442519,21.72964717577848,2.726430374,74.17939758,,0
Bhutan,BTN,2021,2768802960.0,4.803,,,16069.1874,,0.001,85.63688389,7.346814405,73.91801282,26.52992257,False,,,,missing,missing,,,,,,,,21.741680919340023,21.62245286442519,5.629365226,76.85079956,,0
Bhutan,BTN,2022,2898227744.0,5.947,,,17576.07692,,,88.35620117,5.639166714,78.60449058,24.64128135,False,,,,missing,missing,,,,,,,,21.787365264368592,21.741680919340023,7.346814405,85.63688389,,0
Bhutan,BTN,2023,3012896789.0,3.126,,,31212.88943,,,90.02140045,4.229344199,82.59927645,23.60859822,False,,,,missing,missing,,,,,,,,21.826167841280505,21.787365264368592,5.639166714,88.35620117,,0
Bhutan,BTN,2024,,3.282,,,31774.37944,,,91.27739716,2.761315696,83.66928158,23.8033697,False,,,,missing,missing,,,,,,,,,21.826167841280505,4.229344199,90.02140045,,0
Botswana,BWA,2009,10118459242.0,16.169,232399993.9,3.7,,,,6.150000095,8.027297031,7.155141667,43.49523843,False,,,,missing,missing,,,,,,,,23.037627240400475,,,,,0
Botswana,BWA,2010,12637273429.0,17.86,298500000.0,,,188.0,1973.0,6.0,6.948876587,6.793625,48.73820053,False,,,,missing,missing,,,,,,,,23.25991649266542,23.037627240400475,8.027297031,6.150000095,,0
Botswana,BWA,2012,13907464500.0,17.916,332000000.0,,,149.0,1614.4,16.0,7.536902611,7.640525,51.78420498,False,,,,missing,missing,,,,,,,,23.35569154733092,23.25991649266542,6.948876587,6.0,,0
Botswana,BWA,2013,14271738933.0,18.167,262200012.2,,,357.0,1544.1,30.0,5.884607071,8.398908333,48.94529797,False,,,,missing,missing,,,,,,,,23.3815471203662,23.35569154733092,7.536902611,16.0,,0
Botswana,BWA,2014,15470088501.0,18.484,277000000.0,,,609.0,1966.0,36.74474744,4.402253092,8.976083333,47.47192189,False,,,,missing,missing,,,,,,,,23.4621742223295,23.3815471203662,5.884607071,30.0,,0
Botswana,BWA,2015,13530748845.0,18.915,256399993.9,,,490.2,1527.6,38.89379883,3.062031696,10.12899167,43.42008471,False,,,,missing,missing,,,,,,,,23.32823062460417,23.4621742223295,4.402253092,36.74474744,,0
Botswana,BWA,2016,15082637184.0,19.328,237100006.1,4.9,,461.5,1574.2,41.16859818,2.814957914,10.90115833,41.58866612,False,,,,missing,missing,,,,,,,,23.436810063812167,23.32823062460417,3.062031696,38.89379883,,0
Botswana,BWA,2017,16105155857.0,19.671,253300003.1,,,381.4,1622.6,43.57640076,3.308280768,10.34741667,45.25263095,False,,,,missing,missing,,,,,,,,23.5024052972363,23.436810063812167,2.814957914,41.16859818,,0
Botswana,BWA,2018,17031943186.0,19.665,278299987.8,,,372.4,1654.7,46.12509918,3.238015589,10.199975,46.92793642,False,,,,missing,missing,,,,,,,,23.55835642881103,23.5024052972363,3.308280768,43.57640076,,0
Botswana,BWA,2019,16725908149.0,20.094,294700012.2,5.1,43670.9899,273.8,1454.6,48.82279968,2.772864429,10.75586667,44.93786058,False,,,,missing,missing,,,,,,,,23.54022474038044,23.55835642881103,3.238015589,46.12509918,,0
Botswana,BWA,2020,14960251608.0,21.017,91800003.05,,45091.22994,69.3,328.5,51.67819977,1.890359168,11.45624167,41.3496532,False,,,,missing,missing,,,,,,,,23.428662628067887,23.54022474038044,2.772864429,48.82279968,,0
Botswana,BWA,2021,18750182236.0,23.106,,,48047.04982,110.7,313.8,54.70069885,7.240977656,11.08725833,43.47224973,False,,,,missing,missing,,,,,,,,23.65446930856893,23.428662628067887,1.890359168,51.67819977,,0
Botswana,BWA,2022,20321150599.0,23.615,,,46304.89998,,,57.9,11.66556748,12.36880833,41.69844453,False,,,,missing,missing,,,,,,,,23.73492808202015,23.65446930856893,7.240977656,54.70069885,,0
Botswana,BWA,2023,19411266967.0,23.381,,,56854.46983,,,,5.067615493,13.59638333,37.22071072,False,,,,missing,missing,,,,,,,,23.689119505928044,23.73492808202015,11.66556748,57.9,,0
Central African Republic,CAF,2010,2142591540.0,5.658,67000000.0,,,29.8,53.8,2.0,1.4910237,494.7942622,50.92164142,False,,,,missing,missing,,,,,,,,21.48528193331112,,,,,0
Central African Republic,CAF,2011,2437982705.0,5.638,68000000.0,,,37.0,65.4,2.200000048,1.194475724,471.2486257,54.48532651,False,,,,missing,missing,,,,,,,,21.61443677405088,21.48528193331112,1.4910237,2.0,,0
Central African Republic,CAF,2012,2510126512.0,5.58,69000000.0,,,38.8,70.8,2.400000095,5.478295943,510.5563385,51.25809253,False,,,,missing,missing,,,,,,,,21.643598992007156,21.61443677405088,1.194475724,2.200000048,,0
Central African Republic,CAF,2013,1691544110.0,5.566,69800003.05,,,34.6,83.5,2.5,6.98879342,493.8996239,51.32988317,False,,,,missing,missing,,,,,,,,21.248907623291082,21.643598992007156,5.478295943,2.400000095,,0
Central African Republic,CAF,2014,1894813389.0,5.633,,,,40.1,95.6,2.700000048,14.89868418,493.7573299,58.63687387,False,,,,missing,missing,,,,,,,,21.362386195170032,21.248907623291082,6.98879342,2.5,,0
Central African Republic,CAF,2015,1695825714.0,5.775,,,,43.9,120.5,2.900000095,1.402970171,591.211698,47.64426117,False,,,,missing,missing,,,,,,,,21.25143560606395,21.362386195170032,14.89868418,2.700000048,,0
Central African Republic,CAF,2016,1825018145.0,5.793,,,,41.4,81.9,3.099999905,4.945432761,592.6056151,46.87287757,False,,,,missing,missing,,,,,,,,21.324855766397192,21.25143560606395,1.402970171,2.900000095,,0
Central African Republic,CAF,2017,2072349973.0,5.836,,,,51.2,106.7,4.0,4.180723319,580.6567496,48.91590571,False,,,,missing,missing,,,,,,,,21.451949052968686,21.324855766397192,4.945432761,3.099999905,,0
Central African Republic,CAF,2018,2220979146.0,5.825,,,,53.4,109.3,5.099999905,1.61215687,555.4464584,50.25778566,False,,,,missing,missing,,,,,,,,21.521213992350415,21.451949052968686,4.180723319,4.0,,0
Central African Republic,CAF,2019,2221301351.0,5.916,,,,40.2,87.3,7.509200096,2.685373553,585.9110132,45.61421301,False,,,,missing,missing,,,,,,,,21.52135905523007,21.521213992350415,1.61215687,5.099999905,,0
Central African Republic,CAF,2020,2326720900.0,6.519,,,,1.2,34.6,,1.710156595,575.5860045,43.41023997,False,,,,missing,missing,,,,,,,,21.567725774236507,21.52135905523007,2.685373553,7.509200096,,0
Canada,CAN,2008,1552990000000.0,6.284,33843000000.0,1.81821,,,,76.69999695,2.370270674,1.067086918,115.68791,False,,,,missing,missing,,,,,,,,28.071203220924335,,,,,0
Canada,CAN,2009,1374630000000.0,8.46,30225000000.0,1.82919,,,,80.3,0.299466803,1.141535406,105.1761876,False,,,,missing,missing,,,,,,,,27.949205719926535,28.071203220924335,2.370270674,76.69999695,,0
Canada,CAN,2010,1617340000000.0,8.178,37225000000.0,1.83329,,,15988.0,80.3,1.776871541,1.030112735,118.5959515,False,,,,missing,missing,,,,,,,,28.11180394034529,27.949205719926535,0.299466803,80.3,,0
Canada,CAN,2011,1793330000000.0,7.637,41247000000.0,1.81814,,,16014.4,83.0,2.912135089,0.989258159,125.3367475,False,,,,missing,missing,,,,,,,,28.215095342696344,28.11180394034529,1.776871541,80.3,,0
Canada,CAN,2012,1828370000000.0,7.392,,1.83679,,,16344.0,83.0,1.515678231,0.999364744,124.5398147,False,,,,missing,missing,,,,,,,,28.23444597548116,28.215095342696344,2.912135089,83.0,,0
Canada,CAN,2013,1846600000000.0,7.143,,1.80198,,,15983.6,85.80000305,0.938291898,1.030137364,118.8191054,False,,,,missing,missing,,,,,,,,28.24436722628494,28.23444597548116,1.515678231,83.0,,0
Canada,CAN,2014,1805750000000.0,7.023,,1.79943,,,16445.2,87.12000275,1.906635907,1.104747132,111.3701013,False,,,,missing,missing,,,,,,,,28.221997133877366,28.24436722628494,0.938291898,85.80000305,,0
Canada,CAN,2015,1556510000000.0,6.945,,1.93487,,,17859.2,90.0,1.125241361,1.278786204,97.59582927,False,,,,missing,missing,,,,,,,,28.07346725147817,28.221997133877366,1.906635907,87.12000275,,0
Canada,CAN,2016,1527990000000.0,7.038,,1.99315,,,19822.5,91.16000366,1.428759547,1.325615164,91.05546112,False,,,,missing,missing,,,,,,,,28.054974262148843,28.07346725147817,1.125241361,90.0,,0
Canada,CAN,2017,1649270000000.0,6.426,,1.99379,,,20576.4,92.70140076,1.596884129,1.297935846,93.40245924,False,,,,missing,missing,,,,,,,,28.131353881700132,28.054974262148843,1.428759547,91.16000366,,0
Canada,CAN,2018,1725330000000.0,5.837,,2.00237,,,20957.9,94.64,2.268225672,1.295817928,93.11075502,False,,,,missing,missing,,,,,,,,28.176439452463352,28.131353881700132,1.596884129,92.70140076,,0
Canada,CAN,2019,1743730000000.0,5.69,,2.01469,2099250.0,,22045.0,91.91290283,1.949269024,1.326793363,91.78972659,False,,,,missing,missing,,,,,,,,28.18704761291626,28.176439452463352,2.268225672,94.64,,0
Canada,CAN,2020,1655680000000.0,9.657,,1.0,1627600.0,,,92.3,0.716999632,1.341152672,89.60120834,False,,,,missing,missing,,,,,,,,28.13523291650402,28.18704761291626,1.949269024,91.91290283,,0
Canada,CAN,2021,2022380000000.0,7.527,,1.03,1675000.0,,,93.93710327,3.395193185,1.253876902,92.79156495,False,,,,missing,missing,,,,,,,,28.335296151609544,28.13523291650402,0.716999632,92.3,,0
Canada,CAN,2022,2190410000000.0,5.279,,1.55,1877300.0,,,94.0,6.802801153,1.301554775,87.97808761,False,,,,missing,missing,,,,,,,,28.41510985684636,28.335296151609544,3.395193185,93.93710327,,0
Canada,CAN,2023,2173340000000.0,5.415,,1.78,2024808.0,,,94.14530182,3.879001598,1.349908641,84.42993589,False,,,,missing,missing,,,,,,,,28.40728627067896,28.41510985684636,6.802801153,94.0,,0
Canada,CAN,2024,2243640000000.0,6.351,,1.77,2066900.0,,,94.353302,2.381583833,1.369359766,84.01532077,False,,,,missing,missing,,,,,,,,28.439120662911595,28.40728627067896,3.879001598,94.14530182,,0
Switzerland,CHE,2008,567268000000.0,3.35,14083000000.0,2.38091,128756.0,,,79.2,2.426041171,1.08309,137.8495984,False,,,,missing,missing,,,,,,,,27.06409769214346,,,,,0
Switzerland,CHE,2009,554213000000.0,4.109,13799000000.0,2.37024,127917.0,,,81.3,-0.480481936,1.088141696,135.1075269,False,,,,missing,missing,,,,,,,,27.040814926335827,27.06409769214346,2.426041171,79.2,,0
Switzerland,CHE,2010,598851000000.0,4.808,14332000000.0,2.34961,129262.0,,,83.9,0.688238707,1.042905646,140.5991046,False,,,,missing,missing,,,,,,,,27.118278656205778,27.040814926335827,-0.480481936,81.3,,0
Switzerland,CHE,2011,715888000000.0,4.409,17538000000.0,2.27227,122860.0,,,85.19302818,0.231349208,0.888042028,157.3684528,False,,,,missing,missing,,,,,,,,27.29678956709045,27.118278656205778,0.688238707,83.9,,0
Switzerland,CHE,2012,686420000000.0,4.491,18884000000.0,2.27447,125905.0,,,85.2,-0.692552018,0.937684481,144.4059306,False,,,,missing,missing,,,,,,,,27.254755522224812,27.29678956709045,0.231349208,85.19302818,,0
Switzerland,CHE,2013,706235000000.0,4.747,19963000000.0,2.30381,131782.0,,,86.34,-0.217323155,0.926903548,141.5980123,False,,,,missing,missing,,,,,,,,27.28321388024346,27.254755522224812,-0.692552018,85.2,,0
Switzerland,CHE,2014,726538000000.0,4.826,20853000000.0,2.3002,134629.0,,,83.61725126,-0.013202539,0.916151047,139.9071697,False,,,,missing,missing,,,,,,,,27.311556624163533,27.28321388024346,-0.217323155,86.34,,0
Switzerland,CHE,2015,694118000000.0,4.801,19675000000.0,2.27615,132824.0,,,87.4790556,-1.143908672,0.962381328,128.374893,False,,,,missing,missing,,,,,,,,27.265907811818398,27.311556624163533,-0.013202539,83.61725126,,0
Switzerland,CHE,2016,687895000000.0,4.918,19941000000.0,2.30333,134259.0,,,89.13468774,-0.434618664,0.985394394,121.977962,False,,,,missing,missing,,,,,,,,27.256902046953634,27.265907811818398,-1.143908672,87.4790556,,0
Switzerland,CHE,2017,695201000000.0,4.797,21501000000.0,2.35504,137122.0,,,89.68614767,0.53378784,0.984691667,120.619077,False,,,,missing,missing,,,,,,,,27.26746684933154,27.256902046953634,-0.434618664,89.13468774,,0
Switzerland,CHE,2018,725569000000.0,4.713,21441000000.0,2.37101,141772.0,,,91.80000305,0.936335464,0.977891667,120.5528267,False,,,,missing,missing,,,,,,,,27.310222011571167,27.26746684933154,0.53378784,89.68614767,,0
Switzerland,CHE,2019,721369000000.0,4.394,21097000000.0,2.38753,141065.0,,,93.14608695,0.36288618,0.993709167,114.0911172,False,,,,missing,missing,,,,,,,,27.304416632493638,27.310222011571167,0.936335464,91.80000305,,0
Switzerland,CHE,2020,741999000000.0,4.817,10372000000.0,1.54353,116643.0,,,94.34999847,-0.725874933,0.938965,117.6717054,False,,,,missing,missing,,,,,,,,27.33261373240399,27.304416632493638,0.36288618,93.14608695,,0
Switzerland,CHE,2021,815309000000.0,5.013,,1.62282,131991.0,,,95.56937154,0.581814168,0.913845833,115.6335086,False,,,,missing,missing,,,,,,,,27.42683301943574,27.33261373240399,-0.725874933,94.34999847,,0
Switzerland,CHE,2022,828509000000.0,4.122,,1.93911,141089.0,,,96.45279694,2.835027986,0.9548325,103.3598039,False,,,,missing,missing,,,,,,,,27.44289353675946,27.42683301943574,0.581814168,95.56937154,,0
Switzerland,CHE,2023,894425000000.0,4.043,,2.14255,148203.0,,,97.34436623,2.13540088,0.89849,111.1879932,False,,,,missing,missing,,,,,,,,27.519446890656067,27.44289353675946,2.835027986,96.45279694,,0
Chile,CHL,2008,179895000000.0,9.285,1386000000.0,3.24928,287359.0,,,37.29999924,8.71626873,522.4610358,65.23718738,False,,,,missing,missing,,,,,,,,25.915639184298204,,,,,0
Chile,CHL,2009,171778000000.0,11.313,1511000000.0,3.319,310741.0,,,41.56,0.353045178,560.8598948,63.31009018,False,,,,missing,missing,,,,,,,,25.869468782417783,25.915639184298204,8.71626873,37.29999924,,0
Chile,CHL,2010,217051000000.0,8.547,1736000000.0,3.2462,304861.0,769.0,2801.0,45.0,1.41071108,510.2491667,70.50421038,False,,,,missing,missing,,,,,,,,26.103398185914756,25.869468782417783,0.353045178,41.56,,0
Chile,CHL,2011,251383000000.0,7.492,2085000000.0,3.15664,328120.0,702.4,3137.2,52.24960729,3.341216943,483.6675,71.99891023,False,,,,missing,missing,,,,,,,,26.25024350949553,26.103398185914756,1.41071108,45.0,,0
Chile,CHL,2012,267025000000.0,6.79,2400000000.0,3.45471,416419.0,650.8,3554.3,55.04999924,3.007448402,486.4713034,71.33661257,False,,,,missing,missing,,,,,,,,26.31060812392217,26.25024350949553,3.341216943,52.24960729,,0
Chile,CHL,2013,277395000000.0,6.361,2499000000.0,3.13638,421130.0,624.0,3576.0,58.0,1.78955554,495.2728776,70.64322312,False,,,,missing,missing,,,,,,,,26.34870832015136,26.31060812392217,3.007448402,55.04999924,,0
Chile,CHL,2014,259561000000.0,6.761,2707000000.0,3.10483,430340.0,665.7,3674.3,61.11000061,4.718675279,570.3482161,64.42282517,False,,,,missing,missing,,,,,,,,26.282257579365712,26.34870832015136,1.78955554,58.0,,0
Chile,CHL,2015,242450000000.0,6.605,2518000000.0,3.39815,536226.0,692.0,4478.0,76.62959195,4.348773532,654.1240843,59.79051722,False,,,,missing,missing,,,,,,,,26.21406134049777,26.282257579365712,4.718675279,61.11000061,,0
Chile,CHL,2016,249345000000.0,6.926,2733000000.0,3.64229,572476.0,814.0,5641.0,83.55858602,3.786193559,676.957736,58.69262327,False,,,,missing,missing,,,,,,,,26.242103316601945,26.21406134049777,4.348773532,76.62959195,,0
Chile,CHL,2017,276154000000.0,7.257,3093000000.0,3.54035,621548.0,636.0,6449.9,82.32748693,2.182718469,648.8337926,61.24622998,False,,,,missing,missing,,,,,,,,26.344224518070106,26.242103316601945,3.786193559,83.55858602,,0
Chile,CHL,2018,295858000000.0,7.623,3124000000.0,3.29595,656400.0,554.4,5722.9,84.90000153,2.434889814,641.2768131,61.88273052,False,,,,missing,missing,,,,,,,,26.41314544643362,26.344224518070106,2.182718469,82.32748693,,0
Chile,CHL,2019,278285000000.0,7.493,3142000000.0,3.31392,668484.0,487.6,4518.0,85.01760101,2.557544757,702.8974226,56.59789859,False,,,,missing,missing,,,,,,,,26.35191160535517,26.41314544643362,2.434889814,84.90000153,,0
Chile,CHL,2020,254042000000.0,10.934,720000000.0,,460980.678,,1119.1,87.45929718,3.045490848,792.7272061,51.73321006,False,,,,missing,missing,,,,,,,,26.260765444626134,26.35191160535517,2.557544757,85.01760101,,0
Chile,CHL,2021,315326000000.0,9.281,,,506890.779,,,90.23280334,4.524568383,758.9553787,55.71301431,False,,,,missing,missing,,,,,,,,26.476872861245806,26.260765444626134,3.045490848,87.45929718,,0
Chile,CHL,2022,301227000000.0,8.249,,,590073.635,,2030.4,92.31819916,11.64386671,873.3141895,49.8047848,False,,,,missing,missing,,,,,,,,26.431129970288858,26.476872861245806,4.524568383,90.23280334,,0
Chile,CHL,2023,335518000000.0,9.013,,,619655.969,384.9685696,,94.45742345,7.581682514,840.0665267,51.49141254,False,,,,missing,missing,,,,,,,,26.538941443185735,26.431129970288858,11.64386671,92.31819916,,0
Chile,CHL,2024,330267000000.0,8.718,,,637556.98,,,95.590243,4.297638916,943.5721674,46.18395585,False,,,,missing,missing,,,,,,,,26.52316725517842,26.538941443185735,7.581682514,94.45742345,,0
China,CHN,2010,6192560000000.0,4.53,,,,6197.0,26127.0,34.3,3.175324753,6.770269029,49.18932987,False,,,,missing,missing,,,,,,,,29.454369687403076,,,,,0
China,CHN,2011,7671760000000.0,4.55,,,,6326.0,27111.0,38.3,5.553898923,6.461461327,54.54598746,False,,,,missing,missing,,,,,,,,29.668567170434347,29.454369687403076,3.175324753,34.3,,0
China,CHN,2012,8673660000000.0,4.58,,,,6280.0,27191.0,42.30009842,2.619524326,6.312332827,56.08507613,False,,,,missing,missing,,,,,,,,29.79131196297145,29.668567170434347,5.553898923,38.3,,0
China,CHN,2013,9743120000000.0,4.6,,,,6194.0,26290.0,45.79999924,2.621050017,6.195758346,58.44632668,False,,,,missing,missing,,,,,,,,29.907582510830853,29.79131196297145,2.619524326,42.30009842,,0
China,CHN,2014,10674500000000.0,4.63,,,,5396.0,26361.0,47.90000153,1.921641628,6.143434094,60.12446754,False,,,,missing,missing,,,,,,,,29.99887883553879,29.907582510830853,2.621050017,45.79999924,,0
China,CHN,2015,11280800000000.0,4.65,,,,5377.0,25985.0,50.29999924,1.437023809,6.227488673,60.72294846,False,,,,missing,missing,,,,,,,,30.054123281469433,29.99887883553879,1.921641628,47.90000153,,0
China,CHN,2016,11456000000000.0,4.56,,,,5797.4,31483.9,53.2,2.000001822,6.644477829,58.30841243,False,,,,missing,missing,,,,,,,,30.069534726146838,30.054123281469433,1.437023809,50.29999924,,0
China,CHN,2017,12537600000000.0,4.47,,,,5696.8,42943.0,54.3,1.593136001,6.758755086,59.77509784,False,,,,missing,missing,,,,,,,,30.159753245256578,30.069534726146838,2.000001822,53.2,,0
China,CHN,2018,14147800000000.0,4.31,,,21515000.0,6147.0,47951.1,65.35839844,2.0747904,6.615957177,61.88205251,False,,,,missing,missing,,,,,,,,30.280580250898186,30.159753245256578,1.593136001,54.3,,0
China,CHN,2019,14560200000000.0,4.56,,,,6284.7,49113.5,64.0808813,2.899234164,6.90838501,58.76350859,False,,,,missing,missing,,,,,,,,30.309312894866483,30.280580250898186,2.0747904,65.35839844,,0
Cameroon,CMR,2008,27715142033.0,3.386,563000000.0,,24800.0,,,3.400000095,5.337806276,446.0000414,51.98304589,False,,,,missing,missing,,,,,,,,24.04524474457503,,,,,0
Cameroon,CMR,2009,27932970317.0,3.743,476000000.0,,25500.0,,,3.84,3.043618479,470.2934233,50.76118939,False,,,,missing,missing,,,,,,,,24.053073559870437,24.04524474457503,5.337806276,3.400000095,,0
Cameroon,CMR,2010,27507501821.0,4.11,265000000.0,,29900.0,,,4.300000191,1.275380462,494.7942622,47.99637656,False,,,,missing,missing,,,,,,,,24.03772459790847,24.053073559870437,3.043618479,3.84,,0
Cameroon,CMR,2011,30630910495.0,3.988,622000000.0,,29800.0,,,5.0,2.939699463,471.2486257,50.65416934,False,,,,missing,missing,,,,,,,,24.14527548294512,24.03772459790847,1.275380462,4.300000191,,0
Cameroon,CMR,2012,30155062329.0,3.836,668000000.0,3.3,31500.0,,,7.5,2.735296775,510.5563385,47.36170499,False,,,,missing,missing,,,,,,,,24.129618650801294,24.14527548294512,2.939699463,5.0,,0
Cameroon,CMR,2013,33728621180.0,3.686,795000000.0,3.4,,,,10.0,2.05034718,493.8996239,48.65677379,False,,,,missing,missing,,,,,,,,24.24161260703442,24.129618650801294,2.735296775,7.5,,0
Cameroon,CMR,2014,36386544706.0,3.534,830000000.0,3.2,,,,16.21487223,1.854898504,493.7573299,48.19747105,False,,,,missing,missing,,,,,,,,24.317464892317293,24.24161260703442,2.05034718,10.0,,0
Cameroon,CMR,2015,32210233020.0,3.518,742000000.0,3.7,25139.0,,,18.29999924,2.676235314,591.211698,40.45561386,False,,,,missing,missing,,,,,,,,24.195550034662606,24.317464892317293,1.854898504,16.21487223,,0
Cameroon,CMR,2016,33814337044.0,3.529,818000000.0,4.0,25139.0,,,20.60000038,0.874190383,592.6056151,39.74966757,False,,,,missing,missing,,,,,,,,24.2441507223989,24.195550034662606,2.676235314,18.29999924,,0
Cameroon,CMR,2017,36098547033.0,3.573,845000000.0,4.1,24253.0,,,23.20297197,0.64040915,580.6567496,39.7111354,False,,,,missing,missing,,,,,,,,24.309518453081907,24.2441507223989,0.874190383,20.60000038,,0
Cameroon,CMR,2018,39955552190.0,3.608,915000000.0,5.06,24093.0,,,29.70000076,1.068858113,555.4464584,40.15934561,False,,,,missing,missing,,,,,,,,24.411033477975174,24.309518453081907,0.64040915,23.20297197,,0
Cameroon,CMR,2019,39667757528.0,3.632,984000000.0,5.09,24102.0,,,36.53919983,2.452802141,585.9110132,36.67025763,False,,,,missing,missing,,,,,,,,24.403804541717577,24.411033477975174,1.068858113,29.70000076,,0
Cameroon,CMR,2020,40773241177.0,3.881,697000000.0,4.65,12383.0,,,37.69749832,2.437608822,575.5860045,35.6344652,False,,,,missing,missing,,,,,,,,24.431291849685632,24.403804541717577,2.452802141,36.53919983,,0
Cameroon,CMR,2021,45011937347.0,3.976,,4.82,732.0,,,38.89260101,2.271857625,554.530675,34.88697065,False,,,,missing,missing,,,,,,,,24.530193565915482,24.431291849685632,2.437608822,37.69749832,,0
"Congo, Dem. Rep.",COD,2008,22723488723.0,3.627,127000000.0,,659981.0,,,0.439999998,17.30138457,559.2925083,56.32397153,False,,,,missing,missing,,,,,,,,23.84666497196026,,,,,0
"Congo, Dem. Rep.",COD,2009,18607259481.0,3.882,121000000.0,,621771.0,,,0.560000002,2.8,809.7858333,45.59157483,False,,,,missing,missing,,,,,,,,23.64681763619783,23.84666497196026,17.30138457,0.439999998,,0
"Congo, Dem. Rep.",COD,2010,24161641931.0,4.098,150000000.0,,735589.0,35.0,81.0,0.72,7.1,905.9134583,53.84904492,False,,,,missing,missing,,,,,,,,23.908032168424,23.64681763619783,2.8,0.560000002,,0
"Congo, Dem. Rep.",COD,2011,26392379642.0,4.317,298000000.0,,652057.0,119.0,186.0,1.200000048,15.31651591,919.4913,57.86497551,False,,,,missing,missing,,,,,,,,23.996341155507032,23.908032168424,7.1,0.72,,0
"Congo, Dem. Rep.",COD,2012,30029369929.0,4.485,108000000.0,,698388.0,76.0,167.0,1.679999948,9.721828063,919.7550167,63.28038406,False,,,,missing,missing,,,,,,,,24.125441737336256,23.996341155507032,15.31651591,1.200000048,,0
"Congo, Dem. Rep.",COD,2013,34891189160.0,4.469,170000000.0,,792183.0,84.2,191.3,2.200000048,0.808223101,919.5659074,60.52329029,False,,,,missing,missing,,,,,,,,24.275500174682648,24.125441737336256,9.721828063,1.679999948,,0
"Congo, Dem. Rep.",COD,2014,38352980553.0,4.436,283000000.0,,770680.0,138.8,333.6,3.0,1.243038898,925.2262825,56.92349707,False,,,,missing,missing,,,,,,,,24.37009808150497,24.275500174682648,0.808223101,2.200000048,,0
"Congo, Dem. Rep.",COD,2015,40179574490.0,4.441,127000000.0,,725403.0,146.8,353.7,3.799999952,0.744198995,925.9849613,54.46291451,False,,,,missing,missing,,,,,,,,24.41662460618255,24.37009808150497,1.243038898,3.0,,0
"Congo, Dem. Rep.",COD,2016,38600224214.0,4.528,60000000.0,,832454.0,145.8,351.3,10.1,2.885851073,1010.302757,48.39518372,False,,,,missing,missing,,,,,,,,24.376523922053178,24.41662460618255,0.744198995,3.799999952,,0
"Congo, Dem. Rep.",COD,2017,37537521566.0,4.613,68000000.0,,1382191.0,,,,,1464.417932,43.51670411,False,,,,missing,missing,,,,,,,,24.34860684477451,24.376523922053178,2.885851073,10.1,,0
"Congo, Dem. Rep.",COD,2018,46659954092.0,4.632,115000000.0,,1569090.0,,,11.69999981,,1622.523502,49.4028891,False,,,,missing,missing,,,,,,,,24.5661521196558,24.34860684477451,,,,0
"Congo, Dem. Rep.",COD,2019,46845900350.0,4.605,,,1307183.0,,,13.02970028,,1647.760127,47.71989407,False,,,,missing,missing,,,,,,,,24.570129335932183,24.5661521196558,,11.69999981,,0
"Congo, Dem. Rep.",COD,2020,46691989749.0,5.355,,,1236674.0,,,14.51049995,,1851.122162,44.67583444,False,,,,missing,missing,,,,,,,,24.5668384611917,24.570129335932183,,13.02970028,,0
"Congo, Dem. Rep.",COD,2021,59067289574.0,5.289,,,1401421.0,,,16.1595993,,1989.391471,42.48068956,False,,,,missing,missing,,,,,,,,24.80194313222889,24.5668384611917,,14.51049995,,0
"Congo, Dem. Rep.",COD,2022,70422346142.0,4.54,,,1507098.0,,,17.99620056,,2006.708219,43.2563924,False,,,,missing,missing,,,,,,,,24.97777646653413,24.80194313222889,,16.1595993,,0
"Congo, Rep.",COG,2010,13148396212.0,19.3,312000000.0,,,72.1,198.9,5.0,0.391525011,494.7942622,57.49302996,False,,,,missing,missing,,,,,,,,23.29956562706769,,,,,0
"Congo, Rep.",COG,2011,15655383577.0,19.435,327000000.0,,,76.0,224.0,5.6,1.759587043,471.2486257,65.62378607,False,,,,missing,missing,,,,,,,,23.474080693308995,23.29956562706769,0.391525011,5.0,,0
"Congo, Rep.",COG,2012,17692911296.0,19.491,308000000.0,,,100.0,259.0,6.106699944,5.010187731,510.5563385,61.60923801,False,,,,missing,missing,,,,,,,,23.59642990455654,23.474080693308995,1.759587043,5.6,,0
"Congo, Rep.",COG,2013,17958720699.0,19.845,360000000.0,,,124.3,345.4,6.599999905,4.631616197,493.8996239,63.37853368,False,,,,missing,missing,,,,,,,,23.611341666715518,23.59642990455654,5.010187731,6.106699944,,0
"Congo, Rep.",COG,2014,17919321078.0,19.696,435000000.0,,,58.0,229.0,7.110000134,0.912139545,493.7573299,62.81390273,False,,,,missing,missing,,,,,,,,23.60914535750317,23.611341666715518,4.631616197,6.599999905,,0
"Congo, Rep.",COG,2015,12434793867.0,20.02,557000000.0,,,56.4,224.3,7.616000175,3.169097968,591.211698,51.73451551,False,,,,missing,missing,,,,,,,,23.243764337224817,23.60914535750317,0.912139545,7.110000134,,0
"Congo, Rep.",COG,2016,10931328151.0,20.298,457000000.0,,,49.7,212.8,8.121899605,3.190561797,592.6056151,52.1185683,False,,,,missing,missing,,,,,,,,23.114898646025242,23.243764337224817,3.169097968,7.616000175,,0
"Congo, Rep.",COG,2017,11834473039.0,20.737,,,,42.9,150.6,8.649999619,0.450063823,580.6567496,49.75956647,False,,,,missing,missing,,,,,,,,23.194282553276786,23.114898646025242,3.190561797,8.121899605,,0
"Congo, Rep.",COG,2018,14773900289.0,20.84,,,,73.2,158.1,11.8071003,1.152778964,555.4464584,48.17344569,False,,,,missing,missing,,,,,,,,23.41612796694395,23.194282553276786,0.450063823,8.649999619,,0
Colombia,COL,2008,242504000000.0,11.273,2819000000.0,2.57107,,,,25.6,6.996884956,1965.1375,53.76735573,False,,,,missing,missing,,,,,,,,26.21428404203327,,,,,0
Colombia,COL,2009,232469000000.0,12.066,2841000000.0,2.48384,,,,30.0,4.202516612,2157.598333,50.64913843,False,,,,missing,missing,,,,,,,,26.17202271975081,26.21428404203327,6.996884956,25.6,,0
Colombia,COL,2010,286499000000.0,11.153,3228000000.0,2.41378,,158.3,1217.0,36.5,2.272002279,1898.9975,59.01872809,False,,,,missing,missing,,,,,,,,26.38100088269372,26.17202271975081,4.202516612,30.0,,0
Colombia,COL,2011,334966000000.0,10.288,3689000000.0,2.21365,,207.0,1470.8,40.35091575,3.415033448,1848.016667,63.21604468,False,,,,missing,missing,,,,,,,,26.537294871083446,26.38100088269372,2.272002279,36.5,,0
Colombia,COL,2012,370691000000.0,9.959,4461000000.0,2.13009,,239.7,1365.4,48.98,3.169301888,1798.011667,67.0515816,False,,,,missing,missing,,,,,,,,26.63863466841614,26.537294871083446,3.415033448,40.35091575,,0
Colombia,COL,2013,382094000000.0,9.246,4592000000.0,2.08821,,301.5,1487.1,51.7,2.016992243,1868.895,64.78228507,False,,,,missing,missing,,,,,,,,26.668932488580346,26.63863466841614,3.169301888,48.98,,0
Colombia,COL,2014,381241000000.0,8.799,5299000000.0,2.0616,,429.1,1695.0,52.56813654,2.898837878,2001.105,61.30277857,False,,,,missing,missing,,,,,,,,26.666697558032016,26.668932488580346,2.016992243,51.7,,0
Colombia,COL,2015,293492000000.0,8.572,4890000000.0,1.90385,,438.2,1984.7,55.90497251,4.989831158,2741.781667,46.86835352,False,,,,missing,missing,,,,,,,,26.405116218602874,26.666697558032016,2.898837878,52.56813654,,0
Colombia,COL,2016,282720000000.0,8.922,4891000000.0,2.05987,,438.2,2241.0,58.13649357,7.513460246,3055.255,42.48884643,False,,,,missing,missing,,,,,,,,26.367722845517797,26.405116218602874,4.989831158,55.90497251,,0
Colombia,COL,2017,311867000000.0,9.086,5136000000.0,2.07005,,448.2,2465.9,62.25988032,4.314313257,2951.486911,44.99483369,False,,,,missing,missing,,,,,,,,26.465842651820587,26.367722845517797,7.513460246,58.13649357,,0
Colombia,COL,2018,334198000000.0,9.36,5531000000.0,2.55753,,459.1,2709.1,64.12637682,3.240569329,2955.70397,44.73250895,False,,,,missing,missing,,,,,,,,26.534999468649342,26.465842651820587,4.314313257,62.25988032,,0
Colombia,COL,2019,323032000000.0,10.28,5658000000.0,2.63815,,460.3,2814.0,65.00690072,3.523019327,3281.622194,39.99943819,False,,,,missing,missing,,,,,,,,26.50101722646927,26.534999468649342,3.240569329,64.12637682,,0
Colombia,COL,2020,270348000000.0,15.983,1576000000.0,1.24652,,88.48,902.78,69.79533474,2.526635001,3693.275833,34.40695148,False,,,,missing,missing,,,,,,,,26.322975854929417,26.50101722646927,3.523019327,65.00690072,,0
Colombia,COL,2021,318525000000.0,13.898,,1.68093,440160.0,91.9,1398.0,73.02837449,3.495057574,3744.244167,35.79698191,False,,,,missing,missing,,,,,,,,26.486966801813857,26.322975854929417,2.526635001,69.79533474,,0
Colombia,COL,2022,345632000000.0,10.541,,2.16602,709263.0,207.2,3304.5,72.79637855,10.17723135,4256.194167,32.03435364,False,,,,missing,missing,,,,,,,,26.568640462182476,26.486966801813857,3.495057574,73.02837449,,0
Colombia,COL,2023,366292000000.0,9.591,,2.23025,829361.0,,,77.33686322,11.73590449,4325.955,32.95073247,False,,,,missing,missing,,,,,,,,26.626696666470842,26.568640462182476,10.17723135,72.79637855,,0
Colombia,COL,2024,418818000000.0,9.619,,2.16141,899204.0,,,79.34543299,6.609085937,4074.434167,35.43359534,False,,,,missing,missing,,,,,,,,26.760702294961874,26.626696666470842,11.73590449,77.33686322,,0
Comoros,COM,2010,907978730.9,4.19,33200000.76,,,3.3,15.3,5.099999905,3.354757703,371.0956967,58.44569721,False,,,,missing,missing,,,,,,,,20.626731512172277,,,,,0
Comoros,COM,2011,1023086274.0,4.12,37400001.53,,,3.5,18.8,5.5,1.842663008,353.4364693,61.95670341,False,,,,missing,missing,,,,,,,,20.74608965467081,20.626731512172277,3.354757703,5.099999905,,0
Comoros,COM,2012,1015843491.0,4.091,36299999.24,,,5.6,22.7,5.975299835,6.314744503,382.9172538,55.6357058,False,,,,missing,missing,,,,,,,,20.738985129945323,20.74608965467081,1.842663008,5.5,,0
Comoros,COM,2013,1116224107.0,3.98,,,,3.3,21.9,6.5,-4.294873315,370.4247179,56.60407067,False,,,,missing,missing,,,,,,,,20.83321749346937,20.738985129945323,6.314744503,5.975299835,,0
Comoros,COM,2014,1149587661.0,3.984,40000000.0,,,5.1,22.8,6.980000019,7.547553791,370.3179974,55.00104424,False,,,,missing,missing,,,,,,,,20.86266915937295,20.83321749346937,-4.294873315,6.5,,0
Comoros,COM,2015,966029600.9,4.031,34000000.0,,,5.7,23.6,7.459199905,-0.117173884,443.4087735,45.07145148,False,,,,missing,missing,,,,,,,,20.688705034460934,20.86266915937295,7.547553791,6.980000019,,0
Comoros,COM,2016,1012835493.0,4.117,38000000.0,,,5.1,26.8,7.938300133,0.797517431,444.4542113,43.49989122,False,,,,missing,missing,,,,,,,,20.736019653171425,20.688705034460934,-0.117173884,7.459199905,,0
Comoros,COM,2017,1077439757.0,4.049,42000000.0,,,6.8,28.0,8.478199959,-0.237362224,435.4925622,42.53751438,False,,,,missing,missing,,,,,,,,20.79785346840236,20.736019653171425,0.797517431,7.938300133,,0
Comoros,COM,2018,1178530633.0,3.975,48000000.0,,,10.4,35.9,,2.151550844,416.5848438,46.62395922,False,,,,missing,missing,,,,,,,,20.887534273214353,20.79785346840236,-0.237362224,8.478199959,,0
Comoros,COM,2019,1187915409.0,3.926,53000000.0,,,8.1,45.1,16.38380051,3.582135445,439.4631103,45.86111422,False,,,,missing,missing,,,,,,,,20.895465850806247,20.887534273214353,2.151550844,,,0
Comoros,COM,2020,1218763671.0,4.468,43000000.0,,,1.491,6.97,22.42040062,0.786641929,430.7209122,46.82279453,False,,,,missing,missing,,,,,,,,20.92110279744419,20.895465850806247,3.582135445,16.38380051,,0
Comoros,COM,2021,1272238391.0,4.394,,,,3.936,28.8,30.68120003,-0.004417937,415.9558491,46.03391788,False,,,,missing,missing,,,,,,,,20.96404369861265,20.92110279744419,0.786641929,22.42040062,,0
Comoros,COM,2024,1440991455.0,3.815,,,1071.0,2.186,,32.51750183,5.051926096,454.5238613,45.89654996,False,,,,missing,missing,,,,,,,,21.08859722403643,20.96404369861265,-0.004417937,30.68120003,,0
Cabo Verde,CPV,2022,2247003344.0,12.239,,,19196.0,,,73.32740021,7.930929254,104.8630658,45.60663891,True,Remote Working Program,2020-12,2020-12,month,month,2020-12-01,2020-12-01,2020,12,2021,2020,active,21.532863318354995,,,,2021.0,1
Costa Rica,CRI,2010,37658616952.0,7.171,629000000.0,,,271.1,2100.4,36.5,5.662757084,525.8292007,63.93925266,False,,,,missing,missing,,,,,,,,24.35182763491263,,,,,0
Costa Rica,CRI,2011,42762613699.0,9.518,620000000.0,,,302.0,2192.0,39.212196,4.87799831,505.6642399,68.13731193,False,,,,missing,missing,,,,,,,,24.478930046094888,24.35182763491263,5.662757084,36.5,,0
Costa Rica,CRI,2012,47231655432.0,9.11,647000000.0,4.41076,,306.0,2342.6,47.5,4.495453144,502.901462,70.01646041,False,,,,missing,missing,,,,,,,,24.57833017067423,24.478930046094888,4.87799831,39.212196,,0
Costa Rica,CRI,2013,50949668842.0,8.218,649000000.0,4.68706,,287.0,2427.7,45.96,5.231336142,499.7668326,70.9242744,False,,,,missing,missing,,,,,,,,24.654104096927682,24.57833017067423,4.495453144,47.5,,0
Costa Rica,CRI,2014,52016408854.0,8.499,657000000.0,4.61756,,347.0,2526.7,53.0,4.519200985,538.3172003,66.55864733,False,,,,missing,missing,,,,,,,,24.67482506063548,24.654104096927682,5.231336142,45.96,,0
Costa Rica,CRI,2015,56441920821.0,8.415,898000000.0,4.7099,,419.0,2660.0,59.76295014,0.801982005,534.56577,66.84517378,False,,,,missing,missing,,,,,,,,24.756477996324985,24.67482506063548,4.519200985,53.0,,0
Costa Rica,CRI,2016,58847019610.0,8.085,1055000000.0,4.99396,,294.6,2925.1,65.88044919,-0.017478851,544.7393672,62.96839145,False,,,,missing,missing,,,,,,,,24.798207025529983,24.756477996324985,0.801982005,59.76295014,,0
Costa Rica,CRI,2017,60516044657.0,7.729,1322000000.0,4.80883,219030.25,244.6,2959.9,71.58166462,1.62590693,567.5130903,60.08528931,False,,,,missing,missing,,,,,,,,24.8261743677658,24.798207025529983,-0.017478851,65.88044919,,0
Costa Rica,CRI,2018,62420164992.0,9.01,1198000000.0,4.65418,229873.5,285.4,3016.7,73.47972844,2.221114615,576.9725012,58.56465177,False,,,,missing,missing,,,,,,,,24.857154217040918,24.8261743677658,1.62590693,71.58166462,,0
Costa Rica,CRI,2019,64417670521.0,10.807,1330000000.0,4.81809,254643.75,161.2,3139.0,81.20259644,2.096046353,587.2945957,55.20523468,False,,,,missing,missing,,,,,,,,24.88865381939155,24.857154217040918,2.221114615,73.47972844,,0
Costa Rica,CRI,2020,62395610760.0,16.432,697000000.0,1.86899,200564.75,,,80.53018608,0.724911478,584.900855,56.08200692,False,,,,missing,missing,,,,,,,,24.856760769463175,24.88865381939155,2.096046353,81.20259644,,0
Costa Rica,CRI,2021,64960725734.0,15.139,,2.71972,214176.25,52.952,1347.1,82.74901607,1.726477551,620.78472,53.82198776,False,,,,missing,missing,,,,,,,,24.897048704750976,24.856760769463175,0.724911478,80.53018608,,0
Costa Rica,CRI,2022,69243626029.0,11.325,,,239135.5,99.988,2349.5,82.59801121,8.274774902,647.1358176,51.95515032,False,,,,missing,missing,,,,,,,,24.960896934875123,24.897048704750976,1.726477551,82.74901607,,0
Costa Rica,CRI,2023,86497941439.0,8.325,,,224688.75,227.089,,85.39514799,0.525193509,544.0507755,58.6051481,False,,,,missing,missing,,,,,,,,25.183386452207994,24.960896934875123,8.274774902,82.59801121,,0
Costa Rica,CRI,2024,95350423177.0,6.936,,,257133.75,168.366,,87.17019653,-0.412853001,515.1097719,59.75276955,False,,,,missing,missing,,,,,,,,25.28082460712667,25.183386452207994,0.525193509,85.39514799,,0
Cuba,CUB,2010,59562962963.0,2.5,,,,12.0,2507.0,15.9,,,,False,,,,missing,missing,,,,,,,,24.810299791056753,,,,,0
Cuba,CUB,2011,68990000000.0,3.18,,,,16.0,2688.0,16.0172908,,,32.19387115,False,,,,missing,missing,,,,,,,,24.95722740350443,24.810299791056753,,15.9,,0
Cuba,CUB,2012,73141000000.0,3.46,,,,17.0,2823.2,21.20000076,,,,False,,,,missing,missing,,,,,,,,25.01565492198326,24.95722740350443,,16.0172908,,0
Cuba,CUB,2013,77148000000.0,3.29,,,,15.0,2838.6,27.93,,,,False,,,,missing,missing,,,,,,,,25.06899149189396,25.01565492198326,,21.20000076,,0
Cuba,CUB,2014,80656100000.0,2.7,,,,14.2,2980.5,29.07018437,,,,False,,,,missing,missing,,,,,,,,25.113460274119284,25.06899149189396,,27.93,,0
Cuba,CUB,2015,87132800000.0,2.4,,,,18.6,3506.1,37.30509742,,,,False,,,,missing,missing,,,,,,,,25.190699228562163,25.113460274119284,,29.07018437,,0
Cuba,CUB,2016,91370407900.0,2.0,,,,23.2,3975.3,42.97867519,,,,False,,,,missing,missing,,,,,,,,25.238187498213147,25.190699228562163,,37.30509742,,0
Cuba,CUB,2017,96850649700.0,1.7,,,,31.4,4593.9,57.14840432,,,,False,,,,missing,missing,,,,,,,,25.296435935088738,25.238187498213147,,42.97867519,,0
Cuba,CUB,2018,100050000000.0,1.7,,,,14.7,4683.6,62.67892362,,,,False,,,,missing,missing,,,,,,,,25.328935897976155,25.296435935088738,,57.14840432,,0
Cuba,CUB,2019,103428000000.0,1.705,,,,24.8,4263.1,67.97080866,,,,False,,,,missing,missing,,,,,,,,25.362141555399674,25.328935897976155,,62.67892362,,0
Cuba,CUB,2020,107352000000.0,2.233,,,,5.1,1084.8,71.11907507,,,,False,,,,missing,missing,,,,,,,,25.399378991745067,25.362141555399674,,67.97080866,,0
Cuba,CUB,2021,,2.11,,,,4.6,356.3,67.64354869,,,,False,,,,missing,missing,,,,,,,,,25.399378991745067,,71.11907507,,0
Cuba,CUB,2022,,1.829,,,,12.2,1613.4,67.88410187,,,,False,,,,missing,missing,,,,,,,,,,,67.64354869,,0
Cayman Islands,CYM,2010,4156841164.0,,129000000.0,,,17.0,289.0,66.0,0.276140862,0.83333,115.8494384,False,,,,missing,missing,,,,,,,,22.148021287201377,,,,,0
Cayman Islands,CYM,2011,4186073160.0,,145000000.0,,,18.0,309.0,69.46594499,1.325435758,0.83333,112.9850019,False,,,,missing,missing,,,,,,,,22.155028938122797,22.148021287201377,0.276140862,66.0,,0
Cayman Islands,CYM,2012,4291004486.0,,183000000.0,,,20.0,322.0,69.7,1.188948452,0.83333,116.0290689,False,,,,missing,missing,,,,,,,,22.179786688399204,22.155028938122797,1.325435758,69.46594499,,0
Cayman Islands,CYM,2013,4405796081.0,,192000000.0,,,20.0,345.0,71.4,2.160611468,0.83333,118.013816,False,,,,missing,missing,,,,,,,,22.206186802140216,22.179786688399204,1.188948452,69.7,,0
Cayman Islands,CYM,2014,4562853582.0,,168000000.0,,,19.0,383.0,74.1,1.273979115,0.83333,119.32771,False,,,,missing,missing,,,,,,,,22.24121405027691,22.206186802140216,2.160611468,71.4,,0
Cayman Islands,CYM,2015,4708167255.0,,191000000.0,,,18.7,385.4,77.0,-2.347527702,0.83333,119.3251441,False,,,,missing,missing,,,,,,,,22.27256455141435,22.24121405027691,1.273979115,74.1,,0
Cayman Islands,CYM,2016,4909322200.0,,194000000.0,,,21.0,385.0,79.0,-0.625258359,0.83333,118.456403,False,,,,missing,missing,,,,,,,,22.314401724417262,22.27256455141435,-2.347527702,77.0,,0
Cayman Islands,CYM,2017,5166281293.0,,271000000.0,,,23.6,418.4,81.06769325,,0.83333,117.6957952,False,,,,missing,missing,,,,,,,,22.365418980970034,22.314401724417262,-0.625258359,79.0,,0
Cayman Islands,CYM,2018,5530178499.0,,284000000.0,,,27.3,463.0,,,0.83333,116.7850493,False,,,,missing,missing,,,,,,,,22.433485930259902,22.365418980970034,,81.06769325,,0
Cayman Islands,CYM,2019,5941896600.0,,299000000.0,,,31.0,502.8,,,0.83333,121.3995687,False,,,,missing,missing,,,,,,,,22.50529421228712,22.433485930259902,,,,0
Cayman Islands,CYM,2020,5655357984.0,,,,,7.9,121.8,,,0.83333,124.5318721,False,,,,missing,missing,,,,,,,,22.455869248489662,22.50529421228712,,,,0
Cyprus,CYP,2008,27844646258.0,3.756,1968000000.0,,43672.0,,,42.31,4.669008419,0.67992268,102.0430177,False,,,,missing,missing,,,,,,,,24.04990654993895,,,,,0
Cyprus,CYP,2009,26048179949.0,5.594,1742000000.0,,40884.0,,,49.81,0.326276652,0.716957702,95.08894567,False,,,,missing,missing,,,,,,,,23.983213735104165,24.04990654993895,4.669008419,42.31,,0
Cyprus,CYP,2010,25799940078.0,6.359,1320000000.0,,43053.0,150.0,2173.0,52.99,2.430040841,0.75430899,92.84460679,False,,,,missing,missing,,,,,,,,23.973638006313145,23.983213735104165,0.326276652,49.81,,0
Cyprus,CYP,2011,27641549302.0,7.942,1366000000.0,,41048.0,161.0,2392.0,56.85989235,3.289449396,0.718413899,97.24541544,False,,,,missing,missing,,,,,,,,24.04258588716933,23.973638006313145,2.430040841,52.99,,0
Cyprus,CYP,2012,25047436975.0,12.097,1318000000.0,,41372.0,125.0,2370.0,60.6898684,2.3890541,0.77833812,90.81574906,False,,,,missing,missing,,,,,,,,23.944037342875344,24.04258588716933,3.289449396,56.85989235,,0
Cyprus,CYP,2013,23959712861.0,16.131,1254000000.0,,39244.0,100.0,2363.0,65.4548,-0.399357676,0.752945123,91.28378568,False,,,,missing,missing,,,,,,,,23.89963962602335,23.944037342875344,2.3890541,60.6898684,,0
Cyprus,CYP,2014,23225918260.0,16.277,1343000000.0,,40938.0,115.0,2441.0,69.32869671,-1.354988854,0.752728197,90.29980967,False,,,,missing,missing,,,,,,,,23.868534658432,23.89963962602335,-0.399357676,65.4548,,0
Cyprus,CYP,2015,19909278417.0,15.026,1453000000.0,,43584.0,137.0,2659.0,71.71574092,-2.096997691,0.901296423,73.57638246,False,,,,missing,missing,,,,,,,,23.71445171212567,23.868534658432,-1.354988854,69.32869671,,0
Cyprus,CYP,2016,21046462281.0,13.006,1559318481.0,,48574.0,176.8,3186.6,75.9002054,-1.429166667,0.903421436,68.88534636,False,,,,missing,missing,,,,,,,,23.76999832029036,23.71445171212567,-2.096997691,71.71574092,,0
Cyprus,CYP,2017,22946570629.0,11.155,1378000000.0,,51547.0,213.1,3652.0,80.74318897,0.531766496,0.885205508,69.49640597,False,,,,missing,missing,,,,,,,,23.856434334357218,23.76999832029036,-1.429166667,75.9002054,,0
Cyprus,CYP,2018,25754001368.0,8.504,1569000000.0,,52352.0,237.7,3938.6,84.43358252,1.435491195,0.846772667,72.32634666,False,,,,missing,missing,,,,,,,,23.971855844915964,23.856434334357218,0.531766496,80.74318897,,0
Cyprus,CYP,2019,26196667100.0,7.155,1596000000.0,,54196.0,248.5,3976.8,86.06362996,0.250370997,0.893276257,65.83625872,False,,,,missing,missing,,,,,,,,23.98889802969793,23.971855844915964,1.435491195,84.43358252,,0
Cyprus,CYP,2020,25555093854.0,7.755,880000000.0,,,74.022,631.5,90.80194644,-0.638422798,0.875506397,66.08162336,False,,,,missing,missing,,,,,,,,23.964102501787576,23.98889802969793,0.250370997,86.06362996,,0
Cyprus,CYP,2021,30372642502.0,7.513,,,46129.0,111.729,,90.75951564,2.446088672,0.845494139,69.14981726,False,,,,missing,missing,,,,,,,,24.13680812249219,23.964102501787576,-0.638422798,90.80194644,,0
Cyprus,CYP,2022,31218038929.0,6.806,,,53942.0,195.795,,89.60099194,8.39548298,0.949623753,59.47244575,False,,,,missing,missing,,,,,,,,24.16426193548679,24.13680812249219,2.446088672,90.75951564,,0
Cyprus,CYP,2023,35075423857.0,5.835,,,55940.0,240.398,,91.22110357,3.541341888,0.924839558,61.16721488,False,,,,missing,missing,,,,,,,,24.28076654716698,24.16426193548679,8.39548298,89.60099194,,0
Cyprus,CYP,2024,37634533332.0,4.9,,,60329.0,278.878,,89.60099246,1.800230186,0.923889546,61.38120368,False,,,,missing,missing,,,,,,,,24.351187905515452,24.28076654716698,3.541341888,91.22110357,,0
Czechia,CZE,2008,236506000000.0,4.392,5029000000.0,2.80155,,,,62.97,6.358663802,17.07166667,81.51919844,False,,,,missing,missing,,,,,,,,26.189239414535443,,,,,0
Czechia,CZE,2009,206972000000.0,6.662,4336000000.0,2.87347,,,,64.43,1.019377353,19.063,71.5088496,False,,,,missing,missing,,,,,,,,26.055849355362067,26.189239414535443,6.358663802,62.97,,0
Czechia,CZE,2010,211169000000.0,7.281,4354000000.0,2.65298,,,,68.82,1.472727273,19.09825,71.60808975,False,,,,missing,missing,,,,,,,,26.075924597702205,26.055849355362067,1.019377353,64.43,,0
Czechia,CZE,2011,231429000000.0,6.712,4876000000.0,2.65992,,,,70.49,1.917219136,17.69591667,75.4146013,False,,,,missing,missing,,,,,,,,26.167538967967666,26.075924597702205,1.472727273,68.82,,0
Czechia,CZE,2012,210363000000.0,6.979,4556000000.0,2.74939,,,,73.43000782,3.287623066,19.5775,67.92337632,False,,,,missing,missing,,,,,,,,26.072100446832263,26.167538967967666,1.917219136,70.49,,0
Czechia,CZE,2013,213024000000.0,6.953,4698000000.0,2.88297,,,,74.1104,1.438297872,19.57058333,65.32902358,False,,,,missing,missing,,,,,,,,26.084670672364705,26.072100446832263,3.287623066,73.43000782,,0
Czechia,CZE,2014,210911000000.0,6.108,5173000000.0,2.76361,,,,74.23171164,0.34398859,20.7575,61.19816934,False,,,,missing,missing,,,,,,,,26.07470208049157,26.084670672364705,1.438297872,74.1104,,0
Czechia,CZE,2015,189108000000.0,5.048,4819000000.0,2.77236,229197.0528,,,75.6688387,0.309364548,24.59875,52.5960872,False,,,,missing,missing,,,,,,,,25.965584117374345,26.07470208049157,0.34398859,74.23171164,,0
Czechia,CZE,2016,198161000000.0,3.952,4962000000.0,2.90684,233298.582,,,76.4811987,0.683504209,24.43991667,51.45820737,False,,,,missing,missing,,,,,,,,26.01234566854191,25.965584117374345,0.309364548,75.6688387,,0
Czechia,CZE,2017,221564000000.0,2.893,5533000000.0,2.94173,235177.9993,,,78.71917285,2.450533985,23.37633333,53.15198848,False,,,,missing,missing,,,,,,,,26.123977323748672,26.01234566854191,0.683504209,76.4811987,,0
Czechia,CZE,2018,251992000000.0,2.246,6074000000.0,2.87942,238336.691,,,80.68816754,2.149494949,21.72991667,56.93315897,False,,,,missing,missing,,,,,,,,26.252663177922173,26.123977323748672,2.450533985,78.71917285,,0
Czechia,CZE,2019,256794000000.0,2.015,6034000000.0,2.87382,239506.299,,,80.86694441,2.847875959,22.93225,52.75290475,False,,,,missing,missing,,,,,,,,26.27154004400328,26.252663177922173,2.149494949,80.68816754,,0
Czechia,CZE,2020,251110000000.0,2.55,3495000000.0,1.48,220663.0,,,81.33889705,3.161295285,23.21025,52.34871231,False,,,,missing,missing,,,,,,,,26.249156927087974,26.27154004400328,2.847875959,80.86694441,,0
Czechia,CZE,2021,290973000000.0,2.803,,1.53,212729.0,,,82.67062427,3.839844915,21.67816667,57.94719726,False,,,,missing,missing,,,,,,,,26.39649631630809,26.249156927087974,3.161295285,81.33889705,,0
Czechia,CZE,2022,301831000000.0,2.224,,2.15,219505.0,,,84.54009378,15.10016515,23.357,53.41613649,False,,,,missing,missing,,,,,,,,26.433133095036272,26.39649631630809,3.839844915,82.67062427,,0
Czechia,CZE,2023,345059000000.0,2.579,,2.36,224338.0,,,85.99404818,10.66126014,22.19808333,56.65400842,False,,,,missing,missing,,,,,,,,26.566981253849214,26.433133095036272,15.10016515,84.54009378,,0
Germany,DEU,2010,3467090000000.0,7.043,90866000000.0,4.20699,,,,82.0,1.103810378,0.75430899,106.7558534,False,,,,missing,missing,,,,,,,,28.874336741336904,,,,,0
Germany,DEU,2015,3425100000000.0,4.612,85334000000.0,4.05767,,,,87.58979935,0.514426137,0.901296423,86.33363895,False,,,,missing,missing,,,,,,,,28.862151784296803,28.874336741336904,1.103810378,82.0,,0
Germany,DEU,2016,3536790000000.0,4.104,87412000000.0,3.99537,,,,84.16520664,0.491747008,0.903421436,83.30641379,False,,,,missing,missing,,,,,,,,28.894240652039837,28.862151784296803,0.514426137,87.58979935,,0
Germany,DEU,2017,3765350000000.0,3.781,97163000000.0,3.9861,,,,84.3941537,1.509494851,0.885205508,84.13673357,False,,,,missing,missing,,,,,,,,28.95686193434714,28.894240652039837,0.491747008,84.16520664,,0
Germany,DEU,2018,4055430000000.0,3.384,103502000000.0,3.97426,,,,87.03711209,1.732168798,0.846772667,86.85306323,False,,,,missing,missing,,,,,,,,29.03107783979743,28.95686193434714,1.509494851,84.3941537,,0
Germany,DEU,2019,3959890000000.0,3.163,101231000000.0,3.85284,,,,88.13451691,1.445659769,0.893276257,80.3497232,False,,,,missing,missing,,,,,,,,29.00723736303135,29.03107783979743,1.732168798,87.03711209,,0
Germany,DEU,2020,3941400000000.0,3.881,,2.35015,,,,89.81294133,0.144877926,0.875506397,80.73453289,False,,,,missing,missing,,,,,,,,29.002557106072892,29.00723736303135,1.445659769,88.13451691,,0
Germany,DEU,2021,4355250000000.0,3.594,,2.16005,,,,91.43060973,3.066666667,0.845494139,83.58390289,False,,,,missing,missing,,,,,,,,29.10240312986668,29.002557106072892,0.144877926,89.81294133,,0
Germany,DEU,2022,4201020000000.0,3.137,,,3517214.0,,,91.62984383,6.872574386,0.949623753,72.49429026,False,,,,missing,missing,,,,,,,,29.066348468875706,29.10240312986668,3.066666667,91.43060973,,0
Germany,DEU,2023,4562210000000.0,3.071,,,3550348.0,,,92.4763763,5.946436677,0.924839558,75.80276963,False,,,,missing,missing,,,,,,,,29.148828271173194,29.066348468875706,6.872574386,91.62984383,,0
Djibouti,DJI,2017,2762581334.0,26.064,,,,60.8,132.7,55.68140925,0.577285725,177.721,55.99990869,False,,,,missing,missing,,,,,,,,21.739431345528814,,,,,0
Djibouti,DJI,2018,2913464658.0,26.18,,,,63.9,142.0,57.06169891,0.1388364,177.721,53.47283407,False,,,,missing,missing,,,,,,,,21.792608814046506,21.739431345528814,0.577285725,55.68140925,,0
Djibouti,DJI,2019,3088851450.0,26.257,,,,72.4,167.5,58.4762001,3.317632033,177.721,52.55963005,False,,,,missing,missing,,,,,,,,21.851065159729732,21.792608814046506,0.1388364,57.06169891,,0
Djibouti,DJI,2020,3144136197.0,27.701,,,,41.5,74.8,59.92570114,1.779005356,177.721,51.4725376,False,,,,missing,missing,,,,,,,,21.86880503023159,21.851065159729732,3.317632033,58.4762001,,0
Djibouti,DJI,2021,3392796953.0,27.628,,,,54.6,114.1,61.41120148,1.180867839,177.721,50.76940261,False,,,,missing,missing,,,,,,,,21.94492047804597,21.86880503023159,1.779005356,59.92570114,,0
Djibouti,DJI,2022,3562814909.0,26.272,,,,68.1,144.9,63.77600098,5.172220886,177.721,47.32816904,False,,,,missing,missing,,,,,,,,21.993816774143298,21.94492047804597,1.180867839,61.41120148,,0
Dominica,DMA,2010,519859259.3,,,,,14.2,76.5,47.45,2.999366305,2.7,69.10979283,True,Work in Nature (WIN) Visa,2021-04,2021-04,month,month,2021-04-01,2021-04-01,2021,4,2022,2021,,20.069068677713712,,,,2022.0,0
Dominica,DMA,2011,532081481.5,,,,,13.9,75.6,48.59999847,1.131231365,2.7,69.27516725,True,Work in Nature (WIN) Visa,2021-04,2021-04,month,month,2021-04-01,2021-04-01,2021,4,2022,2021,,20.0923071962923,20.069068677713712,2.999366305,47.45,2022.0,0
Dominica,DMA,2012,520355555.6,,,,,13.4,79.0,49.79999924,1.356771478,2.7,68.93666415,True,Work in Nature (WIN) Visa,2021-04,2021-04,month,month,2021-04-01,2021-04-01,2021,4,2022,2021,,20.07002289665109,20.0923071962923,1.131231365,48.59999847,2022.0,0
Dominica,DMA,2013,545325925.9,,,,,12.7,78.3,51.0,-0.046411647,2.7,69.30738129,True,Work in Nature (WIN) Visa,2021-04,2021-04,month,month,2021-04-01,2021-04-01,2021,4,2022,2021,,20.116894203053644,20.07002289665109,1.356771478,49.79999924,2022.0,0
Dominica,DMA,2014,572255555.6,,39000000.0,,,13.7,81.5,57.5,0.799250373,2.7,67.29745781,True,Work in Nature (WIN) Visa,2021-04,2021-04,month,month,2021-04-01,2021-04-01,2021,4,2022,2021,,20.16509622509408,20.116894203053644,-0.046411647,51.0,2022.0,0
Dominica,DMA,2015,583177777.8,,34000000.0,,,13.0,74.5,65.0,-0.843826985,2.7,68.49237229,True,Work in Nature (WIN) Visa,2021-04,2021-04,month,month,2021-04-01,2021-04-01,2021,4,2022,2021,,20.184002634023287,20.16509622509408,0.799250373,57.5,2022.0,0
Dominica,DMA,2016,612711111.1,,33000000.0,,,13.2,78.4,67.02999878,0.141816226,2.7,67.99968876,True,Work in Nature (WIN) Visa,2021-04,2021-04,month,month,2021-04-01,2021-04-01,2021,4,2022,2021,,20.23340411218136,20.184002634023287,-0.843826985,65.0,2022.0,0
Dominica,DMA,2017,563355555.6,,28000000.0,,,12.4,72.2,69.61969757,0.296252889,2.7,64.78042073,True,Work in Nature (WIN) Visa,2021-04,2021-04,month,month,2021-04-01,2021-04-01,2021,4,2022,2021,,20.14942152424589,20.23340411218136,0.141816226,67.02999878,2022.0,0
Dominica,DMA,2018,628244444.4,,28000000.0,,,11.8,62.9,,0.989191119,2.7,61.15044046,True,Work in Nature (WIN) Visa,2021-04,2021-04,month,month,2021-04-01,2021-04-01,2021,4,2022,2021,,20.258439891372355,20.14942152424589,0.296252889,69.61969757,2022.0,0
Dominica,DMA,2019,644259259.3,,31000000.0,,,9.3,89.5,73.38200378,1.504623539,2.7,59.2434318,True,Work in Nature (WIN) Visa,2021-04,2021-04,month,month,2021-04-01,2021-04-01,2021,4,2022,2021,,20.283611779609224,20.258439891372355,0.989191119,,2022.0,0
Dominica,DMA,2020,528944444.4,,9000000.0,,,2.7,21.8,75.65670013,1.220264422,2.7,54.95562377,True,Work in Nature (WIN) Visa,2021-04,2021-04,month,month,2021-04-01,2021-04-01,2021,4,2022,2021,,20.086393964269774,20.283611779609224,1.504623539,73.38200378,2022.0,0
Dominica,DMA,2021,562911111.1,,,,,3.2,15.0,78.07949829,2.228913307,2.7,52.9851207,True,Work in Nature (WIN) Visa,2021-04,2021-04,month,month,2021-04-01,2021-04-01,2021,4,2022,2021,,20.148632289269464,20.086393964269774,1.220264422,75.65670013,2022.0,0
Dominica,DMA,2022,623062963.0,,,,,5.9,61.1,80.57980347,2.884902268,2.7,49.59630934,True,Work in Nature (WIN) Visa,2021-04,2021-04,month,month,2021-04-01,2021-04-01,2021,4,2022,2021,,20.25015813585054,20.148632289269464,2.228913307,78.07949829,2022.0,1
Denmark,DNK,2008,354979000000.0,3.683,9698000000.0,1.68281,157499.0,,,85.02,3.416267943,5.098130833,155.8252682,False,,,,missing,missing,,,,,,,,26.59532446974253,,,,,0
Denmark,DNK,2009,322619000000.0,6.409,8968000000.0,,153504.0,,,86.84,1.30470991,5.360866667,144.1424761,False,,,,missing,missing,,,,,,,,26.499737897369403,26.59532446974253,3.416267943,85.02,,0
Denmark,DNK,2010,322346000000.0,7.746,9082000000.0,1.97473,154882.0,1099.0,26730.0,88.72,2.31092437,5.624075,135.008797,False,,,,missing,missing,,,,,,,,26.498891339753705,26.499737897369403,1.30470991,86.84,,0
Denmark,DNK,2011,344316000000.0,7.769,9840000000.0,1.45256,158077.0,734.0,25812.0,89.81001339,2.758682261,5.368711535,139.0741885,False,,,,missing,missing,,,,,,,,26.564825677311926,26.498891339753705,2.31092437,88.72,,0
Denmark,DNK,2012,326793000000.0,7.798,9600000000.0,1.47303,159872.0,771.0,26403.0,92.26001172,2.397914857,5.792475537,130.5855493,False,,,,missing,missing,,,,,,,,26.51259277987421,26.564825677311926,2.758682261,89.81001339,,0
Denmark,DNK,2013,344631000000.0,7.384,10072000000.0,1.68546,164416.0,789.0,26516.0,94.6297,0.78907178,5.616311686,130.9550896,False,,,,missing,missing,,,,,,,,26.565740116367326,26.51259277987421,2.397914857,92.26001172,,0
Denmark,DNK,2014,352833000000.0,6.925,10443000000.0,1.88571,170409.0,1104.0,28070.0,95.99350538,0.56402054,5.612466667,130.578486,False,,,,missing,missing,,,,,,,,26.589260694119663,26.565740116367326,0.78907178,94.6297,,0
Denmark,DNK,2015,301759000000.0,6.278,8918000000.0,1.87378,178343.0,1171.0,28209.0,96.33050162,0.452034154,6.727906831,108.5829097,False,,,,missing,missing,,,,,,,,26.432894522494177,26.589260694119663,0.56402054,95.99350538,,0
Denmark,DNK,2016,312182000000.0,5.989,9174000000.0,1.93069,186810.0,1124.0,28692.0,96.96778525,0.25,6.731718257,105.171603,False,,,,missing,missing,,,,,,,,26.466852188016475,26.432894522494177,0.452034154,96.33050162,,0
Denmark,DNK,2017,331611000000.0,5.833,9804000000.0,2.3387,193684.0,1471.0,30736.0,97.09936216,1.14713217,6.602893466,104.0707235,False,,,,missing,missing,,,,,,,,26.52722843215434,26.466852188016475,0.25,96.96778525,,0
Denmark,DNK,2018,355293000000.0,5.131,10485000000.0,2.25813,198418.0,1535.2,30800.6,97.31920437,0.813609467,6.314618787,107.1481467,False,,,,missing,missing,,,,,,,,26.596208638118743,26.52722843215434,1.14713217,97.09936216,,0
Denmark,DNK,2019,345401000000.0,5.018,,2.33104,203801.0,1526.0,32065.0,98.04643475,0.758131573,6.669446615,98.03498517,False,,,,missing,missing,,,,,,,,26.567971897848775,26.596208638118743,0.813609467,97.31920437,,0
Denmark,DNK,2020,355631000000.0,5.644,,1.41282,180900.0,373.0,16031.0,96.54914573,0.420711974,6.542152204,97.29301308,False,,,,missing,missing,,,,,,,,26.597159513389425,26.567971897848775,0.758131573,98.04643475,,0
Denmark,DNK,2021,406110000000.0,5.065,,1.44197,207548.0,483.0,18371.8,98.8658506,1.85304544,6.287113083,100.0183696,False,,,,missing,missing,,,,,,,,26.729889895812217,26.597159513389425,0.420711974,96.54914573,,0
Denmark,DNK,2022,400114000000.0,4.434,,1.81129,214762.0,1243.0,31530.0,97.86011812,7.696566999,7.076151863,86.28585308,False,,,,missing,missing,,,,,,,,26.715015343449608,26.729889895812217,1.85304544,98.8658506,,0
Denmark,DNK,2023,404652000000.0,5.094,,1.96083,,,,98.77559197,3.305178112,6.889702586,87.88273405,False,,,,missing,missing,,,,,,,,26.726293275418847,26.715015343449608,7.696566999,97.86011812,,0
Dominican Republic,DOM,2010,53801053353.0,5.212,662000000.0,,,166.0,4125.0,31.39999962,6.329932201,36.82129187,48.71758866,False,,,,missing,missing,,,,,,,,24.70855888297453,,,,,0
Dominican Republic,DOM,2011,57948261616.0,6.087,689000000.0,,,159.0,4306.0,38.0,5.796768092,38.08758487,49.8219534,False,,,,missing,missing,,,,,,,,24.78281640828395,24.70855888297453,6.329932201,31.39999962,,0
Dominican Republic,DOM,2012,60561635556.0,6.722,690000000.0,,,150.0,4563.0,42.32,3.694497079,39.32030084,51.06574055,False,,,,missing,missing,,,,,,,,24.82692745291039,24.78281640828395,5.796768092,38.0,,0
Dominican Republic,DOM,2013,62555417415.0,7.351,679000000.0,,,154.5,4689.9,45.9,4.830950967,41.79450343,49.43321068,False,,,,missing,missing,,,,,,,,24.859318679461477,24.82692745291039,3.694497079,42.32,,0
Dominican Republic,DOM,2014,67014329100.0,6.719,717000000.0,,,134.0,5141.0,49.58000183,2.998642261,43.54967262,48.2476922,False,,,,missing,missing,,,,,,,,24.928172300635236,24.859318679461477,4.830950967,45.9,,0
Dominican Republic,DOM,2015,70966782572.0,7.605,803000000.0,,499469.2306,115.1,5599.9,54.21576634,0.836746347,45.04549907,45.93966729,False,,,,missing,missing,,,,,,,,24.985477753412663,24.928172300635236,2.998642261,49.58000183,,0
Dominican Republic,DOM,2016,75552902636.0,7.284,882000000.0,,504310.3539,115.8,5959.3,63.87086474,1.614166072,46.06444394,43.97714342,False,,,,missing,missing,,,,,,,,25.04809894499331,24.985477753412663,0.836746347,54.21576634,,0
Dominican Republic,DOM,2017,79070274743.0,5.832,940000000.0,,532076.4456,107.0,6187.5,67.57124533,3.279556947,47.5343582,44.00228261,False,,,,missing,missing,,,,,,,,25.093602847703874,25.04809894499331,1.614166072,63.87086474,,0
Dominican Republic,DOM,2018,84994732049.0,5.861,1006000000.0,,542697.6967,135.3,6568.8,74.82204836,3.56443426,49.50999286,43.80690782,False,,,,missing,missing,,,,,,,,25.165855115622026,25.093602847703874,3.279556947,67.57124533,,0
Dominican Republic,DOM,2019,89146130745.0,6.356,1060000000.0,,573247.2883,122.5,6446.0,79.71549988,1.81060377,51.29485833,41.39785707,False,,,,missing,missing,,,,,,,,25.21354277868721,25.165855115622026,3.56443426,74.82204836,,0
Dominican Republic,DOM,2020,78546672407.0,6.126,444000000.0,,490548.6325,80.06,2405.3,81.61730194,3.781031799,56.52453333,37.55715046,False,,,,missing,missing,,,,,,,,25.086958838013604,25.21354277868721,1.81060377,79.71549988,,0
Dominican Republic,DOM,2021,94850719517.0,7.702,,,528985.1955,113.614,4994.3,85.24298638,8.24300348,57.22111667,38.66547869,False,,,,missing,missing,,,,,,,,25.275570119139463,25.086958838013604,3.781031799,81.61730194,,0
Dominican Republic,DOM,2022,113478000000.0,5.504,,,590188.1433,249.481,7163.3,81.51269675,8.811092093,55.14099167,41.0376286,False,,,,missing,missing,,,,,,,,25.454874822480782,25.275570119139463,8.24300348,85.24298638,,0
Dominican Republic,DOM,2023,120456000000.0,5.555,,,621293.0042,331.897012,,86.12689972,4.78561281,56.1576,41.1056639,False,,,,missing,missing,,,,,,,,25.514550377967154,25.454874822480782,8.811092093,81.51269675,,0
Dominican Republic,DOM,2024,124282000000.0,5.312,,,661540.1722,354.6976486,,91.0022446,3.30223339,59.56513333,39.43077242,False,,,,missing,missing,,,,,,,,25.54581901403569,25.514550377967154,4.78561281,86.12689972,,0
Algeria,DZA,2008,180384000000.0,11.33,613000000.0,0.77914,182000.0,,,10.18,4.858590628,64.5828,37.91040609,False,,,,missing,missing,,,,,,,,25.918353748845576,,,,,0
Algeria,DZA,2009,150317000000.0,10.16,574000000.0,1.01034,198000.0,,,11.23,5.737060361,72.64741667,31.0255009,False,,,,missing,missing,,,,,,,,25.73601223442831,25.918353748845576,4.858590628,10.18,,0
Algeria,DZA,2010,177785000000.0,9.96,716000000.0,0.95513,213000.0,278.0,655.0,12.5,3.911061955,74.38598333,34.59375569,False,,,,missing,missing,,,,,,,,25.90384079201289,25.73601223442831,5.737060361,11.23,,0
Algeria,DZA,2011,218332000000.0,9.96,595000000.0,0.82206,220000.0,272.0,902.0,14.89999962,4.524211505,72.93788333,40.41231537,False,,,,missing,missing,,,,,,,,26.109282677024677,25.90384079201289,3.911061955,12.5,,0
Algeria,DZA,2012,227144000000.0,10.97,598000000.0,0.87226,224028.0,280.0,982.0,18.20000076,8.891450911,77.53596667,41.78042551,False,,,,missing,missing,,,,,,,,26.14885001453926,26.109282677024677,4.524211505,14.89999962,,0
Algeria,DZA,2013,229701000000.0,9.82,531000000.0,1.00661,256775.0,292.0,964.0,22.5,3.25423911,79.3684,41.60932441,False,,,,missing,missing,,,,,,,,26.16004430013656,26.14885001453926,8.891450911,18.20000076,,0
Algeria,DZA,2014,238943000000.0,10.207,679000000.0,1.03,261289.0,328.6,940.2,29.5,2.916926921,80.57901667,41.47702646,False,,,,missing,missing,,,,,,,,26.199490866709922,26.16004430013656,3.25423911,22.5,,0
Algeria,DZA,2015,187494000000.0,11.206,762000000.0,1.15092,265803.0,360.0,1083.0,38.20000076,4.784447007,100.6914333,33.93162692,False,,,,missing,missing,,,,,,,,25.957012681844866,26.199490866709922,2.916926921,29.5,,0
Algeria,DZA,2016,180764000000.0,10.202,556000000.0,1.28468,270317.0,380.4,1322.7,42.94549942,6.397694803,109.4430667,32.92927514,False,,,,missing,missing,,,,,,,,25.920458150034207,25.957012681844866,4.784447007,38.20000076,,0
Algeria,DZA,2017,189881000000.0,12.0,632000000.0,1.37483,300000.0,238.0,1708.0,47.69110107,5.59111591,110.9730167,33.75437829,False,,,,missing,missing,,,,,,,,25.969663397099755,25.920458150034207,6.397694803,42.94549942,,0
Algeria,DZA,2018,194554000000.0,12.112,542000000.0,1.39329,308027.0,181.1,2018.8,49.03846808,4.269990205,116.5937917,33.3442709,False,,,,missing,missing,,,,,,,,25.993975596432897,25.969663397099755,5.59111591,47.69110107,,0
Algeria,DZA,2019,193460000000.0,12.302,670000000.0,1.38079,320000.0,158.1,1933.8,55.79069901,1.951768211,119.3535583,32.16442464,False,,,,missing,missing,,,,,,,,25.988336609700813,25.993975596432897,4.269990205,49.03846808,,0
Algeria,DZA,2020,164873000000.0,14.08,272000000.0,0.65178,,35.6,510.1,63.47269821,2.415130941,126.7768,29.5313225,False,,,,missing,missing,,,,,,,,25.828441317508496,25.988336609700813,1.951768211,55.79069901,,0
Algeria,DZA,2021,186231000000.0,13.656,,0.86207,,45.4,67.0,72.21240234,7.226063074,135.0640583,28.69971634,False,,,,missing,missing,,,,,,,,25.95025367557954,25.828441317508496,2.415130941,63.47269821,,0
Algeria,DZA,2022,225582000000.0,12.382,,1.1442,,56.2,757.4,74.78150177,9.265515516,141.994975,31.32773424,False,,,,missing,missing,,,,,,,,26.1419495661531,25.95025367557954,7.226063074,72.21240234,,0
Algeria,DZA,2023,247924000000.0,11.645,,1.4723,,,,76.19760132,9.322173759,135.8429333,31.89431047,False,,,,missing,missing,,,,,,,,26.2363880845326,26.1419495661531,9.265515516,74.78150177,,0
Algeria,DZA,2024,269322000000.0,11.655,,1.57993,,,,77.4178009,4.046114553,134.0532417,32.60162266,False,,,,missing,missing,,,,,,,,26.31917352670612,26.2363880845326,9.322173759,76.19760132,,0
Ecuador,ECU,2008,61139438000.0,3.917,790000000.0,1.82,306564.0,,,18.8,8.40009594,1.0,48.42372892,True,Visa de Residencia Temporal Rentista Para Trabajo Remoto,2022-06,2022-06,month,month,2022-06-01,2022-06-01,2022,6,2023,2022,active,24.836422961348536,,,,2023.0,0
Ecuador,ECU,2009,60094978000.0,4.608,806000000.0,1.66,293077.0,,,24.6,5.159968292,1.0,46.79419729,True,Visa de Residencia Temporal Rentista Para Trabajo Remoto,2022-06,2022-06,month,month,2022-06-01,2022-06-01,2022,6,2023,2022,active,24.819192114264066,24.836422961348536,8.40009594,18.8,2023.0,0
Ecuador,ECU,2010,68151329000.0,4.088,863000000.0,1.72,280828.0,259.0,1047.0,29.03,3.554377346,1.0,50.39959443,True,Visa de Residencia Temporal Rentista Para Trabajo Remoto,2022-06,2022-06,month,month,2022-06-01,2022-06-01,2022,6,2023,2022,active,24.944996495999323,24.819192114264066,5.159968292,24.6,2023.0,0
Ecuador,ECU,2011,78986648000.0,3.458,917000000.0,1.86,329395.0,282.5,1140.9,31.36680836,4.474532658,1.0,52.75723338,True,Visa de Residencia Temporal Rentista Para Trabajo Remoto,2022-06,2022-06,month,month,2022-06-01,2022-06-01,2022,6,2023,2022,active,25.092544662470956,24.944996495999323,3.554377346,29.03,2023.0,0
Ecuador,ECU,2012,87735048000.0,3.235,944000000.0,1.9,345344.0,256.0,1272.0,35.13514645,5.10172181,1.0,54.9960872,True,Visa de Residencia Temporal Rentista Para Trabajo Remoto,2022-06,2022-06,month,month,2022-06-01,2022-06-01,2022,6,2023,2022,active,25.19758729161143,25.092544662470956,4.474532658,31.36680836,2023.0,0
Ecuador,ECU,2013,96570334000.0,3.083,989000000.0,1.89,677572.0,169.0,1364.0,40.27912194,2.721775777,1.0,54.08551474,True,Visa de Residencia Temporal Rentista Para Trabajo Remoto,2022-06,2022-06,month,month,2022-06-01,2022-06-01,2022,6,2023,2022,active,25.2935374295503,25.19758729161143,5.10172181,35.13514645,2023.0,0
Ecuador,ECU,2014,102718000000.0,3.48,990000000.0,1.96,726555.0,69.0,1695.0,45.59039067,3.589220166,1.0,54.12311039,True,Visa de Residencia Temporal Rentista Para Trabajo Remoto,2022-06,2022-06,month,month,2022-06-01,2022-06-01,2022,6,2023,2022,active,25.355253206293526,25.2935374295503,2.721775777,40.27912194,2023.0,0
Ecuador,ECU,2015,97209558000.0,3.616,994000000.0,1.9,791668.0,66.0,1676.0,48.94043379,3.966646233,1.0,54.939296,True,Visa de Residencia Temporal Rentista Para Trabajo Remoto,2022-06,2022-06,month,month,2022-06-01,2022-06-01,2022,6,2023,2022,active,25.300134876911734,25.355253206293526,3.589220166,45.59039067,2023.0,0
Ecuador,ECU,2016,97671433000.0,4.597,1454000000.0,1.87,867301.0,113.0,1569.0,54.06292473,1.728264633,1.0,54.38260953,True,Visa de Residencia Temporal Rentista Para Trabajo Remoto,2022-06,2022-06,month,month,2022-06-01,2022-06-01,2022,6,2023,2022,active,25.304874958152368,25.300134876911734,3.966646233,48.94043379,2023.0,0
Ecuador,ECU,2017,104467000000.0,3.836,1463000000.0,2.07,883438.0,240.9,1805.5,55.79999924,0.417335589,1.0,52.85397172,True,Visa de Residencia Temporal Rentista Para Trabajo Remoto,2022-06,2022-06,month,month,2022-06-01,2022-06-01,2022,6,2023,2022,active,25.372137069005596,25.304874958152368,1.728264633,54.06292473,2023.0,0
Ecuador,ECU,2018,107479000000.0,3.53,1523000000.0,2.31,877144.0,277.7,2535.2,57.5,-0.224103246,1.0,51.72707438,True,Visa de Residencia Temporal Rentista Para Trabajo Remoto,2022-06,2022-06,month,month,2022-06-01,2022-06-01,2022,6,2023,2022,active,25.40056131659385,25.372137069005596,0.417335589,55.79999924,2023.0,0
Ecuador,ECU,2019,107596000000.0,3.812,1650000000.0,2.28,902112.0,311.2,2107.6,59.2,0.266012515,1.0,49.47022498,True,Visa de Residencia Temporal Rentista Para Trabajo Remoto,2022-06,2022-06,month,month,2022-06-01,2022-06-01,2022,6,2023,2022,active,25.40164930926191,25.40056131659385,-0.224103246,57.5,2023.0,0
Ecuador,ECU,2020,95865473000.0,6.116,533000000.0,,,120.5,507.4,70.7,-0.338872393,1.0,47.39949107,True,Visa de Residencia Temporal Rentista Para Trabajo Remoto,2022-06,2022-06,month,month,2022-06-01,2022-06-01,2022,6,2023,2022,active,25.286211722726396,25.40164930926191,0.266012515,59.2,2023.0,0
Ecuador,ECU,2021,107179000000.0,4.504,,,766693.4639,216.0,669.4,69.1147995,0.133251386,1.0,44.87394691,True,Visa de Residencia Temporal Rentista Para Trabajo Remoto,2022-06,2022-06,month,month,2022-06-01,2022-06-01,2022,6,2023,2022,active,25.39776617087069,25.286211722726396,-0.338872393,70.7,2023.0,0
Ecuador,ECU,2022,116133000000.0,3.713,,,832934.2502,141.0,1265.0,69.71811356,3.466169722,1.0,42.87792427,True,Visa de Residencia Temporal Rentista Para Trabajo Remoto,2022-06,2022-06,month,month,2022-06-01,2022-06-01,2022,6,2023,2022,active,25.478001922988465,25.39776617087069,0.133251386,69.1147995,2023.0,0
Ecuador,ECU,2023,121147000000.0,3.51,,,856179.1767,,,72.6943146,2.215687642,1.0,42.23292839,True,Visa de Residencia Temporal Rentista Para Trabajo Remoto,2022-06,2022-06,month,month,2022-06-01,2022-06-01,2022,6,2023,2022,active,25.520270521211465,25.478001922988465,3.466169722,69.71811356,2023.0,1
Ecuador,ECU,2024,124676000000.0,3.453,,,854854.8383,,,77.17273115,1.547325156,1.0,43.07409743,True,Visa de Residencia Temporal Rentista Para Trabajo Remoto,2022-06,2022-06,month,month,2022-06-01,2022-06-01,2022,6,2023,2022,active,25.54898420920065,25.520270521211465,2.215687642,72.6943146,2023.0,1
"Egypt, Arab Rep.",EGY,2009,189147000000.0,9.087,2941000000.0,5.6,,,,20.0,11.76349544,5.544553309,25.53614181,False,,,,missing,missing,,,,,,,,25.96579032747144,,,,,0
"Egypt, Arab Rep.",EGY,2010,218984000000.0,8.757,2696000000.0,6.3,,126.0,14050.0,21.6,11.26518827,5.621942918,27.7794452,False,,,,missing,missing,,,,,,,,26.112264504733215,25.96579032747144,11.76349544,20.0,,0
"Egypt, Arab Rep.",EGY,2011,235990000000.0,11.849,2575000000.0,,,86.0,9497.0,25.6,10.06492599,5.932827652,28.82301705,False,,,,missing,missing,,,,,,,,26.18705526819291,26.112264504733215,11.26518827,21.6,,0
"Egypt, Arab Rep.",EGY,2012,279117000000.0,12.597,3037000000.0,4.8,,101.0,11196.0,26.4,7.111729433,6.056058333,28.96869702,False,,,,missing,missing,,,,,,,,26.35489688570182,26.18705526819291,10.06492599,25.6,,0
"Egypt, Arab Rep.",EGY,2013,288434000000.0,13.154,3261000000.0,3.9,,149.0,9174.0,29.4,9.469719811,6.870325,28.78329815,False,,,,missing,missing,,,,,,,,26.387732127225433,26.35489688570182,7.111729433,26.4,,0
"Egypt, Arab Rep.",EGY,2014,305595000000.0,13.105,3486000000.0,4.3,,144.0,9627.8,33.89460391,10.07021547,7.077608561,30.55048354,False,,,,missing,missing,,,,,,,,26.445526532848387,26.387732127225433,9.469719811,29.4,,0
"Egypt, Arab Rep.",EGY,2015,329367000000.0,13.052,3636000000.0,3.3,,82.0,9139.0,37.81938343,10.37049034,7.691258333,30.32999574,False,,,,missing,missing,,,,,,,,26.520438467522023,26.445526532848387,10.07021547,33.89460391,,0
"Egypt, Arab Rep.",EGY,2016,332442000000.0,12.45,4351000000.0,2.47,1987920.244,47.3,5257.8,41.24806709,13.81360621,10.02540079,30.6650168,False,,,,missing,missing,,,,,,,,26.52973124573635,26.520438467522023,10.37049034,37.81938343,,0
"Egypt, Arab Rep.",EGY,2017,248363000000.0,11.767,2419000000.0,1.63,2154366.685,73.4,8156.6,44.95020425,29.50660839,17.78253352,21.52953135,False,,,,missing,missing,,,,,,,,26.238157222609964,26.52973124573635,13.81360621,41.24806709,,0
"Egypt, Arab Rep.",EGY,2018,262589000000.0,9.855,2897000000.0,1.62,2230591.263,100.8,11196.0,46.92433677,14.40146578,17.76729042,20.15292276,False,,,,missing,missing,,,,,,,,26.29385590913348,26.238157222609964,29.50660839,44.95020425,,0
"Egypt, Arab Rep.",EGY,2019,318679000000.0,7.851,3718000000.0,2.32,2444186.086,116.0,12875.6,57.2828664,9.152799593,16.77058184,22.17186611,False,,,,missing,missing,,,,,,,,26.487450163509635,26.29385590913348,14.40146578,46.92433677,,0
"Egypt, Arab Rep.",EGY,2020,383818000000.0,7.974,2578000000.0,2.04,2427188.585,,,71.91420096,5.04493289,15.75917292,23.05110841,False,,,,missing,missing,,,,,,,,26.67343431884705,26.487450163509635,9.152799593,57.2828664,,0
"Egypt, Arab Rep.",EGY,2021,424672000000.0,7.441,,,2564827.396,,,72.05599976,5.214049405,15.64452728,24.56736762,False,,,,missing,missing,,,,,,,,26.77458294320125,26.67343431884705,5.04493289,71.91420096,,0
"Egypt, Arab Rep.",EGY,2022,476748000000.0,6.546,,,2639343.948,,,72.19806556,13.89566098,19.16043974,24.15716747,False,,,,missing,missing,,,,,,,,26.89025388634735,26.77458294320125,5.214049405,72.05599976,,0
"Egypt, Arab Rep.",EGY,2023,395926000000.0,6.753,,,2961290.212,,,74.01190186,33.88477631,30.6264137,18.64492736,False,,,,missing,missing,,,,,,,,26.704493162051893,26.89025388634735,13.89566098,72.19806556,,0
Eritrea,ERI,2010,1589515447.0,5.854,,,,7.0,84.0,0.610000014,,15.375,33.74828219,False,,,,missing,missing,,,,,,,,21.186695056418273,,,,,0
Eritrea,ERI,2011,2065001626.0,5.801,,,,7.0,107.0,0.699999988,,15.375,39.5266211,False,,,,missing,missing,,,,,,,,21.448396850768297,21.186695056418273,,0.610000014,,0
Eritrea,ERI,2012,,5.692,,,,6.0,129.0,0.800000012,,15.375,41.46634469,False,,,,missing,missing,,,,,,,,,21.448396850768297,,0.699999988,,0
Eritrea,ERI,2013,,5.624,,,,4.0,141.0,0.899999976,,15.375,39.42379799,False,,,,missing,missing,,,,,,,,,,,0.800000012,,0
Eritrea,ERI,2014,,5.637,,,,3.0,119.0,0.99000001,,15.375,39.2115643,False,,,,missing,missing,,,,,,,,,,,0.899999976,,0
Eritrea,ERI,2015,,5.751,,,,,114.0,1.083699942,,15.375,37.53940888,False,,,,missing,missing,,,,,,,,,,,0.99000001,,0
Eritrea,ERI,2016,,5.772,,,,6.0,142.0,1.177099943,,15.35,37.40041047,False,,,,missing,missing,,,,,,,,,,,1.083699942,,0
Estonia,EST,2008,24342935404.0,5.455,939000000.0,4.20903,,,,70.58,10.36235803,10.69444309,79.83814267,True,Estonian Digital Nomad Visa,2020,2020-08,year,month,2020-01-01,2020-08-01,2020,8,2021,2020,active,23.915507517234197,,,,2021.0,0
Estonia,EST,2009,19633984440.0,13.548,,4.6858,,,,72.5,-0.078408311,11.25743089,71.80675188,True,Estonian Digital Nomad Visa,2020,2020-08,year,month,2020-01-01,2020-08-01,2020,8,2021,2020,active,23.700527801713626,23.915507517234197,10.36235803,70.58,2021.0,0
Estonia,EST,2010,19524355419.0,16.707,,4.54803,,,,74.1,2.97204512,11.80684823,67.84258323,True,Estonian Digital Nomad Visa,2020,2020-08,year,month,2020-01-01,2020-08-01,2020,8,2021,2020,active,23.69492851901582,23.700527801713626,-0.078408311,72.5,2021.0,0
Estonia,EST,2011,23303915795.0,12.328,,4.39623,,,,76.5,4.981901315,0.718413899,71.21243074,True,Estonian Digital Nomad Visa,2020,2020-08,year,month,2020-01-01,2020-08-01,2020,8,2021,2020,active,23.871887243268834,23.69492851901582,2.97204512,74.1,2021.0,0
Estonia,EST,2012,23237406116.0,10.021,,4.34115,,,,78.38992593,3.933399873,0.77833812,66.94558397,True,Estonian Digital Nomad Visa,2020,2020-08,year,month,2020-01-01,2020-08-01,2020,8,2021,2020,active,23.86902914979216,23.871887243268834,4.981901315,76.5,2021.0,0
Estonia,EST,2013,25451032781.0,8.631,1236000000.0,4.78008,,,,80.0043,2.78056659,0.752945123,69.38407385,True,Estonian Digital Nomad Visa,2020,2020-08,year,month,2020-01-01,2020-08-01,2020,8,2021,2020,active,23.96002215990542,23.86902914979216,3.933399873,78.38992593,2021.0,0
Estonia,EST,2014,27055689003.0,7.352,1346000000.0,5.46358,,,,84.24152803,-0.106175147,0.752728197,69.99737782,True,Estonian Digital Nomad Visa,2020,2020-08,year,month,2020-01-01,2020-08-01,2020,8,2021,2020,active,24.02116313446975,23.96002215990542,2.78056659,80.0043,2021.0,0
Estonia,EST,2015,23311847751.0,6.412,1169000000.0,5.48218,,,,88.4097035,-0.492326007,0.901296423,59.64519397,True,Estonian Digital Nomad Visa,2020,2020-08,year,month,2020-01-01,2020-08-01,2020,8,2021,2020,active,23.872227555449655,24.02116313446975,-0.106175147,84.24152803,2021.0,0
Estonia,EST,2016,24561027788.0,6.882,1299000000.0,5.4584,,,,87.24023275,0.148684908,0.903421436,58.42777012,True,Estonian Digital Nomad Visa,2020,2020-08,year,month,2020-01-01,2020-08-01,2020,8,2021,2020,active,23.92442678739535,23.872227555449655,-0.492326007,88.4097035,2021.0,0
Estonia,EST,2017,27469461919.0,5.807,1395000000.0,5.4,,,,88.10245687,3.417235495,0.885205508,60.42754987,True,Estonian Digital Nomad Visa,2020,2020-08,year,month,2020-01-01,2020-08-01,2020,8,2021,2020,active,24.036340748911257,23.92442678739535,0.148684908,87.24023275,2021.0,0
Estonia,EST,2020,31820771494.0,6.956,676000000.0,,23963.0,,,89.05828666,-0.444531098,0.875506397,58.84617197,True,Estonian Digital Nomad Visa,2020,2020-08,year,month,2020-01-01,2020-08-01,2020,8,2021,2020,active,24.183385105130956,24.036340748911257,3.417235495,88.10245687,2021.0,0
Estonia,EST,2021,37201101171.0,6.178,,,23788.0,,,90.97970174,4.653166738,0.845494139,63.17015996,True,Estonian Digital Nomad Visa,2020,2020-08,year,month,2020-01-01,2020-08-01,2020,8,2021,2020,active,24.33960419915837,24.183385105130956,-0.444531098,89.05828666,2021.0,1
Estonia,EST,2022,38226641740.0,5.571,,,26873.0,,,91.52016546,19.39826341,0.949623753,59.00579026,True,Estonian Digital Nomad Visa,2020,2020-08,year,month,2020-01-01,2020-08-01,2020,8,2021,2020,active,24.366798537217917,24.33960419915837,4.653166738,90.97970174,2021.0,1
Estonia,EST,2023,41470344395.0,6.378,,,28655.0,,,93.18342241,9.15922508,0.924839558,61.9552867,True,Estonian Digital Nomad Visa,2020,2020-08,year,month,2020-01-01,2020-08-01,2020,8,2021,2020,active,24.448244415848297,24.366798537217917,19.39826341,91.52016546,2021.0,1
Ethiopia,ETH,2010,29933790334.0,2.295,,,,114.0,468.0,0.75,8.14926403,14.40958981,33.20625638,False,,,,missing,missing,,,,,,,,24.12225379075276,,,,,0
Ethiopia,ETH,2011,31952763089.0,2.27,,,,141.0,523.0,1.100000024,33.24995988,16.89922576,31.23761111,False,,,,missing,missing,,,,,,,,24.187524495689473,24.12225379075276,8.14926403,0.75,,0
Ethiopia,ETH,2012,43310721414.0,2.252,,,,188.0,596.0,2.900000095,23.60041768,17.70476138,38.3469649,False,,,,missing,missing,,,,,,,,24.49166604901875,24.187524495689473,33.24995988,1.100000024,,0
Ethiopia,ETH,2013,47648276605.0,2.251,,,,188.6,681.3,4.599999905,7.464021929,18.62662896,38.63451382,False,,,,missing,missing,,,,,,,,24.587112298606613,24.49166604901875,23.60041768,2.900000095,,0
Ethiopia,ETH,2014,55612228234.0,2.361,,,,213.7,770.3,7.699999809,6.890019516,19.58578991,37.04532697,False,,,,missing,missing,,,,,,,,24.74166894628758,24.587112298606613,7.464021929,4.599999905,,0
Ethiopia,ETH,2015,62103418182.0,2.442,,,,241.0,863.8,13.85517556,9.56889956,20.57684875,36.62289937,False,,,,missing,missing,,,,,,,,24.85206686755943,24.74166894628758,6.890019516,7.699999809,,0
Ethiopia,ETH,2016,68475871210.0,2.556,461000000.0,,,154.4,870.6,15.36692386,6.628133372,21.73154722,34.54290372,False,,,,missing,missing,,,,,,,,24.94974727505222,24.85206686755943,9.56889956,13.85517556,,0
Ethiopia,ETH,2017,76366081767.0,2.665,363500000.0,,,71.8,933.3,15.62440014,10.68711503,23.86610446,34.73496834,False,,,,missing,missing,,,,,,,,25.058804478611957,24.94974727505222,6.628133372,15.36692386,,0
Ethiopia,ETH,2018,83337901072.0,2.811,612700012.2,,,196.4,849.2,15.88619995,13.83303566,27.42938659,35.30262095,False,,,,missing,missing,,,,,,,,25.146169277502377,25.058804478611957,10.68711503,15.62440014,,0
Ethiopia,ETH,2019,91834517113.0,2.928,661000000.0,2.60604,,176.6,811.6,15.98460007,15.80963217,29.06975,35.38429208,False,,,,missing,missing,,,,,,,,25.243254067310875,25.146169277502377,13.83303566,15.88619995,,0
Ethiopia,ETH,2021,109071000000.0,3.935,,,490266.9283,22.747,518.1,16.6981031,26.83952216,43.73377832,34.50028261,False,,,,missing,missing,,,,,,,,25.415264883268982,25.243254067310875,15.80963217,15.98460007,,0
Ethiopia,ETH,2022,123140000000.0,3.386,,,,33.488,896.6,17.9836998,33.88987971,51.75621503,34.52673124,False,,,,missing,missing,,,,,,,,25.536587756429476,25.415264883268982,26.83952216,16.6981031,,0
Ethiopia,ETH,2023,135874000000.0,3.375,,,,86.0,,20.33749962,30.21882781,54.60094807,34.465016,False,,,,missing,missing,,,,,,,,25.63499382265509,25.536587756429476,33.88987971,17.9836998,,0
Ethiopia,ETH,2024,149740000000.0,3.357,,,,226.0,,21.94129944,21.03774606,82.60133635,34.44034815,False,,,,missing,missing,,,,,,,,25.73216629374895,25.63499382265509,30.21882781,20.33749962,,0
Finland,FIN,2010,249430000000.0,8.394,5268000000.0,,,1481.0,6182.0,86.89,1.184135232,0.75430899,119.4115425,False,,,,missing,missing,,,,,,,,26.242444151651107,,,,,0
Finland,FIN,2011,275127000000.0,7.781,6013000000.0,2.43096,130400.0,1656.0,7260.0,88.70999491,3.416807543,0.718413899,125.007047,False,,,,missing,missing,,,,,,,,26.340498646189605,26.242444151651107,1.184135232,86.89,,0
Finland,FIN,2012,257443000000.0,7.689,5841000000.0,2.51347,136500.0,1776.0,7636.0,89.87999797,2.808336226,0.77833812,116.7224084,False,,,,missing,missing,,,,,,,,26.27406417332333,26.340498646189605,3.416807543,88.70999491,,0
Finland,FIN,2013,270268000000.0,8.193,6387000000.0,2.46268,140700.0,,,91.5144,1.478286157,0.752945123,120.2420964,False,,,,missing,missing,,,,,,,,26.322679896243088,26.27406417332333,2.808336226,89.87999797,,0
Finland,FIN,2014,273479000000.0,8.663,6326000000.0,2.44454,139500.0,,,86.53039275,1.041196212,0.752728197,120.5229197,False,,,,missing,missing,,,,,,,,26.334490673410798,26.322679896243088,1.478286157,91.5144,,0
Finland,FIN,2015,233211000000.0,9.376,5786000000.0,2.45168,140200.0,,,86.42213333,-0.20792884,0.901296423,100.7158107,False,,,,missing,missing,,,,,,,,26.175209460121607,26.334490673410798,1.041196212,86.53039275,,0
Finland,FIN,2016,238778000000.0,8.818,6199000000.0,2.45966,139500.0,,,87.70364996,0.356684501,0.903421436,97.50654176,False,,,,missing,missing,,,,,,,,26.198800086917696,26.175209460121607,-0.20792884,86.42213333,,0
Finland,FIN,2017,253846000000.0,8.64,6740000000.0,2.67135,140900.0,,,87.46892907,0.754015047,0.885205508,97.56570558,False,,,,missing,missing,,,,,,,,26.259993620878657,26.198800086917696,0.356684501,87.70364996,,0
Finland,FIN,2018,273869000000.0,7.361,7223000000.0,2.69921,147700.0,,,88.88996,1.083820984,0.846772667,100.8235189,False,,,,missing,missing,,,,,,,,26.335915726817408,26.259993620878657,0.754015047,87.46892907,,0
Finland,FIN,2019,267015000000.0,6.695,6841000000.0,2.72993,154100.0,,,89.60738511,1.02409393,0.893276257,92.50531327,False,,,,missing,missing,,,,,,,,26.310570673543918,26.335915726817408,1.083820984,88.88996,,0
Finland,FIN,2020,270000000000.0,7.759,1940000000.0,1.47281,124800.0,,,92.17027106,0.290554556,0.875506397,91.61692053,False,,,,missing,missing,,,,,,,,26.321687795944786,26.310570673543918,1.02409393,89.60738511,,0
Finland,FIN,2021,294223000000.0,7.617,,1.54106,122500.0,,,92.80806082,2.194574323,0.845494139,93.5002342,False,,,,missing,missing,,,,,,,,26.407603820168127,26.321687795944786,0.290554556,92.17027106,,0
Finland,FIN,2022,280253000000.0,6.719,,1.99793,138300.0,,,92.98879471,7.123507733,0.949623753,81.181415,False,,,,missing,missing,,,,,,,,26.358958603569306,26.407603820168127,2.194574323,92.80806082,,0
Finland,FIN,2023,295022000000.0,7.149,,2.43535,146600.0,1143.0,,93.51385075,6.250643222,0.924839558,83.29498808,False,,,,missing,missing,,,,,,,,26.410315766776744,26.358958603569306,7.123507733,92.98879471,,0
Finland,FIN,2024,298697000000.0,8.4,,,,1200.0,,93.72405196,1.565689062,0.923889546,81.60553425,False,,,,missing,missing,,,,,,,,26.42269551859611,26.410315766776744,6.250643222,93.51385075,,0
Fiji,FJI,2008,3523185920.0,4.187,108000000.0,13.0,,,,13.0,7.732278579,1.594034411,53.52044383,False,,,,missing,missing,,,,,,,No digital nomad visa policy available; remote workers typically use tourist entries or standard work permits.,21.98263150811771,,,,,0
Fiji,FJI,2010,3140166713.0,4.345,102000000.0,,,45.0,632.0,20.0,3.689012297,1.918508678,46.13556577,False,,,,missing,missing,,,,,,,No digital nomad visa policy available; remote workers typically use tourist entries or standard work permits.,21.867541728769275,21.98263150811771,7.732278579,13.0,,0
Fiji,FJI,2011,3779411899.0,4.406,116000000.0,11.5,,48.0,675.0,28.0,7.278117827,1.790883831,52.97200204,False,,,,missing,missing,,,,,,,No digital nomad visa policy available; remote workers typically use tourist entries or standard work permits.,22.052834252198597,21.867541728769275,3.689012297,20.0,,0
Fiji,FJI,2012,3972028104.0,4.375,110000000.0,11.5,,41.0,660.0,33.74240112,3.423375234,1.789892817,51.94806861,False,,,,missing,missing,,,,,,,No digital nomad visa policy available; remote workers typically use tourist entries or standard work permits.,22.102542658633006,22.052834252198597,7.278117827,28.0,,0
Fiji,FJI,2013,4189967999.0,4.356,105000000.0,12.1,,33.1,658.8,35.20000076,2.913541936,1.841476617,50.76682187,False,,,,missing,missing,,,,,,,No digital nomad visa policy available; remote workers typically use tourist entries or standard work permits.,22.155958933381125,22.102542658633006,3.423375234,33.74240112,,0
Fiji,FJI,2014,4857104769.0,4.323,99000000.0,13.3,22071.0,37.1,692.6,37.40000153,0.519306475,1.887345358,49.4150716,False,,,,missing,missing,,,,,,,No digital nomad visa policy available; remote workers typically use tourist entries or standard work permits.,22.30370837080004,22.155958933381125,2.913541936,35.20000076,,0
Fiji,FJI,2015,4682479894.0,4.288,115000000.0,13.7,23812.0,44.2,754.8,42.5,1.374885426,2.097629816,43.44335054,False,,,,missing,missing,,,,,,,No digital nomad visa policy available; remote workers typically use tourist entries or standard work permits.,22.26709369841318,22.30370837080004,0.519306475,37.40000153,,0
Fiji,FJI,2016,4930213644.0,4.319,119000000.0,12.6,27618.0,54.4,792.3,49.41999817,3.863225382,2.094695939,44.75582462,False,,,,missing,missing,,,,,,,No digital nomad visa policy available; remote workers typically use tourist entries or standard work permits.,22.31864815955901,22.26709369841318,1.374885426,42.5,,0
Fiji,FJI,2017,5353469174.0,4.418,138000000.0,13.5,27950.0,56.5,842.9,53.6473999,3.347578348,2.066875304,45.4527812,False,,,,missing,missing,,,,,,,No digital nomad visa policy available; remote workers typically use tourist entries or standard work permits.,22.401010631443846,22.31864815955901,3.863225382,49.41999817,,0
Fiji,FJI,2018,5581425327.0,4.523,160000000.0,12.6,28447.0,52.3,870.3,58.2364006,4.081476376,2.087379789,46.0113175,False,,,,missing,missing,,,,,,,No digital nomad visa policy available; remote workers typically use tourist entries or standard work permits.,22.442710015667917,22.401010631443846,3.347578348,53.6473999,,0
Fiji,FJI,2019,5344907153.0,4.661,174000000.0,11.8,28820.0,56.9,894.3,63.21789932,1.793886475,2.160393115,45.01486258,False,,,,missing,missing,,,,,,,No digital nomad visa policy available; remote workers typically use tourist entries or standard work permits.,22.399410010458702,22.442710015667917,4.081476376,58.2364006,,0
Fiji,FJI,2020,4227719873.0,5.054,77000000.0,0.1,17860.0,10.202,146.9,68.62560272,-1.700141678,2.168804924,43.11795504,False,,,,missing,missing,,,,,,,No digital nomad visa policy available; remote workers typically use tourist entries or standard work permits.,22.164928647556025,22.399410010458702,1.793886475,63.21789932,,0
Fiji,FJI,2021,4158873156.0,5.225,,-0.1,13376.0,2.162,31.6,70.56800079,1.534548538,2.070633333,43.95025218,False,,,,missing,missing,,,,,,,No digital nomad visa policy available; remote workers typically use tourist entries or standard work permits.,22.148509998564524,22.164928647556025,-1.700141678,68.62560272,,0
Fiji,FJI,2022,4977861886.0,5.403,,9.4,,19.922,636.3,72.56549835,6.078824315,2.201406987,41.71050318,False,,,,missing,missing,,,,,,,No digital nomad visa policy available; remote workers typically use tourist entries or standard work permits.,22.328266295629454,22.148509998564524,1.534548538,70.56800079,,0
Fiji,FJI,2023,5476673518.0,5.316,,13.19,,,,74.1160965,2.975440806,2.250125,40.43467391,False,,,,missing,missing,,,,,,,No digital nomad visa policy available; remote workers typically use tourist entries or standard work permits.,22.423763731330958,22.328266295629454,6.078824315,72.56549835,,0
France,FRA,2008,2926800000000.0,7.386,50373000000.0,,1837157.0,,,70.68,2.812861949,0.67992268,129.7021008,False,,,,missing,missing,,,,,,,,28.704930791956286,,,,,0
France,FRA,2009,2700080000000.0,9.122,45087000000.0,,1809084.0,,,71.58,0.087620478,0.716957702,120.305842,False,,,,missing,missing,,,,,,,,28.62430251812951,28.704930791956286,2.812861949,70.68,,0
France,FRA,2010,2646230000000.0,9.279,46695000000.0,,1844928.0,9702.9,76647.0,77.28,1.531122704,0.75430899,113.3322035,False,,,,missing,missing,,,,,,,,28.60415710150202,28.62430251812951,0.087620478,71.58,,0
France,FRA,2011,2870410000000.0,9.228,55509000000.0,,1884658.0,11120.4,80498.6,77.81999899,2.111597952,0.718413899,117.1136864,False,,,,missing,missing,,,,,,,,28.685475992639827,28.60415710150202,1.531122704,77.28,,0
France,FRA,2012,2683010000000.0,9.841,50068000000.0,,1896291.0,10178.9,81979.7,81.44,1.954195316,0.77833812,108.474836,False,,,,missing,missing,,,,,,,,28.617960414536167,28.685475992639827,2.111597952,77.81999899,,0
France,FRA,2013,2816080000000.0,9.913,52444000000.0,,1930728.0,10178.6,83633.7,81.9198,0.863715498,0.752945123,107.795771,False,,,,missing,missing,,,,,,,,28.666366962911724,28.617960414536167,1.954195316,81.44,,0
France,FRA,2014,2861240000000.0,10.273,58464000000.0,,1937534.0,11772.5,83701.0,83.75109967,0.507758823,0.752728197,107.2850736,False,,,,missing,missing,,,,,,,,28.68227621323111,28.666366962911724,0.863715498,81.9198,,0
France,FRA,2015,2442480000000.0,10.354,47713000000.0,,2026064.0,11847.0,84452.0,78.00603771,0.037514381,0.901296423,89.72564176,False,,,,missing,missing,,,,,,,,28.524035032498197,28.68227621323111,0.507758823,83.75109967,,0
France,FRA,2016,2470410000000.0,10.057,49029000000.0,,2051187.0,11663.0,82683.0,79.26981132,0.183334861,0.903421436,86.34331318,False,,,,missing,missing,,,,,,,,28.535405244696136,28.524035032498197,0.037514381,78.00603771,,0
France,FRA,2017,2588870000000.0,9.409,53787000000.0,,2048262.0,11842.0,86758.0,80.50245972,1.032282751,0.885205508,86.99776411,False,,,,missing,missing,,,,,,,,28.58224260300003,28.535405244696136,0.183334861,79.26981132,,0
France,FRA,2018,2781580000000.0,9.018,59131000000.0,,2105352.0,11064.0,89322.0,82.04318678,1.850815083,0.846772667,89.29976479,False,,,,missing,missing,,,,,,,,28.6540402275078,28.58224260300003,1.032282751,80.50245972,,0
France,FRA,2019,2722790000000.0,8.415,59751000000.0,3.84953,2090191.0,11261.2,90913.98,83.33974409,1.108254923,0.893276257,79.02975081,False,,,,missing,missing,,,,,,,,28.632678205823584,28.6540402275078,1.850815083,82.04318678,,0
France,FRA,2020,2647930000000.0,8.009,31193000000.0,2.80519,1983227.0,,,84.70639801,0.476498853,0.875506397,79.16012977,False,,,,missing,missing,,,,,,,,28.60479931860858,28.632678205823584,1.108254923,83.33974409,,0
France,FRA,2021,2966430000000.0,7.871,,2.98912,1505065.0,,,86.09548575,1.64233141,0.845494139,83.25841276,False,,,,missing,missing,,,,,,,,28.718380325535417,28.60479931860858,0.476498853,84.70639801,,0
France,FRA,2022,2794790000000.0,7.303,,3.79579,1761937.0,,,85.33331734,5.222367484,0.949623753,71.89468437,False,,,,missing,missing,,,,,,,,28.65877808554474,28.718380325535417,1.64233141,86.09548575,,0
France,FRA,2023,3056250000000.0,7.335,,3.84403,,,,86.83635789,4.878357265,0.924839558,73.36667142,False,,,,missing,missing,,,,,,,,28.748209790169593,28.65877808554474,5.222367484,85.33331734,,0
"Micronesia, Fed. Sts.",FSM,2008,258124736.3,,7099999.905,1.9007,850.0,,,14.49,8.423725662,1.0,82.81217229,False,,,,missing,missing,,,,,,,,19.368953500080988,,,,,0
"Micronesia, Fed. Sts.",FSM,2009,274654606.9,,26000000.0,1.67777,822.0,,,15.35,6.393602577,1.0,86.23015038,False,,,,missing,missing,,,,,,,,19.431024891324224,19.368953500080988,8.423725662,14.49,,0
"Micronesia, Fed. Sts.",FSM,2010,290638857.1,,28000000.0,1.70253,809.0,5.8,44.7,20.0,3.313709631,1.0,88.29884376,False,,,,missing,missing,,,,,,,,19.48759201351331,19.431024891324224,6.393602577,15.35,,0
"Micronesia, Fed. Sts.",FSM,2011,306799375.5,,27000000.0,1.62598,806.0,6.2,35.4,22.79999924,5.082594039,1.0,87.92939602,False,,,,missing,missing,,,,,,,,19.54170459192727,19.48759201351331,3.313709631,20.0,,0
"Micronesia, Fed. Sts.",FSM,2012,322838077.6,,30000000.0,1.6569,784.0,5.8,38.3,25.97439957,5.01850353,1.0,92.30094791,False,,,,missing,missing,,,,,,,,19.592661447750256,19.54170459192727,5.082594039,22.79999924,,0
"Micronesia, Fed. Sts.",FSM,2013,312808581.7,,29000000.0,1.66103,763.0,5.7,42.1,27.79999924,1.752327374,1.0,91.33815454,False,,,,missing,missing,,,,,,,,19.561102001361398,19.592661447750256,5.01850353,25.97439957,,0
"Micronesia, Fed. Sts.",FSM,2014,313994034.0,,29000000.0,1.6353,754.0,5.4,35.4,29.64999962,0.650284892,1.0,92.72397418,False,,,,missing,missing,,,,,,,,19.564884543692024,19.561102001361398,1.752327374,27.79999924,,0
"Micronesia, Fed. Sts.",FSM,2015,310175057.8,,,1.69541,804.0,6.0,31.2,31.50110054,-0.298115837,1.0,86.89716086,False,,,,missing,missing,,,,,,,,19.55264739863961,19.564884543692024,0.650284892,29.64999962,,0
"Micronesia, Fed. Sts.",FSM,2016,325000000.0,,,1.71714,775.0,6.2,29.6,33.35219955,-1.037468064,1.0,89.09451125,False,,,,missing,missing,,,,,,,,19.599335740294013,19.55264739863961,-0.298115837,31.50110054,,0
"Micronesia, Fed. Sts.",FSM,2017,359000000.0,,,1.78008,777.0,,,35.30410004,0.582253735,1.0,94.66376924,False,,,,missing,missing,,,,,,,,19.69883294645255,19.599335740294013,-1.037468064,33.35219955,,0
"Micronesia, Fed. Sts.",FSM,2018,392000000.0,,,1.78827,794.0,7.0,19.2,36.61460114,1.498400236,1.0,100.5944471,False,,,,missing,missing,,,,,,,,19.786772397754735,19.69883294645255,0.582253735,35.30410004,,0
United Kingdom,GBR,2008,2945250000000.0,5.748,,3.41659,3332120.0,,,78.39,3.521408563,0.54396625,128.9873162,False,,,,missing,missing,,,,,,,,28.71121481907264,,,,,0
United Kingdom,GBR,2009,2429360000000.0,7.683,,3.46846,3120730.0,,,83.56,1.961731736,0.641919263,110.5662876,False,,,,missing,missing,,,,,,,,28.51864896410626,28.71121481907264,3.521408563,78.39,,0
United Kingdom,GBR,2010,2496740000000.0,7.973,,3.38348,3070610.0,7552.0,30398.0,85.0,2.492654725,0.647179346,108.5391561,False,,,,missing,missing,,,,,,,,28.546006996854864,28.51864896410626,1.961731736,83.56,,0
United Kingdom,GBR,2011,2675590000000.0,8.195,,3.61444,3136380.0,8112.0,31886.0,85.37999855,3.856112447,0.624140836,113.1238271,False,,,,missing,missing,,,,,,,,28.615191032704235,28.546006996854864,2.492654725,85.0,,0
United Kingdom,GBR,2012,2719720000000.0,8.279,,3.72259,3232870.0,8292.0,32221.0,87.47999842,2.573234797,0.633046989,110.8344266,False,,,,missing,missing,,,,,,,,28.631550049761177,28.615191032704235,3.856112447,85.37999855,,0
United Kingdom,GBR,2013,2796910000000.0,7.752,,3.6836,3342400.0,8696.0,33567.0,89.8441,2.291666667,0.639660578,108.6901435,False,,,,missing,missing,,,,,,,,28.659536352297813,28.631550049761177,2.573234797,87.47999842,,0
United Kingdom,GBR,2014,3085360000000.0,6.398,,3.60953,3073710.0,9206.0,35337.0,91.61330092,1.451120163,0.607729627,114.926765,False,,,,missing,missing,,,,,,,,28.757689460156815,28.659536352297813,2.291666667,89.8441,,0
United Kingdom,GBR,2015,2945580000000.0,5.552,,3.93745,3164469.0,9602.0,36792.0,92.00029987,0.368046842,0.654545479,105.8063988,False,,,,missing,missing,,,,,,,,28.711326857614015,28.757689460156815,1.451120163,91.61330092,,0
United Kingdom,GBR,2016,2706810000000.0,4.909,,3.44672,3872418.0,10019.0,39129.0,94.77580063,1.008417368,0.740634464,92.97474446,False,,,,missing,missing,,,,,,,,28.626791935696946,28.711326857614015,0.368046842,92.00029987,,0
United Kingdom,GBR,2017,2699120000000.0,4.501,,3.42372,3781017.0,9567.0,41080.0,90.42455049,2.557755776,0.776976682,88.10794219,False,,,,missing,missing,,,,,,,,28.623946909887508,28.626791935696946,1.008417368,94.77580063,,0
United Kingdom,GBR,2018,2897030000000.0,4.145,,3.23815,3967483.0,9360.6,40283.1,90.69200899,2.292839903,0.74953154,91.74637764,False,,,,missing,missing,,,,,,,,28.694707190202358,28.623946909887508,2.557755776,90.42455049,,0
United Kingdom,GBR,2019,2875710000000.0,3.657,,3.64935,4111459.0,9269.0,40857.0,92.51662855,1.738104601,0.78344511,85.47695192,False,,,,missing,missing,,,,,,,,28.68732071621086,28.694707190202358,2.292839903,90.69200899,,0
United Kingdom,GBR,2020,2724000000000.0,4.472,,1.766,3837852.0,,11100.5,94.81820132,0.989486704,0.779999577,83.77517367,False,,,,missing,missing,,,,,,,,28.633122504215812,28.68732071621086,1.738104601,92.51662855,,0
United Kingdom,GBR,2021,3194560000000.0,4.864,,0.7,3799266.0,1287.510812,6383.8,96.19650269,2.518371096,0.727064945,92.00471084,False,,,,missing,missing,,,,,,,,28.792470479094472,28.633122504215812,0.989486704,94.81820132,,0
United Kingdom,GBR,2022,3181240000000.0,3.768,,2.4,3784219.0,5301.15615,31244.4,95.46530151,7.922048831,0.811301716,78.04433143,False,,,,missing,missing,,,,,,,,28.788292173821837,28.792470479094472,2.518371096,96.19650269,,0
United Kingdom,GBR,2023,3420800000000.0,4.025,,,3892202.0,6564.261291,,95.44719696,6.793967068,0.804538907,82.12269096,False,,,,missing,missing,,,,,,,,28.860895557777138,28.788292173821837,7.922048831,95.46530151,,0
United Kingdom,GBR,2024,3686030000000.0,4.361,,,,6929.136404,,95.4720993,3.271572946,0.782414581,84.88504894,False,,,,missing,missing,,,,,,,,28.93557111404702,28.860895557777138,6.793967068,95.44719696,,0
Georgia,GEO,2015,15223796149.0,16.506,609000000.0,,,533.7,5256.0,47.56975964,4.003578207,2.269341667,33.30674781,False,,,,missing,missing,,,,,,,,23.446125576742887,,,,,0
Georgia,GEO,2016,15444548902.0,16.604,706000000.0,,,545.5,5392.7,58.45928961,2.134927139,2.366725,31.7130346,False,,,,missing,missing,,,,,,,,23.46052195615686,23.446125576742887,4.003578207,47.56975964,,0
Georgia,GEO,2017,16473125375.0,13.939,853000000.0,,,532.1,6482.9,59.7055046,6.035317253,2.509541667,32.20914118,False,,,,missing,missing,,,,,,,,23.524996124821406,23.46052195615686,2.134927139,58.45928961,,0
Georgia,GEO,2018,17902544881.0,12.667,960000000.0,,,623.8,7203.3,62.7179082,2.615244714,2.534110833,31.98032714,False,,,,missing,missing,,,,,,,,23.608208711810526,23.524996124821406,6.035317253,59.7055046,,0
Georgia,GEO,2019,17638337117.0,11.565,1124000000.0,,,831.5,7725.8,68.84671356,4.852898217,2.818145,28.27218583,False,,,,missing,missing,,,,,,,,23.59334061533781,23.608208711810526,2.615244714,62.7179082,,0
Georgia,GEO,2020,16010869216.0,11.734,292000000.0,,94930.24231,,,72.53157487,5.20246489,3.109016667,25.61366477,False,,,,missing,missing,,,,,,,,23.49653365454873,23.59334061533781,4.852898217,68.84671356,,0
Georgia,GEO,2021,18853115589.0,11.785,,,92646.4167,,,76.4427093,9.566914338,3.221558333,26.87513271,False,,,,missing,missing,,,,,,,,23.659944020418735,23.49653365454873,5.20246489,72.53157487,,0
Georgia,GEO,2022,24984568960.0,11.621,,,103989.1463,293.0,4704.0,78.71127536,11.89816542,2.9162,29.9666695,False,,,,missing,missing,,,,,,,,23.941524229642592,23.659944020418735,9.566914338,76.4427093,,0
Georgia,GEO,2023,30777833601.0,11.549,,,113505.353,403.0,,81.88425624,2.487760566,2.627958333,33.01235756,False,,,,missing,missing,,,,,,,,24.15006057954679,23.941524229642592,11.89816542,78.71127536,,0
Georgia,GEO,2024,34189423545.0,11.557,,,126134.8503,357.0,,83.79855689,1.10971758,2.720616667,32.62529793,False,,,,missing,missing,,,,,,,,24.255182180116204,24.15006057954679,2.487760566,81.88425624,,0
Ghana,GHA,2015,49436806230.0,6.806,1405000000.0,,475219.2827,,,23.0,17.1499695,3.714641667,33.18531816,False,,,,missing,missing,,,,,,,,24.62396104910148,,,,,0
Ghana,GHA,2016,56144179398.0,5.256,1571000000.0,,,485.9,932.6,28.0,17.45463471,3.909816667,38.16502979,False,,,,missing,missing,,,,,,,,24.751188851101343,24.62396104910148,17.1499695,23.0,,0
Ghana,GHA,2017,60385409435.0,3.369,1581000000.0,,708987.978,685.2,969.1,37.88420105,12.37192155,4.350533333,38.91513872,False,,,,missing,missing,,,,,,,,24.824013347059804,24.751188851101343,17.45463471,28.0,,0
Ghana,GHA,2018,67259353966.0,3.204,1329000000.0,,,624.5,956.4,43.0,7.808765166,4.585325,39.65181019,False,,,,missing,missing,,,,,,,,24.93182193818713,24.824013347059804,12.37192155,37.88420105,,0
Ghana,GHA,2019,68352629246.0,3.067,1380000000.0,,,621.7,1130.4,22.0732,7.143640033,5.217366667,36.42881882,False,,,,missing,missing,,,,,,,,24.94794586676496,24.93182193818713,7.808765166,43.0,,0
Ghana,GHA,2020,70008243860.0,3.178,946000000.0,,,196.4,355.1,62.51760101,9.887289563,5.595708333,36.30470476,False,,,,missing,missing,,,,,,,,24.971878841490067,24.94794586676496,7.143640033,22.0732,,0
Ghana,GHA,2021,79514204730.0,3.2,,,,276.8,623.5,68.6,9.971088675,5.8057,37.00621301,False,,,,missing,missing,,,,,,,,25.099201518495125,24.971878841490067,9.887289563,62.51760101,,0
Guinea,GIN,2010,6853467146.0,5.018,16000000.0,,,6.9,12.4,1.0,15.05026886,5726.071021,40.6510906,False,,,,missing,missing,,,,,,,,22.648020513869206,,,,,0
Guinea,GIN,2011,6785137203.0,5.024,49200000.76,1.67929,,54.8,131.1,2.0,21.31692685,6658.031258,37.33687606,False,,,,missing,missing,,,,,,,,22.638000351546847,22.648020513869206,15.05026886,1.0,,0
Guinea,GIN,2012,7638044557.0,4.874,41700000.76,1.64244,,38.4,96.1,3.099999905,15.2262941,6985.829026,39.07057264,False,,,,missing,missing,,,,,,,,22.756407459327903,22.638000351546847,21.31692685,2.0,,0
Guinea,GIN,2013,8376613539.0,4.944,60500000.0,1.42904,,28.6,56.1,4.5,11.88758845,6907.87807,40.63268705,False,,,,missing,missing,,,,,,,,22.848709557473857,22.756407459327903,15.2262941,3.099999905,,0
Guinea,GIN,2014,8778473373.0,5.044,28799999.24,1.24268,,15.6,33.2,6.400000095,6.150505567,7014.118777,40.84674501,False,,,,missing,missing,,,,,,,,22.89556835396281,22.848709557473857,11.88758845,4.5,,0
Guinea,GIN,2015,8794201743.0,5.15,38000000.0,1.06877,,18.2,35.3,9.199999809,11.7800825,7485.516742,38.72956205,False,,,,missing,missing,,,,,,,,22.897358448424377,22.89556835396281,6.150505567,6.400000095,,0
Guinea,GIN,2016,8595955222.0,4.997,16299999.24,1.00476,,33.0,63.0,13.10000038,8.172681123,8967.92708,31.56955815,False,,,,missing,missing,,,,,,,,22.874557606546052,22.897358448424377,11.7800825,9.199999809,,0
Guinea,GIN,2017,10324668271.0,4.86,102400001.5,0.9236,,52.0,99.3,18.70000076,8.914359479,9088.319496,31.02229756,False,,,,missing,missing,,,,,,,,23.05780184656066,22.874557606546052,8.172681123,13.10000038,,0
"Gambia, The",GMB,2010,1543294927.0,9.673,14000000.0,,,21.0,91.0,9.2,5.049680759,28.01195366,35.33717713,False,,,,missing,missing,,,,,,,,21.157185530753626,,,,,0
"Gambia, The",GMB,2011,1409693597.0,10.276,16000000.0,,,21.0,106.0,10.87030029,4.795882662,29.46152006,34.42446822,False,,,,missing,missing,,,,,,,,21.066638210629684,21.157185530753626,5.049680759,9.2,,0
"Gambia, The",GMB,2015,1378176609.0,7.226,5400000.095,,,1.3,134.6,17.59950066,6.808454946,42.50620809,31.12753373,False,,,,missing,missing,,,,,,,,21.044027164605783,21.066638210629684,4.795882662,10.87030029,,0
"Gambia, The",GMB,2016,1484578886.0,6.244,7199999.809,,,1.2,161.1,19.90640068,7.228792721,43.37252767,32.29811185,False,,,,missing,missing,,,,,,,,21.118396990533924,21.044027164605783,6.808454946,17.59950066,,0
"Gambia, The",GMB,2017,1504909463.0,5.097,8500000.0,,,5.6,162.0,22.5156002,8.034189745,46.60890946,31.5123611,False,,,,missing,missing,,,,,,,,21.131998575862635,21.118396990533924,7.228792721,19.90640068,,0
"Gambia, The",GMB,2018,1670671328.0,4.055,10399999.62,,,9.4,209.1,28.30900002,6.520968239,48.15178064,30.57024926,False,,,,missing,missing,,,,,,,,21.236491375411983,21.131998575862635,8.034189745,22.5156002,,0
"Gambia, The",GMB,2019,1813609692.0,4.481,10000000.0,,,4.0,235.7,31.11829948,7.115676256,50.06246137,30.48187992,False,,,,missing,missing,,,,,,,,21.318585001210362,21.236491375411983,6.520968239,28.30900002,,0
"Gambia, The",GMB,2021,2014158842.0,6.213,,,,6.4,102.4,41.67309952,7.370347589,51.48444388,28.14788653,False,,,,missing,missing,,,,,,,,21.423467497050368,21.318585001210362,7.115676256,31.11829948,,0
"Gambia, The",GMB,2022,2204734528.0,6.067,,,,18.6,182.8,48.22539902,11.51311984,54.92346736,27.26745308,False,,,,missing,missing,,,,,,,,21.513872943132252,21.423467497050368,7.370347589,41.67309952,,0
"Gambia, The",GMB,2023,2382262185.0,6.479,,,46340.56068,,,48.72829819,16.97421296,61.09633301,26.82460536,False,,,,missing,missing,,,,,,,,21.591316371091864,21.513872943132252,11.51311984,48.22539902,,0
Guinea-Bissau,GNB,2018,1554133594.0,3.127,74599998.47,,3381.460316,,,15.69999981,0.381324703,555.4464584,39.287829,False,,,,missing,missing,,,,,,,,21.164184053021813,,,,,0
Equatorial Guinea,GNQ,2008,19749893536.0,7.571,,2.06047,,,,1.820000052,6.551766912,446.0000414,59.66218039,False,,,,missing,missing,,,,,,,,23.706413937696734,,,,,0
Equatorial Guinea,GNQ,2009,15027795173.0,7.702,,3.3102,,,,2.130000114,4.691065677,470.2934233,44.52089929,False,,,,missing,missing,,,,,,,,23.433167334874007,23.706413937696734,6.551766912,1.820000052,,0
Equatorial Guinea,GNQ,2010,16314443436.0,7.847,,3.02377,,,,6.0,7.78916548,494.7942622,52.43143021,False,,,,missing,missing,,,,,,,,23.515316652772054,23.433167334874007,4.691065677,2.130000114,,0
Equatorial Guinea,GNQ,2011,21357343669.0,7.837,,3.42152,,,,11.5,4.805389222,471.2486257,63.13217154,False,,,,missing,missing,,,,,,,,23.784661483239507,23.515316652772054,7.78916548,6.0,,0
Equatorial Guinea,GNQ,2012,22388344144.0,7.761,,3.33852,,,,13.94320011,3.656620483,510.5563385,57.67231187,False,,,,missing,missing,,,,,,,,23.831806309663705,23.784661483239507,4.805389222,11.5,,0
Equatorial Guinea,GNQ,2013,21948834284.0,7.675,,4.0366,,,,16.39999962,2.948876946,493.8996239,58.41760349,False,,,,missing,missing,,,,,,,,23.81197986726689,23.831806309663705,3.656620483,13.94320011,,0
Equatorial Guinea,GNQ,2014,21765453082.0,7.669,,4.20741,,,,18.86000061,4.309998661,493.7573299,57.21200663,False,,,,missing,missing,,,,,,,,23.80358982873377,23.81197986726689,2.948876946,16.39999962,,0
Equatorial Guinea,GNQ,2015,13185496881.0,7.778,,5.55118,,,,21.31999969,1.676630853,591.211698,46.55808427,False,,,,missing,missing,,,,,,,,23.302383341365818,23.80358982873377,4.309998661,18.86000061,,0
Equatorial Guinea,GNQ,2016,11240808848.0,7.798,,6.57985,,,,23.78000069,1.411939155,592.6056151,44.76536129,False,,,,missing,missing,,,,,,,,23.142816640388684,23.302383341365818,1.676630853,21.31999969,,0
Equatorial Guinea,GNQ,2017,12200913879.0,7.843,,5.90738,,,,26.23999977,0.744354747,580.6567496,42.36073623,False,,,,missing,missing,,,,,,,,23.224776693994905,23.142816640388684,1.411939155,23.78000069,,0
Equatorial Guinea,GNQ,2018,13097012134.0,7.818,,5.76993,,,,29.39999962,1.060074107,555.4464584,44.00376852,False,,,,missing,missing,,,,,,,,23.29564995976496,23.224776693994905,0.744354747,26.23999977,,0
Equatorial Guinea,GNQ,2019,11364133550.0,7.917,,6.63587,,,,49.13370132,1.53027529,585.9110132,41.35917952,False,,,,missing,missing,,,,,,,,23.153728052893232,23.29564995976496,1.060074107,29.39999962,,0
Equatorial Guinea,GNQ,2020,9893816008.0,8.625,,7.28841,,,,55.00130081,4.766695239,575.5860045,42.14380656,False,,,,missing,missing,,,,,,,,23.01517575325801,23.153728052893232,1.53027529,49.13370132,,0
Greece,GRC,2008,351121000000.0,7.664,3946000000.0,5.38938,534330.0,,,38.2,4.152797081,0.67992268,104.1222805,True,Digital Nomad Visa,2021-09,2021-09,month,month,2021-09-01,2021-09-01,2021,9,2022,2021,active,26.584396730351497,,,,2022.0,0
Greece,GRC,2009,326829000000.0,9.546,4122000000.0,4.97559,517640.0,,,42.4,1.210072692,0.716957702,98.20467763,True,Digital Nomad Visa,2021-09,2021-09,month,month,2021-09-01,2021-09-01,2021,9,2022,2021,active,26.512702935285247,26.584396730351497,4.152797081,38.2,2022.0,0
Greece,GRC,2010,296418000000.0,12.719,3400000000.0,5.14477,492829.0,,,44.4,4.712989078,0.75430899,95.74087138,True,Digital Nomad Visa,2021-09,2021-09,month,month,2021-09-01,2021-09-01,2021,9,2022,2021,active,26.415036457269366,26.512702935285247,1.210072692,42.4,2022.0,0
Greece,GRC,2011,283228000000.0,17.973,3809000000.0,4.94311,470571.0,,,51.64999517,3.329853234,0.718413899,99.2690984,True,Digital Nomad Visa,2021-09,2021-09,month,month,2021-09-01,2021-09-01,2021,9,2022,2021,active,26.36951806393515,26.415036457269366,4.712989078,44.4,2022.0,0
Greece,GRC,2012,238841000000.0,24.731,3005000000.0,5.15725,432457.0,,,55.06999344,1.501526962,0.77833812,87.96472665,True,Digital Nomad Visa,2021-09,2021-09,month,month,2021-09-01,2021-09-01,2021,9,2022,2021,active,26.199063895519803,26.36951806393515,3.329853234,51.64999517,2022.0,0
Greece,GRC,2013,236556000000.0,27.686,3768000000.0,6.58306,417249.0,,,59.8663,-0.921269454,0.752945123,83.84223245,True,Digital Nomad Visa,2021-09,2021-09,month,month,2021-09-01,2021-09-01,2021,9,2022,2021,active,26.189450803318252,26.199063895519803,1.501526962,55.06999344,2022.0,0
Greece,GRC,2014,233912000000.0,26.708,4003000000.0,6.5154,463409.0,,,63.20734048,-1.312260964,0.752728197,81.18933268,True,Digital Nomad Visa,2021-09,2021-09,month,month,2021-09-01,2021-09-01,2021,9,2022,2021,active,26.1782108131966,26.189450803318252,-0.921269454,59.8663,2022.0,0
Greece,GRC,2015,194567000000.0,24.981,3535000000.0,6.5367,493063.0,,,66.83495949,-1.735888048,0.901296423,67.57710163,True,Digital Nomad Visa,2021-09,2021-09,month,month,2021-09-01,2021-09-01,2021,9,2022,2021,active,25.994042413695418,26.1782108131966,-1.312260964,63.20734048,2022.0,0
Greece,GRC,2016,193097000000.0,23.514,3412000000.0,6.22253,527940.0,,,69.08791547,-0.825653978,0.903421436,65.15010342,True,Digital Nomad Visa,2021-09,2021-09,month,month,2021-09-01,2021-09-01,2021,9,2022,2021,active,25.986458490268483,25.994042413695418,-1.735888048,66.83495949,2022.0,0
Greece,GRC,2017,200381000000.0,21.413,3306000000.0,6.68551,537886.0,,,69.89297065,1.12125452,0.885205508,64.96129934,True,Digital Nomad Visa,2021-09,2021-09,month,month,2021-09-01,2021-09-01,2021,9,2022,2021,active,26.02348639128309,25.986458490268483,-0.825653978,69.08791547,2022.0,0
Greece,GRC,2018,213299000000.0,19.179,3910000000.0,6.9626,541285.0,,,72.23837339,0.625621413,0.846772667,66.70704215,True,Digital Nomad Visa,2021-09,2021-09,month,month,2021-09-01,2021-09-01,2021,9,2022,2021,active,26.08596077418019,26.02348639128309,1.12125452,69.89297065,2022.0,0
Greece,GRC,2019,207306000000.0,17.045,4211000000.0,7.23507,564003.0,,,75.67120669,0.253007522,0.893276257,60.56043645,True,Digital Nomad Visa,2021-09,2021-09,month,month,2021-09-01,2021-09-01,2021,9,2022,2021,active,26.057461799529346,26.08596077418019,0.625621413,72.23837339,2022.0,0
Greece,GRC,2020,191363000000.0,15.899,1500000000.0,4.32655,535801.0,,,78.11584474,-1.247983556,0.875506397,60.5650629,True,Digital Nomad Visa,2021-09,2021-09,month,month,2021-09-01,2021-09-01,2021,9,2022,2021,active,25.977437984843316,26.057461799529346,0.253007522,75.67120669,2022.0,0
Greece,GRC,2021,218304000000.0,14.656,,5.24736,509037.0,,,78.49426371,1.22382501,0.845494139,61.59853464,True,Digital Nomad Visa,2021-09,2021-09,month,month,2021-09-01,2021-09-01,2021,9,2022,2021,active,26.10915442374259,25.977437984843316,-1.247983556,78.11584474,2022.0,0
Greece,GRC,2022,217990000000.0,12.426,,6.39661,564852.0,,,83.17066333,9.645259813,0.949623753,52.94254681,True,Digital Nomad Visa,2021-09,2021-09,month,month,2021-09-01,2021-09-01,2021,9,2022,2021,active,26.107715027123735,26.10915442374259,1.22382501,78.49426371,2022.0,1
Greece,GRC,2023,242946000000.0,11.023,,7.00692,566240.0,,,85.0102229,3.464801285,0.924839558,54.77987997,True,Digital Nomad Visa,2021-09,2021-09,month,month,2021-09-01,2021-09-01,2021,9,2022,2021,active,26.216105033369722,26.107715027123735,9.645259813,83.17066333,2022.0,1
Greece,GRC,2024,256238000000.0,10.02,,7.33509,,,,86.26968886,2.741018757,0.923889546,55.75190261,True,Digital Nomad Visa,2021-09,2021-09,month,month,2021-09-01,2021-09-01,2021,9,2022,2021,active,26.26937253703421,26.216105033369722,3.464801285,85.0102229,2022.0,1
Grenada,GRD,2010,771014814.8,,,,,21.0,110.0,27.0,3.436509059,2.7,66.79568112,False,,,,missing,missing,,,,,,,,20.463218146388392,,,,,0
Grenada,GRD,2011,778655555.6,,,,,20.0,118.0,30.0,3.033472803,2.7,65.59239935,False,,,,missing,missing,,,,,,,,20.47307934379316,20.463218146388392,3.436509059,27.0,,0
Grenada,GRD,2012,799881481.5,,,,,9.8,105.3,32.0,2.41077704,2.7,67.06996699,False,,,,missing,missing,,,,,,,,20.499974126532184,20.47307934379316,3.033472803,30.0,,0
Grenada,GRD,2013,842618518.5,,,,,7.3,106.0,35.0,-0.043999786,2.7,66.2964039,False,,,,missing,missing,,,,,,,,20.55202488507447,20.499974126532184,2.41077704,32.0,,0
Grenada,GRD,2014,911496296.3,,34000000.0,,,11.9,125.2,51.6,-0.983603056,2.7,65.30839831,False,,,,missing,missing,,,,,,,,20.630598088772487,20.55202488507447,-0.043999786,35.0,,0
Grenada,GRD,2015,997007407.4,,40000000.0,,,11.4,132.5,52.5,-0.515448031,2.7,65.79275655,False,,,,missing,missing,,,,,,,,20.72026875758758,20.630598088772487,-0.983603056,51.6,,0
Grenada,GRD,2016,1061640741.0,,40000000.0,,,14.8,135.4,53.29999924,1.650389944,2.7,65.97196154,False,,,,missing,missing,,,,,,,,20.78308141722404,20.72026875758758,-0.515448031,52.5,,0
Grenada,GRD,2017,1125685185.0,,38000000.0,,,12.0,146.4,54.20000076,0.908458256,2.7,64.83035176,False,,,,missing,missing,,,,,,,,20.84165774053842,20.78308141722404,1.650389944,53.29999924,,0
Grenada,GRD,2018,1166514815.0,,42000000.0,,5414.808228,11.3,161.0,61.42459869,0.804102313,2.7,63.11806043,False,,,,missing,missing,,,,,,,,20.87728634973088,20.84165774053842,0.908458256,54.20000076,,0
Grenada,GRD,2019,1213485185.0,,48000000.0,,20375.20923,10.8,162.9,64.31279755,0.598149765,2.7,63.61863348,False,,,,missing,missing,,,,,,,,20.91676237456856,20.87728634973088,0.804102313,61.42459869,,0
Grenada,GRD,2020,1043411111.0,,12000000.0,,3258.92626,3.0,43.8,65.65380096,-0.740732597,2.7,62.45024557,False,,,,missing,missing,,,,,,,,20.7657610973362,20.91676237456856,0.598149765,64.31279755,,0
Grenada,GRD,2021,1122222222.0,,,,8995.592134,2.9,42.0,67.02279663,1.219511939,2.7,62.89817669,False,,,,missing,missing,,,,,,,,20.838576683259387,20.7657610973362,-0.740732597,65.65380096,,0
Grenada,GRD,2022,1224007407.0,,,,,7.9,132.8,68.42030334,2.580539259,2.7,59.68454835,False,,,,missing,missing,,,,,,,,20.925396072488823,20.838576683259387,1.219511939,67.02279663,,0
Grenada,GRD,2023,1336418519.0,,,,4182.172547,,,69.4131012,2.696122698,2.7,60.11930867,False,,,,missing,missing,,,,,,,,21.013259125728894,20.925396072488823,2.580539259,68.42030334,,0
Guam,GUM,2010,4949000000.0,8.2,,12.0,13716.0,42.0,1188.0,54.04,,1.0,,False,,,,missing,missing,,,,,,,,22.32245137291616,,,,,0
Guam,GUM,2011,4984000000.0,13.3,,,,39.0,1150.0,57.7,,1.0,,False,,,,missing,missing,,,,,,,,22.329498618431565,22.32245137291616,,54.04,,0
Guam,GUM,2012,5265000000.0,12.2,,,,44.0,1299.0,61.53415931,,1.0,,False,,,,missing,missing,,,,,,,,22.38434698253235,22.329498618431565,,57.7,,0
Guam,GUM,2013,5399000000.0,11.5,,,,42.0,1329.0,65.4,,1.0,,False,,,,missing,missing,,,,,,,,22.40947958818256,22.38434698253235,,61.53415931,,0
Guam,GUM,2014,5610000000.0,7.6,,,,45.0,1331.0,69.27,,1.0,,False,,,,missing,missing,,,,,,,,22.447816556481015,22.40947958818256,,65.4,,0
Guam,GUM,2015,5799000000.0,6.9,,11.2,20332.0,42.0,1382.8,73.13999995,,1.0,,False,,,,missing,missing,,,,,,,,22.480951325840714,22.447816556481015,,69.27,,0
Guam,GUM,2016,5901000000.0,5.4,,12.1,21091.0,53.4,1517.4,77.00999989,,1.0,,False,,,,missing,missing,,,,,,,,22.498387665021443,22.480951325840714,,73.13999995,,0
Guam,GUM,2017,6013000000.0,5.418,,,,69.7,1544.0,80.50546556,,1.0,,False,,,,missing,missing,,,,,,,,22.51718962900384,22.498387665021443,,77.00999989,,0
Guam,GUM,2018,6051000000.0,5.45,,,,46.8,1532.4,,,1.0,,False,,,,missing,missing,,,,,,,,22.523489384586597,22.51718962900384,,80.50546556,,0
Guam,GUM,2019,6355000000.0,5.405,,22.0,23104.0,51.2,1655.6,,,1.0,,False,,,,missing,missing,,,,,,,,22.572507741587827,22.523489384586597,,,,0
Guam,GUM,2020,5916000000.0,6.241,,10.7,15889.0,9.799,273.9,,,1.0,,False,,,,missing,missing,,,,,,,,22.500926381794965,22.572507741587827,,,,0
Guam,GUM,2021,6234000000.0,6.0,,6.3,12426.0,5.074,61.8,,,1.0,,False,,,,missing,missing,,,,,,,,22.553284018291556,22.500926381794965,,,,0
Guam,GUM,2022,6910000000.0,5.383,,,,13.985,275.9,,,1.0,,False,,,,missing,missing,,,,,,,,22.65623547472599,22.553284018291556,,,,0
Guam,GUM,2023,,5.262,,,,42.401,,,,1.0,,False,,,,missing,missing,,,,,,,,,22.65623547472599,,,,0
Guam,GUM,2024,,5.252,,,,46.028,,,,1.0,,False,,,,missing,missing,,,,,,,,,,,,,0
Guyana,GUY,2008,3025187433.0,11.018,,2.7,,,,18.2,8.10202207,203.6333333,47.51918487,False,,,,missing,missing,,,,,,,,21.830238887832007,,,,,0
Guyana,GUY,2009,3165663153.0,11.307,,2.3,,,,23.9,2.952300964,203.95,47.69830887,False,,,,missing,missing,,,,,,,,21.87562839760905,21.830238887832007,8.10202207,18.2,,0
Guyana,GUY,2010,3432912517.0,11.632,,2.8,,19.6,151.9,29.9,4.300553403,203.6358333,49.0731383,False,,,,missing,missing,,,,,,,,21.95667486813776,21.87562839760905,2.952300964,23.9,,0
Guyana,GUY,2011,3691384318.0,11.811,,2.7,,18.7,156.9,30.0,4.407304145,204.0175,49.147485,False,,,,missing,missing,,,,,,,,22.029267378575746,21.95667486813776,4.300553403,29.9,,0
Guyana,GUY,2012,4063088536.0,12.029,,2.0,,18.2,176.7,30.5,2.390575267,204.3583333,51.23258525,False,,,,missing,missing,,,,,,,,22.125209244509563,22.029267378575746,4.407304145,30.0,,0
Guyana,GUY,2013,4167800929.0,12.296,,2.1,,20.7,200.1,31.0,1.911125092,205.3941667,49.61578698,False,,,,missing,missing,,,,,,,,22.15065437850061,22.125209244509563,2.390575267,30.5,,0
Guyana,GUY,2014,4127660152.0,12.637,,2.4,,23.2,205.8,32.0,0.68370025,206.4491667,49.10429704,False,,,,missing,missing,,,,,,,,22.140976534217195,22.15065437850061,1.911125092,31.0,,0
Guyana,GUY,2015,4279840194.0,13.009,,2.2,,27.1,206.9,34.0,-0.865401289,206.5,49.44057947,False,,,,missing,missing,,,,,,,,22.177181507992575,22.140976534217195,0.68370025,32.0,,0
Guyana,GUY,2016,4482697337.0,13.263,,2.2,,30.0,235.3,35.65999985,0.826177341,206.5,50.97850475,False,,,,missing,missing,,,,,,,,22.22349078634515,22.177181507992575,-0.865401289,34.0,,0
Guyana,GUY,2017,4748174334.0,13.466,,2.2,,31.5,247.3,42.6753006,1.945716177,206.5,50.46600268,False,,,,missing,missing,,,,,,,,22.28102603037444,22.22349078634515,0.826177341,35.65999985,,0
Guyana,GUY,2018,4787636998.0,13.627,,1.6,23400.07182,35.6,286.8,48.59889984,1.25128567,207.7166667,48.61067096,False,,,,missing,missing,,,,,,,,22.289302806813986,22.28102603037444,1.945716177,42.6753006,,0
Guyana,GUY,2019,5173760192.0,13.172,,1.8,25289.53812,46.6,314.7,55.31269836,2.112389868,208.5,48.37881038,False,,,,missing,missing,,,,,,,,22.366865570969708,22.289302806813986,1.25128567,48.59889984,,0
Guyana,GUY,2020,5471256595.0,15.308,,1.3,,15.7,86.6,62.95399857,0.722434046,208.5,40.28502906,False,,,,missing,missing,,,,,,,,22.422774151860473,22.366865570969708,2.112389868,55.31269836,,0
Guyana,GUY,2021,8041362110.0,14.576,,0.7,,27.2,158.4,71.65090179,4.506198589,208.5,43.12473361,False,,,,missing,missing,,,,,,,,22.80786432245457,22.422774151860473,0.722434046,62.95399857,,0
Guyana,GUY,2022,14718388489.0,11.907,,0.8,,52.8,288.3,76.56240082,6.933460665,208.5,45.11683394,False,,,,missing,missing,,,,,,,,23.41236346660457,22.80786432245457,4.506198589,71.65090179,,0
Guyana,GUY,2023,16918503597.0,11.917,,0.9,,,,79.3553009,2.821593931,208.5,37.37840188,False,,,,missing,missing,,,,,,,,23.551673747319832,23.41236346660457,6.933460665,76.56240082,,0
"Hong Kong SAR, China",HKG,2008,219279000000.0,3.56,16095000000.0,2.75619,194800.0,,,66.7,4.303154841,7.786833333,67.2974213,False,,,,missing,missing,,,,,,,,26.11361072855112,,,,,0
"Hong Kong SAR, China",HKG,2009,214048000000.0,5.26,15547000000.0,3.22415,192200.0,,,69.4,0.579441418,7.75175,66.93533229,False,,,,missing,missing,,,,,,,,26.08946612588241,26.11361072855112,4.303154841,66.7,,0
"Hong Kong SAR, China",HKG,2010,228639000000.0,4.329,17357000000.0,4.29704,215100.0,3424.0,20085.0,72.0,2.292890886,7.769166667,66.16195389,False,,,,missing,missing,,,,,,,,26.15541017743051,26.08946612588241,0.579441418,69.4,,0
"Hong Kong SAR, China",HKG,2011,248514000000.0,3.422,19022000000.0,4.53393,236100.0,3563.0,22316.0,72.19999695,5.30524893,7.784,67.22301275,False,,,,missing,missing,,,,,,,,26.238765018924337,26.15541017743051,2.292890886,72.0,,0
"Hong Kong SAR, China",HKG,2012,262629000000.0,3.285,20077000000.0,4.69859,251400.0,3584.0,23770.0,72.9,4.053909509,7.756416667,70.43340496,False,,,,missing,missing,,,,,,,,26.294008226838045,26.238765018924337,5.30524893,72.19999695,,0
"Hong Kong SAR, China",HKG,2013,275697000000.0,3.4,21215000000.0,5.04638,270300.0,3567.0,25661.0,74.2,4.337993421,7.756,71.75939729,False,,,,missing,missing,,,,,,,,26.34256827352414,26.294008226838045,4.053909509,72.9,,0
"Hong Kong SAR, China",HKG,2014,291460000000.0,3.296,22011000000.0,5.09956,271300.0,3830.0,27770.0,79.86627043,4.42364532,7.754083333,73.95290852,False,,,,missing,missing,,,,,,,,26.39816861205196,26.34256827352414,4.337993421,74.2,,0
"Hong Kong SAR, China",HKG,2015,309386000000.0,3.314,23059000000.0,5.004,265900.0,3995.7,26686.1,84.94835296,2.990848193,7.75175,75.71352292,False,,,,missing,missing,,,,,,,,26.457855525192837,26.39816861205196,4.42364532,79.86627043,,0
"Hong Kong SAR, China",HKG,2016,320860000000.0,3.392,24141000000.0,4.65011,259800.0,4041.3,26552.6,87.47941467,2.409307439,7.76225,77.04907661,False,,,,missing,missing,,,,,,,,26.494270727869342,26.457855525192837,2.990848193,84.94835296,,0
"Hong Kong SAR, China",HKG,2017,341273000000.0,3.124,25388000000.0,4.47827,257700.0,3949.0,27884.0,89.41594465,1.493872439,7.79325,77.89355128,False,,,,missing,missing,,,,,,,,26.55594858044175,26.494270727869342,2.409307439,87.47941467,,0
"Hong Kong SAR, China",HKG,2018,361731000000.0,2.805,26498000000.0,4.46233,258300.0,3936.5,29262.7,90.50739533,2.40613432,7.8385,79.70007796,False,,,,missing,missing,,,,,,,,26.61416667861839,26.55594858044175,1.493872439,89.41594465,,0
"Hong Kong SAR, China",HKG,2019,363075000000.0,2.917,,3.59847,232700.0,3033.1,23752.4,91.74340039,2.883208538,7.835916667,78.99032979,False,,,,missing,missing,,,,,,,,26.61787526144028,26.61416667861839,2.40613432,90.50739533,,0
"Hong Kong SAR, China",HKG,2020,344943000000.0,5.808,,0.35806,49000.0,,,92.41313602,0.250962021,7.75725,79.24253266,False,,,,missing,missing,,,,,,,,26.56664502293657,26.61787526144028,2.883208538,91.74340039,,0
"Hong Kong SAR, China",HKG,2021,368954000000.0,5.174,,0.08267,22500.0,,,93.08715788,1.568758344,7.77325,75.5416428,False,,,,missing,missing,,,,,,,,26.633937811969467,26.56664502293657,0.250962021,92.41313602,,0
"Hong Kong SAR, China",HKG,2022,358680000000.0,4.318,,0.40542,29600.0,,,95.61357052,1.881367072,7.831416667,71.18369283,False,,,,missing,missing,,,,,,,,26.60569646303026,26.633937811969467,1.568758344,93.08715788,,0
"Hong Kong SAR, China",HKG,2023,381043000000.0,2.949,,,,1942.7,,95.97781908,2.096605112,7.829583333,70.64554588,False,,,,missing,missing,,,,,,,,26.66617806659719,26.60569646303026,1.881367072,95.61357052,,0
"Hong Kong SAR, China",HKG,2024,406863000000.0,2.988,,,,2241.0,,95.75536971,1.729721191,7.803833333,72.03813535,False,,,,missing,missing,,,,,,,,26.731742356386757,26.66617806659719,2.096605112,95.97781908,,0
Honduras,HND,2008,13881731876.0,3.156,385000000.0,6.01026,164724.0,,,9.6,11.40342708,18.90375833,45.51583442,False,,,,missing,missing,,,,,,,,23.35383955916928,,,,,0
Honduras,HND,2009,14587496229.0,3.292,361000000.0,6.15837,170681.0,,,9.800000191,5.496342738,18.8951,48.72144239,False,,,,missing,missing,,,,,,,,23.403430576050056,23.35383955916928,11.40342708,9.6,,0
Honduras,HND,2010,15839344592.0,4.119,406000000.0,6.11338,190201.0,236.0,862.0,11.09,4.69889065,18.8951,50.38732765,False,,,,missing,missing,,,,,,,,23.485762845708972,23.403430576050056,5.496342738,9.800000191,,0
Honduras,HND,2011,17710275685.0,4.474,446000000.0,6.1221,177858.0,210.0,871.0,15.9,6.762279573,18.91714167,53.16110367,False,,,,missing,missing,,,,,,,,23.597410855249016,23.485762845708972,4.69889065,11.09,,0
Honduras,HND,2012,18528554398.0,3.755,549000000.0,6.41284,172745.0,248.0,895.0,18.12,5.196186155,19.50224951,52.93455043,False,,,,missing,missing,,,,,,,,23.642578860061185,23.597410855249016,6.762279573,15.9,,0
Honduras,HND,2013,18499729215.0,5.646,506000000.0,6.52312,203616.0,179.0,862.0,17.8,5.161898986,20.35377917,50.30128206,False,,,,missing,missing,,,,,,,,23.641021931896542,23.642578860061185,5.196186155,18.12,,0
Honduras,HND,2014,19756533972.0,7.078,437000000.0,,207736.0,211.0,868.0,23.0,6.129249303,20.98715833,48.87564241,False,,,,missing,missing,,,,,,,,23.706750107605348,23.641021931896542,5.161898986,17.8,,0
Honduras,HND,2015,20979791685.0,6.147,454000000.0,,238156.0,183.4,880.2,27.13954548,3.15783118,21.945175,46.8714853,False,,,,missing,missing,,,,,,,,23.766825510646964,23.706750107605348,6.129249303,23.0,,0
Honduras,HND,2016,21717604952.0,6.727,482000000.0,,241213.0,159.3,837.6,29.52821808,2.724612233,22.83501839,44.49043492,False,,,,missing,missing,,,,,,,,23.80138905668711,23.766825510646964,3.15783118,27.13954548,,0
Honduras,HND,2017,23136247991.0,5.528,517000000.0,,259468.0,159.3,850.1,31.73579247,3.934360844,23.48708394,42.93107918,False,,,,missing,missing,,,,,,,,23.864666401701765,23.80138905668711,2.724612233,29.52821808,,0
Honduras,HND,2018,24067750760.0,5.648,558000000.0,,301476.0,143.0,846.8,36.04006082,4.347349378,23.90272829,43.75066121,False,,,,missing,missing,,,,,,,,23.90413863859193,23.864666401701765,3.934360844,31.73579247,,0
Honduras,HND,2019,24882225742.0,5.698,655000000.0,,267671.0,102.7,724.3,39.38835219,4.365871598,24.50853891,43.25596148,False,,,,missing,missing,,,,,,,,23.937419559899766,23.90413863859193,4.347349378,36.04006082,,0
Honduras,HND,2020,23352232484.0,10.982,230000000.0,,279266.0,20.2,204.2,45.24829865,3.46841178,24.58188052,42.85504602,False,,,,missing,missing,,,,,,,,23.873958426084158,23.937419559899766,4.365871598,39.38835219,,0
Honduras,HND,2021,28144331507.0,8.506,,,223794.0,38.7,459.2,51.95159912,4.480879634,24.01665532,44.09408329,False,,,,missing,missing,,,,,,,,24.060611803830458,23.873958426084158,3.46841178,45.24829865,,0
Honduras,HND,2022,31426041807.0,8.774,,,239486.0,72.6,844.4,56.88069916,9.089639115,24.48587373,44.13737181,False,,,,missing,missing,,,,,,,,24.17090274304504,24.060611803830458,4.480879634,51.95159912,,0
Honduras,HND,2023,34355805528.0,6.07,,,278877.0,,,58.0685997,6.663251803,24.60164682,44.92403659,False,,,,missing,missing,,,,,,,,24.260036852338384,24.17090274304504,9.089639115,56.88069916,,0
Honduras,HND,2024,37093565854.0,4.91,,,315897.8792,,,58.62269974,4.606210981,24.79928244,45.53054118,False,,,,missing,missing,,,,,,,,24.336709364403678,24.260036852338384,6.663251803,58.0685997,,0
Croatia,HRV,2011,62889007657.0,13.678,918000000.0,10.3,,,,57.78997899,2.272727273,5.34386975,69.33012229,True,Temporary residence permit for digital nomads,2021,1/1/21,year,day,2021-01-01,2021-01-01,2021,1,2021,2021,active,24.86463722635046,,,,2021.0,0
Croatia,HRV,2016,52650714172.0,13.015,954000000.0,11.39607,,,,72.69726967,-1.125,6.805990167,49.68520949,True,Temporary residence permit for digital nomads,2021,1/1/21,year,day,2021-01-01,2021-01-01,2021,1,2021,2021,active,24.686945639954818,24.86463722635046,2.272727273,57.78997899,2021.0,0
Croatia,HRV,2019,61466721186.0,6.551,1811000000.0,11.82341,,,,79.07978368,0.771820346,6.622545167,47.07154642,True,Temporary residence permit for digital nomads,2021,1/1/21,year,day,2021-01-01,2021-01-01,2021,1,2021,2021,active,24.84176174637437,24.686945639954818,-1.125,72.69726967,2021.0,0
Croatia,HRV,2020,57959843541.0,7.389,789687194.8,,141790.0,,,78.32090004,0.154811375,6.6140555,46.86824098,True,Temporary residence permit for digital nomads,2021,1/1/21,year,day,2021-01-01,2021-01-01,2021,1,2021,2021,active,24.783016254964608,24.84176174637437,0.771820346,79.07978368,2021.0,0
Croatia,HRV,2021,69002365163.0,7.483,,,145549.0,,,81.25396608,2.554506996,6.360083167,48.16876106,True,Temporary residence permit for digital nomads,2021,1/1/21,year,day,2021-01-01,2021-01-01,2021,1,2021,2021,active,24.95740661868084,24.783016254964608,0.154811375,78.32090004,2021.0,1
Croatia,HRV,2022,71196498671.0,6.811,,12.18,160840.0,,,82.07155532,10.78058068,7.1597415,43.83488911,True,Temporary residence permit for digital nomads,2021,1/1/21,year,day,2021-01-01,2021-01-01,2021,1,2021,2021,active,24.988709478186063,24.95740661868084,2.554506996,81.25396608,2021.0,1
Croatia,HRV,2023,85624153964.0,6.121,,,157251.0,,,83.24117599,7.941281776,0.924839558,46.44822314,True,Temporary residence permit for digital nomads,2021,1/1/21,year,day,2021-01-01,2021-01-01,2021,1,2021,2021,active,25.173233252767577,24.988709478186063,10.78058068,82.07155532,2021.0,1
Croatia,HRV,2024,92983810329.0,5.0,,,168303.0,,,83.63240029,2.972004776,0.923889546,48.53592801,True,Temporary residence permit for digital nomads,2021,1/1/21,year,day,2021-01-01,2021-01-01,2021,1,2021,2021,active,25.255691232461682,25.173233252767577,7.941281776,83.24117599,2021.0,1
Haiti,HTI,2008,10432962635.0,16.204,383000000.0,1.45546,,,,7.599999905,15.28177448,39.10759167,40.17900407,False,,,,missing,missing,,,,,,,,23.068236115001504,,,,,0
Haiti,HTI,2009,11597002835.0,15.398,427000000.0,1.45415,,,,8.100000381,0.39388604,41.19760833,41.91894642,False,,,,missing,missing,,,,,,,,23.17401252538072,23.068236115001504,15.28177448,7.599999905,,0
Haiti,HTI,2010,11859312725.0,15.244,431000000.0,1.39297,,44.0,255.0,8.369999886,4.827341901,39.7974,44.88932349,False,,,,missing,missing,,,,,,,,23.19637927984869,23.17401252538072,0.39388604,8.100000381,,0
Haiti,HTI,2011,13008746039.0,14.506,458000000.0,1.46405,,45.0,348.0,9.0,6.332794838,40.52282194,45.90445597,False,,,,missing,missing,,,,,,,,23.288887740428933,23.19637927984869,4.827341901,8.369999886,,0
Haiti,HTI,2012,13708925477.0,14.1,473000000.0,1.45158,,,,9.800000191,5.018041554,41.94972295,48.10255065,False,,,,missing,missing,,,,,,,,23.3413129523215,23.288887740428933,6.332794838,9.0,,0
Haiti,HTI,2013,14902488604.0,13.704,418000000.0,1.5213,,53.0,419.8,10.60000038,4.765024048,43.46278333,47.91564885,False,,,,missing,missing,,,,,,,,23.424794056354155,23.3413129523215,5.018041554,9.800000191,,0
Haiti,HTI,2014,15146883498.0,13.808,475000000.0,1.58479,,51.3,465.2,11.39999962,3.4381666,45.21598089,47.47442006,False,,,,missing,missing,,,,,,,,23.441060638037676,23.424794056354155,4.765024048,10.60000038,,0
Haiti,HTI,2015,14849629309.0,13.785,503000000.0,1.63188,,53.0,515.8,14.19999981,6.731840697,50.70642667,46.63595424,False,,,,missing,missing,,,,,,,,23.421240739526652,23.441060638037676,3.4381666,11.39999962,,0
Haiti,HTI,2016,14069277526.0,13.902,503000000.0,1.58363,,41.5,444.9,22.79999924,11.50290739,63.33581837,40.52294805,False,,,,missing,missing,,,,,,,,23.367259358211328,23.421240739526652,6.731840697,14.19999981,,0
Haiti,HTI,2017,15093357161.0,13.932,485000000.0,1.45864,,39.4,467.1,27.20000076,10.68008872,64.76968028,41.78128142,False,,,,missing,missing,,,,,,,,23.437520560860147,23.367259358211328,11.50290739,22.79999924,,0
Haiti,HTI,2018,16403864618.0,13.934,599000000.0,1.46801,,30.5,447.4,32.47362713,12.48141112,68.03175398,46.80615337,False,,,,missing,missing,,,,,,,,23.52078279145509,23.437520560860147,10.68008872,27.20000076,,0
Haiti,HTI,2019,15016090930.0,14.095,554000000.0,1.48532,,16.7,286.1,35.76409912,18.70378257,88.81496618,41.77270672,False,,,,missing,missing,,,,,,,,23.43238819175304,23.52078279145509,12.48141112,32.47362713,,0
Haiti,HTI,2020,14508222518.0,15.573,,1.4823,,10.0,202.7,39.38809967,22.79631136,93.50980721,41.58073689,False,,,,missing,missing,,,,,,,,23.397981395856284,23.43238819175304,18.70378257,35.76409912,,0
Haiti,HTI,2021,20944387976.0,15.296,,1.48062,,9.3,148.4,43.37919998,16.84152402,89.22663651,58.54778715,False,,,,missing,missing,,,,,,,,23.76513657038852,23.397981395856284,22.79631136,39.38809967,,0
Haiti,HTI,2022,20253551921.0,14.54,,1.475,,,,47.77470016,33.98393195,115.6307155,53.87557747,False,,,,missing,missing,,,,,,,,23.731596018623737,23.76513657038852,16.84152402,43.37919998,,0
Hungary,HUN,2008,158228000000.0,7.817,3857000000.0,2.39971,308429.0,,,61.0,6.042512539,172.1133333,76.11576502,True,White Card,2021,2021-11,year,month,2021-01-01,2021-11-01,2021,11,2022,2021,active,25.78730286776932,,,,2022.0,0
Hungary,HUN,2009,130807000000.0,10.03,3251000000.0,2.37601,301704.0,,,62.0,4.211711712,202.3416667,63.07525142,True,White Card,2021,2021-11,year,month,2021-01-01,2021-11-01,2021,11,2022,2021,active,25.596988791357106,25.78730286776932,6.042512539,61.0,2022.0,0
Hungary,HUN,2010,131899000000.0,11.172,2897000000.0,2.44332,312016.0,1635.0,39904.0,65.0,4.855557957,207.9441667,60.80794572,True,White Card,2021,2021-11,year,month,2021-01-01,2021-11-01,2021,11,2022,2021,active,25.605302315139802,25.596988791357106,4.211711712,62.0,2022.0,0
Hungary,HUN,2011,141713000000.0,11.029,3048000000.0,2.45379,321329.0,1422.0,41304.0,68.01998789,3.929920989,201.055,61.80987093,True,White Card,2021,2021-11,year,month,2021-01-01,2021-11-01,2021,11,2022,2021,active,25.67706972255417,25.605302315139802,4.855557957,65.0,2022.0,0
Hungary,HUN,2012,128470000000.0,11.003,2457000000.0,2.56138,318454.0,1390.0,43565.0,70.57999815,5.652145171,225.1041667,55.80687815,True,White Card,2021,2021-11,year,month,2021-01-01,2021-11-01,2021,11,2022,2021,active,25.57896125098993,25.67706972255417,3.929920989,68.01998789,2022.0,0
Hungary,HUN,2013,135646000000.0,10.177,2526000000.0,2.5767,312375.0,1327.0,43610.0,72.6439,1.73319985,223.695,55.87046291,True,White Card,2021,2021-11,year,month,2021-01-01,2021-11-01,2021,11,2022,2021,active,25.633314387964536,25.57896125098993,5.652145171,70.57999815,2022.0,0
Hungary,HUN,2014,141129000000.0,7.725,2712000000.0,2.81388,337982.0,1204.0,45984.0,75.65319745,-0.227566271,232.6016667,55.63802524,True,White Card,2021,2021-11,year,month,2021-01-01,2021-11-01,2021,11,2022,2021,active,25.672940202681524,25.633314387964536,1.73319985,72.6439,2022.0,0
Hungary,HUN,2015,125244000000.0,6.813,2456000000.0,2.72914,378964.0,1329.0,48345.0,72.83473703,-0.06164468,279.3325,47.45366543,True,White Card,2021,2021-11,year,month,2021-01-01,2021-11-01,2021,11,2022,2021,active,25.553529671572328,25.672940202681524,-0.227566271,75.65319745,2022.0,0
Hungary,HUN,2016,128984000000.0,5.115,2738000000.0,2.75277,392337.0,1304.0,52889.0,79.25941213,0.394769307,281.5233333,46.89977042,True,White Card,2021,2021-11,year,month,2021-01-01,2021-11-01,2021,11,2022,2021,active,25.58295420260785,25.553529671572328,-0.06164468,72.83473703,2022.0,0
Hungary,HUN,2017,143335000000.0,4.156,3049000000.0,2.68701,382478.0,1189.5,54961.9,76.75054712,2.348242812,274.4333333,49.56997036,True,White Card,2021,2021-11,year,month,2021-01-01,2021-11-01,2021,11,2022,2021,active,25.688450384805282,25.58295420260785,0.394769307,79.25941213,2022.0,0
Hungary,HUN,2018,161185000000.0,3.667,3239000000.0,3.04249,374681.0,1270.4,57667.0,76.07436064,2.850247926,270.2116667,51.47536845,True,White Card,2021,2021-11,year,month,2021-01-01,2021-11-01,2021,11,2022,2021,active,25.805818610580143,25.688450384805282,2.348242812,76.75054712,2022.0,0
Hungary,HUN,2019,164937000000.0,3.411,3352000000.0,3.37803,398081.0,1642.0,61397.0,80.37169361,3.338586354,290.66,47.75240487,True,White Card,2021,2021-11,year,month,2021-01-01,2021-11-01,2021,11,2022,2021,active,25.82882941975405,25.805818610580143,2.850247926,76.07436064,2022.0,0
Hungary,HUN,2020,158468000000.0,4.248,1334000000.0,2.33352,412205.0,1450.429,31640.582,84.77115202,3.326743858,307.9966667,46.05193833,True,White Card,2021,2021-11,year,month,2021-01-01,2021-11-01,2021,11,2022,2021,active,25.788818517136182,25.82882941975405,3.338586354,80.37169361,2022.0,0
Hungary,HUN,2021,183283000000.0,4.021,,2.43805,399473.0,2335.4,36687.5,88.64083466,5.110965344,303.1408333,48.9380376,True,White Card,2021,2021-11,year,month,2021-01-01,2021-11-01,2021,11,2022,2021,active,25.93429724335577,25.788818517136182,3.326743858,84.77115202,2022.0,0
Hungary,HUN,2022,177003000000.0,3.583,,3.36306,409904.0,2033.8,46343.3,89.14282688,14.60814395,372.5958333,41.66179922,True,White Card,2021,2021-11,year,month,2021-01-01,2021-11-01,2021,11,2022,2021,active,25.899432518529146,25.93429724335577,5.110965344,88.64083466,2022.0,1
Hungary,HUN,2023,213240000000.0,4.096,,3.75065,418003.0,,,91.4500713,17.12496597,353.0883333,47.88803737,True,White Card,2021,2021-11,year,month,2021-01-01,2021-11-01,2021,11,2022,2021,active,26.085684128900972,25.899432518529146,14.60814395,89.14282688,2022.0,1
Hungary,HUN,2024,222723000000.0,4.5,,,435839.0,,,93.77898628,3.703703704,365.6908333,48.01271265,True,White Card,2021,2021-11,year,month,2021-01-01,2021-11-01,2021,11,2022,2021,active,26.129194683829336,26.085684128900972,17.12496597,91.4500713,2022.0,1
Indonesia,IDN,2008,510229000000.0,7.208,8801000000.0,4.7,,,,7.917500019,10.22666633,9698.9625,28.06822319,False,,,,missing,missing,,,,,,,,26.95812548149349,,,,,0
Indonesia,IDN,2009,539580000000.0,6.106,6908000000.0,4.17,,,,6.92,4.386413118,10389.9375,28.19577576,False,,,,missing,missing,,,,,,,,27.01405689610089,26.95812548149349,10.22666633,7.917500019,,0
Indonesia,IDN,2010,755094000000.0,5.614,8432000000.0,4.06,,2570.0,7003.0,10.92,5.13420639,9090.433333,36.69957887,False,,,,missing,missing,,,,,,,,27.3501080817568,27.01405689610089,4.386413118,6.92,,0
Indonesia,IDN,2011,892969000000.0,5.153,8653000000.0,4.0,,2746.0,7650.0,12.28,5.356048491,8770.433333,40.05222744,False,,,,missing,missing,,,,,,,,27.51781770277466,27.3501080817568,5.13420639,10.92,,0
Indonesia,IDN,2012,917870000000.0,4.468,9055000000.0,3.96,,2784.0,8044.0,14.52,4.279514269,9386.629167,38.11292489,False,,,,missing,missing,,,,,,,,27.54532160533851,27.51781770277466,5.356048491,12.28,,0
Indonesia,IDN,2013,912524000000.0,4.336,10280000000.0,4.02,,3081.0,8802.0,14.94,6.412494579,10461.24,36.15038214,False,,,,missing,missing,,,,,,,,27.539480223427045,27.54532160533851,4.279514269,14.52,,0
Indonesia,IDN,2014,890815000000.0,4.049,10263000000.0,4.13,,3162.9,9435.4,17.14315984,6.394928824,11865.2113,34.18955264,False,,,,missing,missing,,,,,,,,27.51540261098444,27.539480223427045,6.412494579,14.94,,0
Indonesia,IDN,2015,860854000000.0,4.514,9800000000.0,4.31,,3474.1,10406.8,22.0627426,6.363120612,13389.41294,32.79192686,False,,,,missing,missing,,,,,,,,27.48119075672835,27.51540261098444,6.394928824,17.14315984,,0
Indonesia,IDN,2016,931877000000.0,4.301,9932000000.0,4.65054,,3863.6,11519.3,25.4473537,3.525804528,13308.3268,34.31363488,False,,,,missing,missing,,,,,,,,27.56046666867371,27.48119075672835,6.363120612,22.0627426,,0
Indonesia,IDN,2017,1015620000000.0,3.783,10945000000.0,4.67497,,3067.7,14039.8,32.33580625,3.808798577,13380.83388,35.54463786,False,,,,missing,missing,,,,,,,,27.64652037937547,27.56046666867371,3.525804528,25.4473537,,0
Indonesia,IDN,2018,1042270000000.0,4.387,13171000000.0,4.91219,,3454.6,15810.3,39.90463864,3.198347559,14236.93877,33.95111265,False,,,,missing,missing,,,,,,,,27.672422142777222,27.64652037937547,3.808798577,32.33580625,,0
Indonesia,IDN,2019,1119100000000.0,3.59,14449000000.0,4.96633,12026081.0,3519.4,16107.0,47.69064898,3.030584609,14147.67136,34.26320268,False,,,,missing,missing,,,,,,,,27.743545906770393,27.672422142777222,3.198347559,39.90463864,,0
Indonesia,IDN,2020,1059050000000.0,4.255,1980000000.0,2.2414,11655050.0,2551.7,4052.9,53.72649449,1.919835273,14582.20347,32.85516381,False,,,,missing,missing,,,,,,,,27.68839339578642,27.743545906770393,3.030584609,47.69064898,,0
Indonesia,IDN,2021,1186510000000.0,3.827,,,12067255.0,716.5,1557.5,62.10447842,1.56007883,14308.1439,33.60624014,False,,,,missing,missing,,,,,,,,27.802037340936735,27.68839339578642,1.919835273,53.72649449,,0
Indonesia,IDN,2022,1319100000000.0,3.462,,,12858113.0,594.8,5889.0,66.48461277,4.209464637,14849.85394,33.12291307,False,,,,missing,missing,,,,,,,,27.907970801801284,27.802037340936735,1.56007883,62.10447842,,0
Indonesia,IDN,2023,1371170000000.0,3.308,,,14338554.0,,,69.20836554,3.669386549,15236.88466,31.60602407,False,,,,missing,missing,,,,,,,,27.946685505904146,27.907970801801284,4.209464637,66.48461277,,0
India,IND,2009,1341890000000.0,7.636,,3.68213,,,,5.12,10.88235294,48.40526667,28.17256274,False,,,,missing,missing,,,,,,,,27.92510018390543,,,,,0
India,IND,2010,1675620000000.0,7.631,,3.67259,,861.0,5776.0,7.5,11.98938992,45.72581212,32.03452394,False,,,,missing,missing,,,,,,,,28.147204361970974,27.92510018390543,10.88235294,5.12,,0
India,IND,2011,1823050000000.0,7.609,,3.04754,,1419.0,6309.0,10.07,8.911793365,46.67046667,32.44799375,False,,,,missing,missing,,,,,,,,28.23153203856656,28.147204361970974,11.98938992,7.5,,0
India,IND,2012,1827640000000.0,7.645,14107000000.0,3.10496,,1480.0,6578.0,11.10000038,9.478996914,53.43723333,29.65618055,False,,,,missing,missing,,,,,,,,28.23404663302329,28.23153203856656,8.911793365,10.07,,0
India,IND,2013,1856720000000.0,7.678,13884000000.0,3.06495,24206353.0,1693.0,6968.0,12.30000019,10.01787847,58.59784542,28.5748664,False,,,,missing,missing,,,,,,,,28.24983260610125,28.23404663302329,9.478996914,11.10000038,,0
India,IND,2014,2039130000000.0,7.656,17492000000.0,3.13708,24967183.0,1144.0,7679.0,13.5,6.665656719,61.02951446,29.93078252,False,,,,missing,missing,,,,,,,,28.34354436223199,28.24983260610125,10.01787847,12.30000019,,0
India,IND,2015,2103590000000.0,7.629,17686000000.0,2.64705,25959826.0,,,14.89999962,4.906973441,64.15194446,29.19792904,False,,,,missing,missing,,,,,,,,28.374666524894835,28.34354436223199,6.665656719,13.5,,0
India,IND,2016,2294800000000.0,7.611,19184000000.0,2.62134,27206205.0,1371.7,8804.4,16.5,4.948216341,67.19531281,29.43736535,False,,,,missing,missing,,,,,,,,28.461666809674128,28.374666524894835,4.906973441,14.89999962,,0
India,IND,2017,2651470000000.0,7.626,21856000000.0,2.61394,26631443.0,1364.9,10035.8,18.20000076,3.328173375,65.12156865,31.73628073,False,,,,missing,missing,,,,,,,,28.60613531910922,28.461666809674128,4.948216341,16.5,,0
India,IND,2018,2702930000000.0,7.652,25790000000.0,2.60518,27472438.0,1719.4,10558.0,20.08130004,3.938826467,68.38946709,29.28167373,False,,,,missing,missing,,,,,,,,28.62535748573621,28.60613531910922,3.328173375,18.20000076,,0
India,IND,2019,2835610000000.0,6.51,28595000000.0,2.69189,25447496.0,1605.7,10930.3,29.52350044,3.729505735,70.42034054,28.54775928,False,,,,missing,missing,,,,,,,,28.673278197511546,28.62535748573621,3.938826467,20.08130004,,0
India,IND,2020,2674850000000.0,7.859,15777000000.0,0.77549,23825791.16,286.0,2744.8,43.40544313,6.623436776,74.09956688,27.37535339,False,,,,missing,missing,,,,,,,,28.614914419937914,28.673278197511546,3.729505735,29.52350044,,0
India,IND,2021,3167270000000.0,6.38,,0.90541,24642582.18,160.0,1527.1,49.2580986,5.131407472,73.91801282,27.82122579,False,,,,missing,missing,,,,,,,,28.78389113403489,28.614914419937914,6.623436776,43.40544313,,0
India,IND,2022,3346110000000.0,4.822,,2.65,27307051.31,645.0,,55.9,6.699034141,78.60449058,25.50003131,False,,,,missing,missing,,,,,,,,28.838819593027523,28.78389113403489,5.131407472,49.2580986,,0
India,IND,2023,3638490000000.0,4.172,,2.72,29347072.3,965.0,,60.25230026,5.649143189,82.59927645,24.70757755,False,,,,missing,missing,,,,,,,,28.922589876344453,28.838819593027523,6.699034141,55.9,,0
India,IND,2024,3909890000000.0,4.173,,,,1029.0,,64.9434967,4.95303551,83.66928158,24.18219969,False,,,,missing,missing,,,,,,,,28.994530356537755,28.922589876344453,5.649143189,60.25230026,,0
Ireland,IRL,2010,221733000000.0,14.534,7176000000.0,,,1018.0,7133.0,69.85,-0.918388645,0.75430899,112.6519783,False,,,,missing,missing,,,,,,,,26.12473979228867,,,,,0
Ireland,IRL,2011,240976000000.0,15.354,6842000000.0,,,1082.0,7630.0,74.88997297,2.548978302,0.718413899,115.7428888,False,,,,missing,missing,,,,,,,,26.207963180415906,26.12473979228867,-0.918388645,69.85,,0
Ireland,IRL,2012,226922000000.0,15.451,5895000000.0,,,1140.0,7551.0,76.91999254,1.694741167,0.77833812,105.7473582,False,,,,missing,missing,,,,,,,,26.14787218304477,26.207963180415906,2.548978302,74.88997297,,0
Ireland,IRL,2013,242924000000.0,13.735,6198000000.0,,,1220.0,8259.0,78.2477,0.515099485,0.752945123,107.7406541,False,,,,missing,missing,,,,,,,,26.21601447416658,26.14787218304477,1.694741167,76.91999254,,0
Ireland,IRL,2014,266490000000.0,11.858,6412000000.0,,,1301.0,8814.0,83.49172234,0.190916399,0.752728197,108.8096611,False,,,,missing,missing,,,,,,,,26.30860255639613,26.21601447416658,0.515099485,78.2477,,0
Ireland,IRL,2015,302101000000.0,9.908,5704000000.0,,,1378.0,9527.0,83.49479167,-0.330959783,0.901296423,89.83570544,False,,,,missing,missing,,,,,,,,26.43402723549576,26.30860255639613,0.190916399,83.49172234,,0
Ireland,IRL,2016,305431000000.0,8.374,6234000000.0,,,1395.0,10100.0,83.5,0.020124774,0.903421436,87.92009666,False,,,,missing,missing,,,,,,,,26.444989730800884,26.43402723549576,-0.330959783,83.49479167,,0
Ireland,IRL,2017,348355000000.0,6.713,6616000000.0,,,1401.0,10338.0,84.11400706,0.362173038,0.885205508,89.7424375,False,,,,missing,missing,,,,,,,,26.57648791169975,26.444989730800884,0.020124774,83.5,,0
Ireland,IRL,2018,395780000000.0,5.741,7541000000.0,,,1358.0,10926.0,87.00014011,0.471130714,0.846772667,93.5568696,False,,,,missing,missing,,,,,,,,26.704124338267167,26.57648791169975,0.362173038,84.11400706,,0
Ireland,IRL,2019,407212000000.0,4.95,8156000000.0,4.76468,,1464.0,10951.0,87.00005524,0.937842961,0.893276257,88.90228456,False,,,,missing,missing,,,,,,,,26.732599771296638,26.704124338267167,0.471130714,87.00014011,,0
"Iran, Islamic Rep.",IRN,2013,500400000000.0,10.595,9464000000.0,,1360736.16,,,29.95,36.60303552,18414.44801,40.01245321,False,,,,missing,missing,,,,,,,,26.938673615539166,,,,,0
"Iran, Islamic Rep.",IRN,2014,462285000000.0,10.68,10130000000.0,,1405608.74,,,39.35361451,16.60655324,25941.66414,36.81222872,False,,,,missing,missing,,,,,,,,26.859447420950858,26.938673615539166,36.60303552,29.95,,0
"Iran, Islamic Rep.",IRN,2015,409192000000.0,11.166,9658000000.0,,1542693.741,,,45.33497615,12.48468156,29011.49138,36.17836891,False,,,,missing,missing,,,,,,,,26.73745032049064,26.859447420950858,16.60655324,39.35361451,,0
"Iran, Islamic Rep.",IRN,2016,478618000000.0,12.618,11142000000.0,,1576737.229,16.1,4942.1,53.22677167,7.24542549,30914.85244,37.58262623,False,,,,missing,missing,,,,,,,,26.8941686214084,26.73745032049064,12.48468156,45.33497615,,0
"Iran, Islamic Rep.",IRN,2019,347988000000.0,10.74,,,1640416.271,,,72.45090477,39.90734557,42000.0,28.70213512,False,,,,missing,missing,,,,,,,,26.575433833367722,26.8941686214084,7.24542549,53.22677167,,0
"Iran, Islamic Rep.",IRN,2020,280934000000.0,9.687,,,1352004.46,,,75.56986637,30.59413904,42000.0,21.18152817,False,,,,missing,missing,,,,,,,,26.36138560324776,26.575433833367722,39.90734557,72.45090477,,0
"Iran, Islamic Rep.",IRN,2021,407351000000.0,9.282,,,1311672.829,,,78.5957366,43.38901627,42000.0,28.9915942,False,,,,missing,missing,,,,,,,,26.73294105859142,26.36138560324776,30.59413904,75.56986637,,0
"Iran, Islamic Rep.",IRN,2022,422662000000.0,9.085,,,1444233.877,,,81.71649933,43.48846417,42000.0,26.91242289,False,,,,missing,missing,,,,,,,,26.769838642205055,26.73294105859142,43.38901627,78.5957366,,0
Iraq,IRQ,2021,209692000000.0,16.173,,,732076.4339,,,65.00219727,6.041864891,1450.0,38.23899263,False,,,,missing,missing,,,,,,,,26.068905624388844,,,,,0
Iceland,ISL,2009,13212543838.0,7.22,,3.51117,,,,93.0,12.00312985,123.6383814,98.60689236,True,Long-Term Visa for Remote Workers,2020,2020-10,year,month,2020-01-01,2020-10-01,2020,10,2021,2020,active,23.3044325060559,,,,2021.0,0
Iceland,ISL,2010,13922711577.0,7.564,,3.42677,,,,93.39,5.396731132,122.2418112,108.7342446,True,Long-Term Visa for Remote Workers,2020,2020-10,year,month,2020-01-01,2020-10-01,2020,10,2021,2020,active,23.35678727008045,23.3044325060559,12.00312985,93.0,2021.0,0
Iceland,ISL,2011,15394005872.0,7.028,,3.68263,,,,94.8196868,4.001026643,115.9540398,116.556529,True,Long-Term Visa for Remote Workers,2020,2020-10,year,month,2020-01-01,2020-10-01,2020,10,2021,2020,active,23.45724404150578,23.35678727008045,5.396731132,93.39,2021.0,0
Iceland,ISL,2012,14943757823.0,6.0,,4.16666,,,,96.20979955,5.185899888,125.082787,109.5016135,True,Long-Term Visa for Remote Workers,2020,2020-10,year,month,2020-01-01,2020-10-01,2020,10,2021,2020,active,23.427559512667216,23.45724404150578,4.001026643,94.8196868,2021.0,0
Iceland,ISL,2013,16244319959.0,5.376,,4.67865,,,,96.5468,3.872279237,122.1791213,112.1489625,True,Long-Term Visa for Remote Workers,2020,2020-10,year,month,2020-01-01,2020-10-01,2020,10,2021,2020,active,23.511009143633853,23.427559512667216,5.185899888,96.20979955,2021.0,0
Iceland,ISL,2014,18052183515.0,4.897,,5.47964,,,,98.15802331,2.044614815,116.7673525,118.6529163,True,Long-Term Visa for Remote Workers,2020,2020-10,year,month,2020-01-01,2020-10-01,2020,10,2021,2020,active,23.61653248476909,23.511009143633853,3.872279237,96.5468,2021.0,0
Iceland,ISL,2015,17700486957.0,3.979,,6.5,,,,98.19999695,1.633055582,131.9187084,107.6230413,True,Long-Term Visa for Remote Workers,2020,2020-10,year,month,2020-01-01,2020-10-01,2020,10,2021,2020,active,23.59685798784267,23.61653248476909,2.044614815,98.15802331,2021.0,0
Iceland,ISL,2016,21083713310.0,2.978,,8.1984,,,,98.23999786,1.69692762,120.8115481,115.9077524,True,Long-Term Visa for Remote Workers,2020,2020-10,year,month,2020-01-01,2020-10-01,2020,10,2021,2020,active,23.771766698332222,23.59685798784267,1.633055582,98.19999695,2021.0,0
Iceland,ISL,2017,25060086488.0,2.742,,7.9837,,,,98.25520119,1.760415592,106.839572,129.4250551,True,Long-Term Visa for Remote Workers,2020,2020-10,year,month,2020-01-01,2020-10-01,2020,10,2021,2020,active,23.944542237645408,23.771766698332222,1.69692762,98.23999786,2021.0,0
Iceland,ISL,2018,26677652544.0,2.704,,8.08922,,,,99.01095399,2.682917683,108.3001763,130.1662498,True,Long-Term Visa for Remote Workers,2020,2020-10,year,month,2020-01-01,2020-10-01,2020,10,2021,2020,active,24.00709206851568,23.944542237645408,1.760415592,98.25520119,2021.0,0
Iceland,ISL,2019,24985687022.0,3.507,,8.1,,,,99.50494117,3.013971792,122.6067736,113.0996665,True,Long-Term Visa for Remote Workers,2020,2020-10,year,month,2020-01-01,2020-10-01,2020,10,2021,2020,active,23.94156897874296,24.00709206851568,2.682917683,99.01095399,2021.0,0
Iceland,ISL,2020,22034665041.0,5.478,,2.8,,,,99.5327519,2.847924015,135.4217116,105.7831704,True,Long-Term Visa for Remote Workers,2020,2020-10,year,month,2020-01-01,2020-10-01,2020,10,2021,2020,active,23.8158827338995,23.94156897874296,3.013971792,99.50494117,2021.0,0
Iceland,ISL,2021,26234872402.0,6.029,,3.9,,,,99.68701957,4.444239702,126.9888602,112.2839884,True,Long-Term Visa for Remote Workers,2020,2020-10,year,month,2020-01-01,2020-10-01,2020,10,2021,2020,active,23.990355370417838,23.8158827338995,2.847924015,99.5327519,2021.0,1
Iceland,ISL,2022,29166102877.0,3.789,,6.1,,,,97.58339691,8.308755116,135.279902,99.71879784,True,Long-Term Visa for Remote Workers,2020,2020-10,year,month,2020-01-01,2020-10-01,2020,10,2021,2020,active,24.096273011523618,23.990355370417838,4.444239702,99.68701957,2021.0,1
Israel,ISR,2008,221232000000.0,7.704,4967000000.0,2.6838,,,,59.39,4.527447651,3.588021194,107.7816332,False,,,,missing,missing,,,,,,,,26.122477761592673,,,,,0
Israel,ISR,2009,213403000000.0,9.534,4500000000.0,2.52894,,,,63.12,3.367623173,3.932335478,101.5012588,False,,,,missing,missing,,,,,,,,26.086448233822093,26.122477761592673,4.527447651,59.39,,0
Israel,ISR,2010,239679000000.0,8.48,4683000000.0,2.76008,,348.0,2803.0,67.5,2.702702703,3.738975,106.7325403,False,,,,missing,missing,,,,,,,,26.202566365036922,26.086448233822093,3.367623173,63.12,,0
Israel,ISR,2011,268095000000.0,7.139,4874000000.0,2.69689,,395.0,2820.0,68.87387799,3.488372093,3.578129306,110.2465188,False,,,,missing,missing,,,,,,,,26.31460723225686,26.202566365036922,2.702702703,67.5,,0
Israel,ISR,2012,263589000000.0,6.762,5008000000.0,2.74042,346096.0,433.0,2886.0,70.8,1.675537158,3.855921825,102.5787912,False,,,,missing,missing,,,,,,,,26.297656908810268,26.31460723225686,3.488372093,68.87387799,,0
Israel,ISR,2013,298478000000.0,6.137,5757000000.0,2.61832,362364.0,355.0,2961.0,70.25031195,1.589763474,3.610758333,106.3368314,False,,,,missing,missing,,,,,,,,26.42196206522041,26.297656908810268,1.675537158,70.8,,0
Israel,ISR,2014,315017000000.0,5.789,6534000000.0,2.52843,374888.0,378.0,2927.0,75.01775316,0.467557252,3.577925,110.1305086,False,,,,missing,missing,,,,,,,,26.47589244256978,26.42196206522041,1.589763474,70.25031195,,0
Israel,ISR,2015,303469000000.0,5.176,7506000000.0,2.59238,375192.0,364.0,2799.0,77.35208966,-0.617342578,3.886833333,100.9542901,False,,,,missing,missing,,,,,,,,26.438545300548753,26.47589244256978,0.467557252,75.01775316,,0
Israel,ISR,2016,321941000000.0,4.723,8210000000.0,2.5233,397648.0,325.0,2900.0,79.65312418,-0.535168196,3.840566667,98.6445837,False,,,,missing,missing,,,,,,,,26.49763413588852,26.438545300548753,-0.617342578,77.35208966,,0
Israel,ISR,2017,358452000000.0,4.14,8985000000.0,2.55346,407764.0,404.7,3613.2,81.58118359,0.24980784,3.599555548,104.2248953,False,,,,missing,missing,,,,,,,,26.605060596808467,26.49763413588852,-0.535168196,79.65312418,,0
Israel,ISR,2018,376299000000.0,3.917,9975000000.0,2.64084,415662.0,412.1,4120.9,83.73315696,0.80506038,3.590558127,105.4060084,False,,,,missing,missing,,,,,,,,26.653649877088114,26.605060596808467,0.24980784,81.58118359,,0
Israel,ISR,2019,400645000000.0,3.731,10389000000.0,2.58317,435575.0,450.6,4551.6,86.78787762,0.81764594,3.564527347,107.0791056,False,,,,missing,missing,,,,,,,,26.716341585372163,26.653649877088114,0.80506038,83.73315696,,0
Israel,ISR,2020,410768000000.0,4.169,2175000000.0,0.7,386432.0,,,90.12734091,-0.575254621,3.442405852,108.839607,False,,,,missing,missing,,,,,,,,26.741294415179944,26.716341585372163,0.81764594,86.78787762,,0
Israel,ISR,2021,489852000000.0,4.812,,1.06784,358989.0,,,90.29689758,1.479654747,3.230198323,113.233419,False,,,,missing,missing,,,,,,,,26.917369141611243,26.741294415179944,-0.575254621,90.12734091,,0
Israel,ISR,2022,525181000000.0,3.695,,1.86797,418238.0,374.5,,91.85079615,4.411627255,3.359614402,102.4814931,False,,,,missing,missing,,,,,,,,26.987008802026068,26.917369141611243,1.479654747,90.29689758,,0
Israel,ISR,2023,512185000000.0,3.371,,1.87597,434197.0,211.0,,87.03842615,4.225226032,3.667374716,94.25876186,False,,,,missing,missing,,,,,,,,26.961951724847633,26.987008802026068,4.411627255,91.85079615,,0
Israel,ISR,2024,540380000000.0,3.595,,,418641.0,87.0,,88.18242225,3.074808898,3.69971965,94.65528017,False,,,,missing,missing,,,,,,,,27.01553843272508,26.961951724847633,4.225226032,87.03842615,,0
Italy,ITA,2010,2144940000000.0,8.363,,5.14858,,13530.0,73225.0,53.68,1.525516021,0.75430899,102.5240333,False,,,,missing,missing,,,,,,,,28.394132695889333,,,,,0
Italy,ITA,2011,2306970000000.0,8.359,,,1910228.0,13908.0,75866.0,54.3899983,2.780632729,0.718413899,105.6058355,False,,,,missing,missing,,,,,,,,28.466956091134442,28.394132695889333,1.525516021,53.68,,0
Italy,ITA,2012,2097930000000.0,10.655,,,1978568.0,14522.0,76292.0,55.82999799,3.041363332,0.77833812,96.06763184,False,,,,missing,missing,,,,,,,,28.371972260236397,28.466956091134442,2.780632729,54.3899983,,0
Italy,ITA,2013,2153230000000.0,12.149,,,1957721.0,14186.0,76762.0,58.4593,1.219993423,0.752945123,97.92201022,False,,,,missing,missing,,,,,,,,28.397990156287406,28.371972260236397,3.041363332,55.82999799,,0
Italy,ITA,2014,2173260000000.0,12.683,,,1985569.0,13636.0,77694.0,55.63846022,0.24104743,0.752728197,98.26176341,False,,,,missing,missing,,,,,,,,28.407249460298427,28.397990156287406,1.219993423,58.4593,,0
Italy,ITA,2015,1845430000000.0,11.896,30312000000.0,5.41026,2014747.0,13321.0,81068.0,58.14173496,0.0387904,0.901296423,81.95905152,False,,,,missing,missing,,,,,,,,28.243733428596855,28.407249460298427,0.24104743,55.63846022,,0
Italy,ITA,2016,1887110000000.0,11.688,30584000000.0,,2128845.0,14649.0,84924.0,61.32425277,-0.094016657,0.903421436,77.54343343,False,,,,missing,missing,,,,,,,,28.26606767420366,28.243733428596855,0.0387904,58.14173496,,0
Italy,ITA,2017,1970720000000.0,11.211,34819000000.0,5.49858,2226525.0,14537.0,89931.0,63.077347,1.226533166,0.885205508,77.93613952,False,,,,missing,missing,,,,,,,,28.309420074139585,28.26606767420366,-0.094016657,61.32425277,,0
Italy,ITA,2018,2099440000000.0,10.538,37644000000.0,,2212825.0,14377.6,93228.5,74.38718292,1.137487636,0.846772667,80.44886502,False,,,,missing,missing,,,,,,,,28.37269175842938,28.309420074139585,1.226533166,63.077347,,0
Italy,ITA,2019,2019610000000.0,9.884,37908000000.0,5.7128,2261601.0,14875.2,95398.7,67.85071029,0.611246944,0.893276257,72.46336112,False,,,,missing,missing,,,,,,,,28.333925539394453,28.37269175842938,1.137487636,74.38718292,,0
Italy,ITA,2020,1907480000000.0,9.192,12965000000.0,,1965217.0,6766.0,38419.0,70.48342785,-0.137707574,0.875506397,72.22014621,False,,,,missing,missing,,,,,,,,28.27680411512214,28.333925539394453,0.611246944,67.85071029,,0
Italy,ITA,2021,2179210000000.0,9.497,,,1890321.0,8326.0,40185.7,74.8623274,1.873783258,0.845494139,73.96337493,False,,,,missing,missing,,,,,,,,28.409983541731016,28.27680411512214,-0.137707574,70.48342785,,0
Italy,ITA,2022,2104070000000.0,8.069,,,2167129.0,10259.0,74316.7,85.06074504,8.201289912,0.949623753,62.26571292,False,,,,missing,missing,,,,,,,,28.374894680212556,28.409983541731016,1.873783258,74.8623274,,0
Italy,ITA,2023,2316730000000.0,7.627,,,2294177.0,11321.0,,87.0278292,5.622194422,0.924839558,65.0868569,False,,,,missing,missing,,,,,,,,28.471177824592957,28.374894680212556,8.201289912,85.06074504,,0
Italy,ITA,2024,2380830000000.0,6.5,,,2320784.575,11247.0,,89.2207202,0.982373023,0.923889546,64.90245533,False,,,,missing,missing,,,,,,,,28.498470282312248,28.471177824592957,5.622194422,87.0278292,,0
Jamaica,JAM,2008,13709401520.0,6.666,312000000.0,7.05903,,,,23.6,22.0228385,72.75620341,59.25713239,False,,,,missing,missing,,,,,,,,23.341347676759653,,,,,0
Jamaica,JAM,2009,12120458115.0,7.314,259000000.0,7.2,,,,24.3,9.592245989,87.89411981,54.43327274,False,,,,missing,missing,,,,,,,,23.21816061514057,23.341347676759653,22.0228385,23.6,,0
Jamaica,JAM,2010,13220549908.0,7.63,235000000.0,6.9,,103.0,1922.0,27.67,12.610552,87.19614633,59.52832891,False,,,,missing,missing,,,,,,,,23.305038267176542,23.21816061514057,9.592245989,24.3,,0
Jamaica,JAM,2011,14444661522.0,8.034,213000000.0,6.5,,106.0,1952.0,37.43861341,7.555856466,85.8934632,62.64149217,False,,,,missing,missing,,,,,,,,23.393590738399002,23.305038267176542,12.610552,27.67,,0
Jamaica,JAM,2012,14807086556.0,8.695,418000000.0,6.4,,100.0,1986.0,33.79,6.873977087,88.74980239,63.78260522,False,,,,missing,missing,,,,,,,,23.41837172446947,23.393590738399002,7.555856466,37.43861341,,0
Jamaica,JAM,2013,14264205153.0,9.698,392000000.0,6.9,,96.4,2008.4,37.1,9.341500766,100.3978832,59.37507879,False,,,,missing,missing,,,,,,,,23.38101909997533,23.41837172446947,6.873977087,33.79,,0
Jamaica,JAM,2014,13899217680.0,9.046,457000000.0,7.5,,96.8,2080.2,40.4027351,8.274078862,110.9345278,56.97033981,False,,,,missing,missing,,,,,,,,23.355098393484777,23.38101909997533,9.341500766,37.1,,0
Jamaica,JAM,2015,14963589916.0,8.825,413000000.0,7.8,,100.8,2122.96,42.22122119,3.691542289,116.9697766,56.34469252,False,,,,missing,missing,,,,,,,,23.428885748352172,23.355098393484777,8.274078862,40.4027351,,0
Jamaica,JAM,2016,14898999754.0,8.634,413000000.0,8.4,,98.4,2181.7,44.36685637,2.351021975,125.0950346,53.29989376,False,,,,missing,missing,,,,,,,,23.424559917040437,23.428885748352172,3.691542289,42.22122119,,0
Jamaica,JAM,2017,15783583237.0,7.399,455000000.0,9.0,,92.1,2353.0,55.07206705,4.37839865,127.9645442,53.55603125,False,,,,missing,missing,,,,,,,,23.482236201174693,23.424559917040437,2.351021975,44.36685637,,0
Jamaica,JAM,2018,16855447986.0,5.47,505000000.0,9.2,,91.6,2472.65,68.21451709,3.736638822,128.8715191,55.58493237,False,,,,missing,missing,,,,,,,,23.547939764098565,23.482236201174693,4.37839865,55.07206705,,0
Jamaica,JAM,2019,17026269263.0,4.987,508000000.0,9.8,,94.0,2680.95,70.84101697,3.905100009,133.3121183,55.60795431,False,,,,missing,missing,,,,,,,,23.558023239095863,23.547939764098565,3.736638822,68.21451709,,0
Jamaica,JAM,2020,15000214216.0,6.501,291000000.0,,,33.5,880.36,76.38400269,5.226777793,142.4028328,54.26929497,False,,,,missing,missing,,,,,,,,23.431330319013316,23.558023239095863,3.905100009,70.84101697,,0
Jamaica,JAM,2021,15963885376.0,5.188,,,,14.5,1464.4,82.36071561,5.862782428,150.7901059,53.93389637,False,,,,missing,missing,,,,,,,,23.493594843951772,23.431330319013316,5.226777793,76.38400269,,0
Jamaica,JAM,2022,18813516805.0,4.083,,,,51.4,2478.4,85.84329987,10.34956884,153.4268165,55.75078548,False,,,,missing,missing,,,,,,,,23.657841427430103,23.493594843951772,5.862782428,82.36071561,,0
Jordan,JOR,2008,22658715989.0,12.7,1140000000.0,6.52815,,,,23.0,13.971231,0.70966655,37.16282717,False,,,,missing,missing,,,,,,,,23.843810426730734,,,,,0
Jordan,JOR,2010,27133804225.0,12.5,1736000000.0,7.0,,299.0,4207.0,27.2,4.845518759,0.71,39.82407073,False,,,,missing,missing,,,,,,,,24.024046175865934,23.843810426730734,13.971231,23.0,,0
Jordan,JOR,2011,29524149155.0,12.9,1280000000.0,,,281.0,3960.0,34.9,4.162441629,0.71,40.97678712,False,,,,missing,missing,,,,,,,,24.108474380833055,24.024046175865934,4.845518759,27.2,,0
Jordan,JOR,2012,31634561690.0,12.2,1257000000.0,6.5,,296.0,4162.0,37.0,4.515229567,0.71,42.81448538,False,,,,missing,missing,,,,,,,,24.17751608422563,24.108474380833055,4.162441629,34.9,,0
Jordan,JOR,2013,34454440141.0,12.6,1206000000.0,,,298.0,3945.0,41.4,4.824623143,0.71,43.91764767,False,,,,missing,missing,,,,,,,,24.262903712632127,24.17751608422563,4.515229567,37.0,,0
Jordan,JOR,2014,36847643521.0,11.9,1251000000.0,,,254.5,3989.5,46.2,2.89947905,0.71,45.83190936,False,,,,missing,missing,,,,,,,,24.330057505667263,24.262903712632127,4.824623143,41.4,,0
Jordan,JOR,2015,38587017887.0,13.075,1267000000.0,,,267.3,3761.1,54.22000122,-0.87685136,0.71,45.08442882,False,,,,missing,missing,,,,,,,,24.376181732676553,24.330057505667263,2.89947905,46.2,,0
Jordan,JOR,2016,39892551127.0,15.275,1367000000.0,6.0,,453.0,3563.6,56.15000153,-0.778430463,0.71,45.57352643,False,,,,missing,missing,,,,,,,,24.409455454867388,24.376181732676553,-0.87685136,54.22000122,,0
Jordan,JOR,2017,41608435915.0,18.12,1496000000.0,,,488.1,3839.6,64.5,3.323894476,0.71,43.87900863,False,,,,missing,missing,,,,,,,,24.45156877007351,24.409455454867388,-0.778430463,56.15000153,,0
Jordan,JOR,2018,43370860704.0,18.257,1493000000.0,5.9,,527.1,4146.1,65.2,4.462311085,0.71,45.84447599,False,,,,missing,missing,,,,,,,,24.493053640204327,24.45156877007351,3.323894476,64.5,,0
Jordan,JOR,2019,44503006338.0,16.801,1569000000.0,,,570.0,4483.8,70.08470154,0.761514047,0.71,44.22613433,False,,,,missing,missing,,,,,,,,24.51882258199396,24.493053640204327,4.462311085,65.2,,0
Jordan,JOR,2020,43700383099.0,19.213,408000000.0,,,99.231,1066.1,78.4178009,0.333294351,0.71,41.98722017,False,,,,missing,missing,,,,,,,,24.500622705577037,24.51882258199396,0.761514047,70.08470154,,0
Jordan,JOR,2021,46296100141.0,19.837,,,,187.116,2011.7,85.999997,1.346093772,0.71,45.55950702,False,,,,missing,missing,,,,,,,,24.558323564275053,24.500622705577037,0.333294351,78.4178009,,0
Jordan,JOR,2022,48764963380.0,18.2,,,,397.7331,4276.7,90.4999984,4.229155689,0.71,43.69465611,False,,,,missing,missing,,,,,,,,24.61027792842168,24.558323564275053,1.346093772,85.999997,,0
Jordan,JOR,2023,51088476338.0,16.62,,,,497.178,,92.53443944,2.084869863,0.71,42.84707699,False,,,,missing,missing,,,,,,,,24.656824796747905,24.61027792842168,4.229155689,90.4999984,,0
Jordan,JOR,2024,53352289577.0,16.693,,,,1272.948,,95.62244985,1.556596113,0.71,42.5794458,False,,,,missing,missing,,,,,,,,24.700182729930752,24.656824796747905,2.084869863,92.53443944,,0
Kenya,KEN,2010,45405615064.0,2.793,,,,266.0,1609.0,7.2,3.961388891,79.2331517,41.42554745,False,,,,missing,missing,,,,,,,,24.538901614169784,,,,,0
Kenya,KEN,2011,46869473151.0,2.699,,,,310.4,1822.9,8.800000191,14.0224913,88.81076997,39.85566388,False,,,,missing,missing,,,,,,,,24.570632408173513,24.538901614169784,3.961388891,7.2,,0
Kenya,KEN,2012,56396704672.0,2.678,,,,291.0,1710.8,10.5,9.377770035,84.52960176,45.13112748,False,,,,missing,missing,,,,,,,,24.755676565942036,24.570632408173513,14.0224913,8.800000191,,0
Kenya,KEN,2013,61671440408.0,2.762,,,,258.8,1519.6,13.0,5.71749357,86.1228789,44.13087575,False,,,,missing,missing,,,,,,,,24.845086782382094,24.755676565942036,9.377770035,10.5,,0
Kenya,KEN,2014,68285796514.0,2.767,,,,228.7,1350.3,16.5,6.878154993,87.92216381,44.13812455,False,,,,missing,missing,,,,,,,,24.946967624561744,24.845086782382094,5.71749357,13.0,,0
Kenya,KEN,2015,70120446897.0,2.762,,,,159.0,1181.0,16.58785485,6.582154293,98.17845333,40.48362055,False,,,,missing,missing,,,,,,,,24.973480270296307,24.946967624561744,6.878154993,16.5,,0
Kenya,KEN,2016,74815144164.0,2.757,,,,180.0,1339.7,16.6,6.297249538,101.5043695,39.67995227,False,,,,missing,missing,,,,,,,,25.03828616351972,24.973480270296307,6.582154293,16.58785485,,0
Kenya,KEN,2017,82036510877.0,3.542,,,,198.7,1448.8,17.82710075,8.005649677,103.4100045,39.91823563,False,,,,missing,missing,,,,,,,,25.13043023971181,25.03828616351972,6.297249538,16.6,,0
Kenya,KEN,2019,100378000000.0,5.014,,4.4,1069572.816,,,22.66877336,5.239637958,101.9912984,41.82312932,False,,,,missing,missing,,,,,,,,25.332208896687,25.13043023971181,8.005649677,17.82710075,,0
Kenya,KEN,2021,109704000000.0,5.693,,,857420.4745,248.9,870.6,26.96290016,6.107936037,109.6377466,38.61047381,False,,,,missing,missing,,,,,,,,25.421051666643965,25.332208896687,5.239637958,22.66877336,,0
Kenya,KEN,2022,114449000000.0,5.565,,,1030501.625,425.5,1483.8,29.40589905,7.659862683,117.8659892,35.86294873,False,,,,missing,missing,,,,,,,,25.463395145866887,25.421051666643965,6.107936037,26.96290016,,0
Cambodia,KHM,2010,13808673288.0,0.771,131000000.0,,,141.0,2508.0,1.26,3.996395281,4184.916667,31.86459218,False,,,,missing,missing,,,,,,,,23.348562730817143,,,,,0
Cambodia,KHM,2011,16032622024.0,0.577,344000000.0,,,143.0,2882.0,3.099999905,5.478447496,4058.5,33.78675253,False,,,,missing,missing,,,,,,,,23.497891359998402,23.348562730817143,3.996395281,1.26,,0
Cambodia,KHM,2012,17826536700.0,0.505,406000000.0,,,168.0,3584.0,4.94,2.934316093,4033.0,33.28613152,False,,,,missing,missing,,,,,,,,23.60395400990955,23.497891359998402,5.478447496,3.099999905,,0
Cambodia,KHM,2013,19807135253.0,0.438,469000000.0,,,185.0,4210.0,6.0,2.941625095,4027.25,33.55634563,False,,,,missing,missing,,,,,,,,23.709308076043687,23.60395400990955,2.934316093,4.94,,0
Cambodia,KHM,2014,22041463968.0,0.692,527000000.0,,,206.0,4503.0,14.0,3.855688614,4037.5,34.76535769,False,,,,missing,missing,,,,,,,,23.81619124225569,23.709308076043687,2.941625095,6.0,,0
Cambodia,KHM,2015,24174170369.0,0.393,641000000.0,,,299.6,4775.3,6.43319107,1.223931955,4067.75,34.89951216,False,,,,missing,missing,,,,,,,,23.90855055997198,23.81619124225569,3.855688614,14.0,,0
Cambodia,KHM,2016,26556545153.0,0.716,762000000.0,,,342.2,5011.7,32.39845171,3.019139751,4058.694579,35.28120699,False,,,,missing,missing,,,,,,,,24.002542076023104,23.90855055997198,1.223931955,6.43319107,,0
Cambodia,KHM,2017,29355665910.0,0.141,919000000.0,,,373.2,5602.1,32.90027854,2.912635574,4050.579986,36.16496888,False,,,,missing,missing,,,,,,,,24.10275141092678,24.002542076023104,3.019139751,32.39845171,,0
Cambodia,KHM,2018,33145892169.0,0.129,1080000000.0,,,687.1,6201.0,65.0,2.459085154,4051.1669,36.25922578,False,,,,missing,missing,,,,,,,,24.224184629429413,24.10275141092678,2.912635574,32.90027854,,0
Cambodia,KHM,2019,36685356408.0,0.119,1162000000.0,,,1371.4,6610.6,52.30587822,1.942575008,4061.148963,36.16963084,False,,,,missing,missing,,,,,,,,24.325643504425678,24.224184629429413,2.459085154,65.0,,0
Cambodia,KHM,2020,34818073901.0,0.172,213000000.0,,424032.0,272.0,1306.2,56.37590027,2.940295143,4092.783219,35.031642,False,,,,missing,missing,,,,,,,,24.273402453874798,24.325643504425678,1.942575008,52.30587822,,0
Cambodia,KHM,2021,36790163687.0,0.396,,,350961.7022,91.1,196.4,60.76269913,2.920734776,4098.722795,34.81474377,False,,,,missing,missing,,,,,,,,24.328496355278528,24.273402453874798,2.940295143,56.37590027,,0
Cambodia,KHM,2022,39994532960.0,0.245,,,,431.0,2276.6,65.49079895,5.343702649,4102.037865,33.6097815,False,,,,missing,missing,,,,,,,,24.412008605719333,24.328496355278528,2.920734776,60.76269913,,0
Cambodia,KHM,2023,42335646896.0,0.256,,,765862.8915,,,68.92549896,2.127467966,4110.652746,32.67171931,False,,,,missing,missing,,,,,,,,24.46889528433019,24.412008605719333,5.343702649,65.49079895,,0
Kiribati,KIR,2008,147017895.0,,,0.57,,,,7.0,13.66539953,1.192178333,81.28365458,False,,,,missing,missing,,,,,,,,18.80606487202782,,,,,0
Kiribati,KIR,2009,140177384.1,,,0.61,,,,8.97,9.816438845,1.28218881,76.61529744,False,,,,missing,missing,,,,,,,,18.75841920785506,18.80606487202782,13.66539953,7.0,,0
Kiribati,KIR,2010,165458433.1,,,0.52,,2.3,4.7,9.07,-3.899550407,1.090159486,88.26498842,False,,,,missing,missing,,,,,,,,18.924230561718943,18.75841920785506,9.816438845,8.97,,0
Kiribati,KIR,2011,195970140.2,,,0.58,,2.0,5.3,10.0,1.497409799,0.969463201,99.19113795,False,,,,missing,missing,,,,,,,,19.093472859670605,18.924230561718943,-3.899550407,9.07,,0
Kiribati,KIR,2012,207001545.9,,,0.51,,1.7,4.9,10.74680042,-3.045862928,0.965801031,97.21716802,False,,,,missing,missing,,,,,,,,19.1482368193177,19.093472859670605,1.497409799,10.0,,0
Kiribati,KIR,2013,201730860.8,,,0.53,,2.2,5.9,11.5,-1.488059085,1.035843097,86.47137397,False,,,,missing,missing,,,,,,,,19.122444994691104,19.1482368193177,-3.045862928,10.74680042,,0
Kiribati,KIR,2014,200287282.0,,,0.5,,1.9,5.0,12.25,2.103985209,1.109363293,83.32994961,False,,,,missing,missing,,,,,,,,19.115263303862307,19.122444994691104,-1.488059085,11.5,,0
Kiribati,KIR,2015,191559398.7,,,0.51,,1.4,3.9,14.89999962,0.572015744,1.331090262,70.9707729,False,,,,missing,missing,,,,,,,,19.070708494469464,19.115263303862307,2.103985209,12.25,,0
Kiribati,KIR,2016,206467818.5,,,0.6,,2.3,5.8,19.41939926,1.917310902,1.345213976,70.75868938,False,,,,missing,missing,,,,,,,,19.145655115605628,19.070708494469464,0.572015744,14.89999962,,0
Kiribati,KIR,2017,222875736.3,,24569999.69,0.76,,1.8,5.7,25.30960083,0.355520889,1.304758077,72.40238516,False,,,,missing,missing,,,,,,,,19.22212493778766,19.145655115605628,1.917310902,19.41939926,,0
Kiribati,KIR,2018,233514717.4,,,0.69,,2.9,7.1,32.9864006,0.564030491,1.338412146,71.76014682,False,,,,missing,missing,,,,,,,,19.26875566263727,19.22212493778766,0.355520889,25.30960083,,0
Kiribati,KIR,2019,216985388.3,,,0.72,,3.3,7.9,41.79299927,-1.813079953,1.438506544,63.37447779,False,,,,missing,missing,,,,,,,,19.195340574214587,19.26875566263727,0.564030491,32.9864006,,0
Kiribati,KIR,2020,220898020.4,,,,,0.5,1.4,52.95090103,2.553245544,1.453085118,64.5191259,False,,,,missing,missing,,,,,,,,19.213211706829142,19.195340574214587,-1.813079953,41.79299927,,0
Kiribati,KIR,2021,285259881.1,,,,,0.06,0.07,67.08760071,2.053616768,1.33122426,73.52469771,False,,,,missing,missing,,,,,,,,19.468911186246732,19.213211706829142,2.553245544,52.95090103,,0
Kiribati,KIR,2022,270040453.3,,,,,1.119,1.77,84.99849701,5.345954409,1.441664459,62.06012928,False,,,,missing,missing,,,,,,,,19.414082332776736,19.468911186246732,2.053616768,67.08760071,,0
Kiribati,KIR,2023,288610747.7,,,,2527.30267,,,88.0,9.283073745,1.505191066,62.4010321,False,,,,missing,missing,,,,,,,,19.480589444428364,19.414082332776736,5.345954409,84.99849701,,0
St. Kitts and Nevis,KNA,2010,778718518.5,,,,,15.1,98.4,63.0,0.85087865,2.7,70.16433076,False,,,,missing,missing,,,,,,,,20.473160201566614,,,,,0
St. Kitts and Nevis,KNA,2011,836092592.6,,,,,15.3,103.9,63.20000076,5.835165196,2.7,72.63681182,False,,,,missing,missing,,,,,,,,20.54424992161447,20.473160201566614,0.85087865,63.0,,0
St. Kitts and Nevis,KNA,2012,824585185.2,,,,,15.3,104.2,64.0,0.816089282,2.7,74.73840569,False,,,,missing,missing,,,,,,,,20.53039101203154,20.54424992161447,5.835165196,63.20000076,,0
St. Kitts and Nevis,KNA,2013,874548148.1,,,,,16.0,107.1,64.59999847,1.10698554,2.7,75.45403282,False,,,,missing,missing,,,,,,,,20.589217908768937,20.53039101203154,0.816089282,64.0,,0
St. Kitts and Nevis,KNA,2014,952111111.1,,51000000.0,,,18.2,113.1,65.38179779,0.247865392,2.7,75.57071307,False,,,,missing,missing,,,,,,,,20.674192299285505,20.589217908768937,1.10698554,64.59999847,,0
St. Kitts and Nevis,KNA,2018,1076548148.0,,56000000.0,,,19.7,125.4,68.60479736,-1.037122141,2.7,74.36745255,False,,,,missing,missing,,,,,,,,20.797025600196733,20.674192299285505,0.247865392,65.38179779,,0
St. Kitts and Nevis,KNA,2019,1107855556.0,,60000000.0,,,21.3,120.1,69.43499756,-0.329562064,2.7,72.64153604,False,,,,missing,missing,,,,,,,,20.82569205215236,20.797025600196733,-1.037122141,68.60479736,,0
St. Kitts and Nevis,KNA,2020,883922222.2,,18000000.0,,,4.2,29.8,70.27529907,-1.167245018,2.7,69.01483624,False,,,,missing,missing,,,,,,,,20.59987963279445,20.82569205215236,-0.329562064,69.43499756,,0
St. Kitts and Nevis,KNA,2021,858622222.2,,,,,2.0,20.2,74.37159729,1.19568887,2.7,68.26562793,False,,,,missing,missing,,,,,,,,20.57083959532057,20.59987963279445,-1.167245018,70.27529907,,0
Kuwait,KWT,2010,115416000000.0,1.82,7106000000.0,0.72516,,9.0,207.0,61.40000153,4.496402878,0.286606592,52.15498917,False,,,,missing,missing,,,,,,,,25.471808829589882,,,,,0
Kuwait,KWT,2011,154039000000.0,2.051,8879000000.0,0.7041,,10.0,269.0,65.76907069,4.839403499,0.275978944,62.21103998,False,,,,missing,missing,,,,,,,,25.76047165405174,25.471808829589882,4.496402878,61.40000153,,0
Kuwait,KWT,2012,174048000000.0,2.227,10073000000.0,0.67374,,11.0,300.0,70.44999695,3.255146003,0.279935558,63.53440929,False,,,,missing,missing,,,,,,,,25.882596960186962,25.76047165405174,4.839403499,65.76907069,,0
Kuwait,KWT,2013,174168000000.0,2.465,10567000000.0,0.72353,,43.1,306.5,75.45999908,2.682296841,0.283589442,64.63924347,False,,,,missing,missing,,,,,,,,25.883286187590357,25.882596960186962,3.255146003,70.44999695,,0
Kuwait,KWT,2014,162650000000.0,2.9,12280000000.0,0.75628,,10.0,198.0,78.69999695,2.908926729,0.284567142,64.92682091,False,,,,missing,missing,,,,,,,,25.81486648986577,25.883286187590357,2.682296841,75.45999908,,0
Kuwait,KWT,2015,114586000000.0,2.2,13148000000.0,0.75995,,52.0,182.0,82.0,3.271701661,0.300852025,66.01278852,False,,,,missing,missing,,,,,,,,25.46459146971555,25.81486648986577,2.908926729,78.69999695,,0
Kuwait,KWT,2016,109407000000.0,2.16,13232000000.0,0.71703,,45.0,203.1,85.59999847,3.198397767,0.302137441,65.27059278,False,,,,missing,missing,,,,,,,,25.418340710262086,25.46459146971555,3.271701661,82.0,,0
Kuwait,KWT,2017,120688000000.0,2.23,13722000000.0,0.67344,,44.9,182.8,97.99998933,2.171832985,0.303349758,62.38013648,False,,,,missing,missing,,,,,,,,25.516474540057686,25.418340710262086,3.198397767,85.59999847,,0
Kuwait,KWT,2018,138646000000.0,2.202,14318000000.0,0.65095,,44.1,200.4,99.59884959,0.543133148,0.301956494,62.42457736,False,,,,missing,missing,,,,,,,,25.655189758970693,25.516474540057686,2.171832985,97.99998933,,0
Kuwait,KWT,2019,140856000000.0,2.213,15839000000.0,0.63484,,37.0,152.6,99.54267645,1.091848027,0.303611163,62.53648435,False,,,,missing,missing,,,,,,,,25.671003928870554,25.655189758970693,0.543133148,99.59884959,,0
Kuwait,KWT,2020,111045000000.0,3.489,6696000000.0,0.52313,,15.452,86.4,99.10587017,2.101729548,0.306233122,60.86595881,False,,,,missing,missing,,,,,,,,25.43320136150958,25.671003928870554,1.091848027,99.54267645,,0
Kuwait,KWT,2021,148351000000.0,2.97,,0.39951,,20.625,85.0,99.7,3.423629476,0.301643111,67.16153909,False,,,,missing,missing,,,,,,,,25.722846924476162,25.43320136150958,2.101729548,99.10587017,,0
Kuwait,KWT,2022,183502000000.0,2.133,,0.46999,,29.738,,99.74729919,3.98064962,0.306250154,72.64884688,False,,,,missing,missing,,,,,,,,25.935491403564203,25.722846924476162,3.423629476,99.7,,0
Kuwait,KWT,2023,165384000000.0,2.08,,0.59416,,44.908,,99.74731125,3.64216403,0.307185351,64.22343182,False,,,,missing,missing,,,,,,,,25.831535879669428,25.935491403564203,3.98064962,99.74729919,,0
Kuwait,KWT,2024,160227000000.0,2.151,,0.60092,,,,99.74729919,2.898550725,0.306690649,61.85260818,False,,,,missing,missing,,,,,,,,25.799857396705356,25.831535879669428,3.64216403,99.74731125,,0
Lao PDR,LAO,2010,7131771015.0,0.708,215000000.0,,36290.53157,452.0,2513.0,7.0,5.982545216,8254.16303,29.84720818,False,,,,missing,missing,,,,,,,,22.687825429729685,,,,,0
Lao PDR,LAO,2011,8750104617.0,0.96,248000000.0,,,133.0,2724.0,9.0,7.568988561,8029.262555,33.21020945,False,,,,missing,missing,,,,,,,,22.89233149347303,22.687825429729685,5.982545216,7.0,,0
Lao PDR,LAO,2012,10192846339.0,1.208,614000000.0,,,249.0,3330.0,10.74769974,4.255126778,8006.582032,32.70408497,False,,,,missing,missing,,,,,,,,23.044951971869445,22.89233149347303,7.568988561,9.0,,0
Lao PDR,LAO,2013,11983252627.0,1.469,907000000.0,,,329.0,3779.0,12.5,6.371427178,7833.22999,34.71193207,False,,,,missing,missing,,,,,,,,23.206775897540897,23.044951971869445,4.255126778,10.74769974,,0
Lao PDR,LAO,2014,13279245886.0,1.733,1054000000.0,,,258.0,4159.0,14.26000023,4.129243069,8042.42157,34.16465667,False,,,,missing,missing,,,,,,,,23.30946819368956,23.206775897540897,6.371427178,12.5,,0
Lao PDR,LAO,2015,14426380126.0,2.006,1002000000.0,,,276.0,4684.0,18.20000076,1.277354271,8127.610598,34.85031113,False,,,,missing,missing,,,,,,,,23.39232432074312,23.30946819368956,4.129243069,14.26000023,,0
Lao PDR,LAO,2016,15912501723.0,2.634,912099975.6,,,466.3,4239.1,21.87000084,1.596912276,8124.366756,34.15716981,False,,,,missing,missing,,,,,,,,23.490370909109586,23.39232432074312,1.277354271,18.20000076,,0
Lao PDR,LAO,2017,17071155481.0,3.268,930000000.0,,,622.9,3868.8,25.51040077,0.825478608,8244.843189,34.05856105,False,,,,missing,missing,,,,,,,,23.56065606220584,23.490370909109586,1.596912276,21.87000084,,0
Lao PDR,LAO,2018,18141641090.0,2.897,1005000000.0,,,489.8,4186.4,36.27130127,2.040392669,8401.334766,33.99430473,False,,,,missing,missing,,,,,,,,23.621475745567878,23.56065606220584,0.825478608,25.51040077,,0
Lao PDR,LAO,2019,18740561513.0,2.531,1029000000.0,,,689.9,4791.0,47.03229904,3.322558813,8679.409093,33.43984961,False,,,,missing,missing,,,,,,,,23.653956076648242,23.621475745567878,2.040392669,36.27130127,,0
Lao PDR,LAO,2022,15468785204.0,1.209,,,28741.5658,,,64.54000092,22.95622251,14035.22669,23.34731798,False,,,,missing,missing,,,,,,,,23.462089972526925,23.653956076648242,3.322558813,47.03229904,,0
Lebanon,LBN,2008,29118916105.0,7.666,4297000000.0,2.2,,,,22.53,,1507.5,47.61657454,False,,,,missing,missing,,,,,,,,24.094653837913196,,,,,0
Lebanon,LBN,2009,35399582929.0,6.355,4928000000.0,2.9,,,,30.13999939,1.195096712,1507.5,52.19181165,False,,,,missing,missing,,,,,,,,24.28996587535007,24.094653837913196,,22.53,,0
Lebanon,LBN,2010,38443907042.0,6.768,4868000000.0,2.9,,,,43.68000031,3.983479419,1507.5,51.86350669,False,,,,missing,missing,,,,,,,,24.372466055893913,24.28996587535007,1.195096712,30.13999939,,0
Lebanon,LBN,2011,39927125962.0,7.352,4440000000.0,2.8,,,,52.0,4.971485717,1507.5,52.32184454,False,,,,missing,missing,,,,,,,,24.41032177852149,24.372466055893913,3.983479419,43.68000031,,0
Lebanon,LBN,2012,44016799516.0,7.952,4511000000.0,2.6,,,,61.24980164,6.581474477,1507.5,52.14818706,False,,,,missing,missing,,,,,,,,24.507837205176678,24.41032177852149,4.971485717,52.0,,0
Lebanon,LBN,2013,46880103081.0,8.477,4692000000.0,2.6,,,,70.5,4.821019563,1507.5,50.02802473,False,,,,missing,missing,,,,,,,,24.57085918103954,24.507837205176678,6.581474477,61.24980164,,0
Lebanon,LBN,2014,48095213747.0,8.84,5198000000.0,2.8,,,,73.0,1.854604213,1507.5,46.94984333,False,,,,missing,missing,,,,,,,,24.59644850280767,24.57085918103954,4.821019563,70.5,,0
Lebanon,LBN,2015,49929337837.0,9.312,5187000000.0,3.0,,,,74.0,-3.749145248,1507.5,45.25493389,False,,,,missing,missing,,,,,,,,24.633874599544434,24.59644850280767,1.854604213,73.0,,0
Lebanon,LBN,2016,51147308774.0,9.794,5252000000.0,3.0,,,,76.11000061,-0.783359624,1507.5,42.70728655,False,,,,missing,missing,,,,,,,,24.65797571357081,24.633874599544434,-3.749145248,74.0,,0
Lebanon,LBN,2017,53027680686.0,10.258,5704000000.0,3.1,,,,78.18080139,4.321352183,1507.5,41.06221489,False,,,,missing,missing,,,,,,,,24.69407989125366,24.65797571357081,-0.783359624,76.11000061,,0
Lebanon,LBN,2018,54901519156.0,10.755,6395000000.0,3.0,,,,80.90000153,6.076989079,1507.5,41.72996508,False,,,,missing,missing,,,,,,,,24.72880685640874,24.69407989125366,4.321352183,78.18080139,,0
Lebanon,LBN,2019,51605959131.0,11.301,6495000000.0,3.0,143672.5264,,,81.48120117,3.005389494,1507.5,41.02113937,False,,,,missing,missing,,,,,,,,24.666902989800697,24.72880685640874,6.076989079,80.90000153,,0
Lebanon,LBN,2020,31712128254.0,13.252,1699000000.0,2.0,,,,82.0664978,84.86433305,1507.5,34.20229103,False,,,,missing,missing,,,,,,,,24.17996503942234,24.666902989800697,3.005389494,81.48120117,,0
Lebanon,LBN,2021,23131941557.0,12.715,,1.3,,,,82.65599823,154.756096,1507.5,34.87458794,False,,,,missing,missing,,,,,,,,23.864480250739106,24.17996503942234,84.86433305,82.0664978,,0
Lebanon,LBN,2022,20992421949.0,11.105,,0.9,,,,81.46479797,171.2054913,1507.5,29.73224636,False,,,,missing,missing,,,,,,,,23.767427349972923,23.864480250739106,154.756096,82.65599823,,0
Lebanon,LBN,2023,20078620357.0,10.985,,0.6,,,,81.7059021,221.341644,13875.625,27.63345534,False,,,,missing,missing,,,,,,,,23.722921422088767,23.767427349972923,171.2054913,81.46479797,,0
St. Lucia,LCA,2008,1437731111.0,12.72,,30.0,,,,30.0,5.549547694,2.7,65.67398485,False,,,,missing,missing,,,,,,,,21.086332090582772,,,,,0
St. Lucia,LCA,2010,1482385185.0,17.118,,,,14.0,306.0,32.5,3.250344092,2.7,68.20123248,False,,,,missing,missing,,,,,,,,21.11691823895672,21.086332090582772,5.549547694,30.0,,0
St. Lucia,LCA,2011,1568370370.0,18.86,,,,20.0,312.0,34.0,2.769407941,2.7,67.76641475,False,,,,missing,missing,,,,,,,,21.173302936339677,21.11691823895672,3.250344092,32.5,,0
St. Lucia,LCA,2012,1598207407.0,19.06,,,,16.0,307.0,45.865,4.177635871,2.7,68.88348173,False,,,,missing,missing,,,,,,,,21.19214846748281,21.173302936339677,2.769407941,34.0,,0
St. Lucia,LCA,2013,1660392593.0,22.21,,,,15.4,318.8,49.3871994,1.46856511,2.7,68.35994264,False,,,,missing,missing,,,,,,,,21.23031991315995,21.19214846748281,4.177635871,45.865,,0
St. Lucia,LCA,2014,1749185185.0,21.583,66000000.0,,,14.0,338.0,53.17969894,3.516955514,2.7,69.74077458,False,,,,missing,missing,,,,,,,,21.282415907881077,21.23031991315995,1.46856511,49.3871994,,0
St. Lucia,LCA,2015,1807640741.0,20.84,76000000.0,,,12.0,345.0,57.26330185,-0.983600953,2.7,72.00463933,False,,,,missing,missing,,,,,,,,21.315288373972788,21.282415907881077,3.516955514,53.17969894,,0
St. Lucia,LCA,2016,1868544444.0,19.932,78000000.0,,,11.4,347.9,58.22259903,-3.078217657,2.7,69.49968971,False,,,,missing,missing,,,,,,,,21.34842559253147,21.315288373972788,-0.983600953,57.26330185,,0
St. Lucia,LCA,2017,1998503704.0,19.136,84000000.0,,,15.2,386.2,59.16009903,0.104262079,2.7,70.25684692,False,,,,missing,missing,,,,,,,,21.415664589503976,21.34842559253147,-3.078217657,58.22259903,,0
St. Lucia,LCA,2018,2060955556.0,19.329,85000000.0,,,15.8,394.7,60.11259842,1.935618932,2.7,66.784245,False,,,,missing,missing,,,,,,,,21.44643557433304,21.415664589503976,0.104262079,59.16009903,,0
St. Lucia,LCA,2019,2095344444.0,15.613,92000000.0,,,15.6,423.8,61.08050156,0.539087559,2.7,63.03642856,False,,,,missing,missing,,,,,,,,21.462983789216775,21.44643557433304,1.935618932,60.11259842,,0
St. Lucia,LCA,2020,1499274074.0,25.224,28000000.0,,,2.9,130.7,62.06399918,-1.755808335,2.7,56.40413585,False,,,,missing,missing,,,,,,,,21.12824687724599,21.462983789216775,0.539087559,61.08050156,,0
St. Lucia,LCA,2021,1867185185.0,20.514,,,,4.1,199.4,63.06330109,2.410703122,2.7,54.75651335,False,,,,missing,missing,,,,,,,,21.3476978851249,21.12824687724599,-1.755808335,62.06399918,,0
St. Lucia,LCA,2022,2342714815.0,15.934,,,,5.4,356.2,66.95159912,9.652685643,2.7,53.10758149,False,,,,missing,missing,,,,,,,,21.574576271180792,21.3476978851249,2.410703122,63.06330109,,0
Sri Lanka,LKA,2010,58636049434.0,4.784,828000000.0,,,90.0,654.0,6.912399769,6.217648893,113.0644804,34.10845033,False,,,,missing,missing,,,,,,,,24.794615522439535,,,,,0
Sri Lanka,LKA,2011,67753285897.0,4.118,926000000.0,,,83.0,856.0,7.956399918,6.716768436,110.5652079,35.53458525,False,,,,missing,missing,,,,,,,,24.93913879585484,24.794615522439535,6.217648893,6.912399769,,0
Sri Lanka,LKA,2012,70447217164.0,3.88,1219000000.0,,,112.3,1005.6,9.00039959,7.542913732,127.6033535,32.468747,False,,,,missing,missing,,,,,,,,24.97812957364506,24.93913879585484,6.716768436,7.956399918,,0
Sri Lanka,LKA,2013,76976203829.0,4.186,1808000000.0,,432439.3471,94.0,1274.0,10.04440022,6.908450348,129.0690309,33.23162177,False,,,,missing,missing,,,,,,,,25.06676216985521,24.97812957364506,7.542913732,9.00039959,,0
Sri Lanka,LKA,2014,82531125191.0,4.157,1922000000.0,,466311.6599,31.1,1527.2,10.50000262,3.179002282,130.5646852,33.88942983,False,,,,missing,missing,,,,,,,,25.136441334179136,25.06676216985521,6.908450348,10.04440022,,0
Sri Lanka,LKA,2015,85090301052.0,4.519,2152000000.0,,513397.2231,38.0,1798.0,15.26249981,3.768367831,135.8569128,33.18605478,False,,,,missing,missing,,,,,,,,25.16697889484369,25.136441334179136,3.179002282,10.50000262,,0
Sri Lanka,LKA,2016,88000211172.0,4.242,2295000000.0,,521328.115,59.2,2050.8,22.19,3.958888466,145.5816675,31.72514201,False,,,,missing,missing,,,,,,,,25.200605051103558,25.16697889484369,3.768367831,15.26249981,,0
Sri Lanka,LKA,2017,94369350286.0,4.046,2409000000.0,,558780.5261,106.1,2116.4,25.07550049,7.704137679,152.4464139,32.31987977,False,,,,missing,missing,,,,,,,,25.270482178204443,25.200605051103558,3.958888466,22.19,,0
Sri Lanka,LKA,2018,94450015983.0,4.318,2487000000.0,3.33926,567582.142,135.0,2333.8,28.33620071,2.135037737,162.4648587,30.74167041,False,,,,missing,missing,,,,,,,,25.271336600115728,25.270482178204443,7.704137679,25.07550049,,0
Sri Lanka,LKA,2019,88998706297.0,4.67,2436000000.0,,587076.4049,225.7,1913.6,32.02090073,3.528393582,178.744925,28.92341429,False,,,,missing,missing,,,,,,,,25.21188767058414,25.271336600115728,2.135037737,28.33620071,,0
Sri Lanka,LKA,2020,84335574582.0,5.364,803000000.0,,559576.0037,19.9,507.7,36.18473435,6.153945084,185.5925578,29.73209035,False,,,,missing,missing,,,,,,,,25.158069612723832,25.21188767058414,3.528393582,32.02090073,,0
Sri Lanka,LKA,2021,88556698938.0,4.981,,,525106.9257,5.0,194.0,44.45308724,7.014780712,198.7643168,27.91928368,False,,,,missing,missing,,,,,,,,25.20690884978757,25.158069612723832,6.153945084,36.18473435,,0
Sri Lanka,LKA,2022,74143020263.0,4.528,,,560539.4009,46.9,720.0,48.3,49.72110211,322.6326743,23.55395015,False,,,,missing,missing,,,,,,,,25.029261771133566,25.20690884978757,7.014780712,44.45308724,,0
Lesotho,LSO,2010,2234754242.0,16.068,278000000.0,,,52.0,426.0,3.859999895,-2.405242546,7.321221961,51.99812491,False,,,,missing,missing,,,,,,,,21.52739710012934,,,,,0
Lesotho,LSO,2011,2579409620.0,16.115,300000000.0,,,51.0,398.0,7.0,5.036630521,7.261132132,56.2094846,False,,,,missing,missing,,,,,,,,21.670826380237116,21.52739710012934,-2.405242546,3.859999895,,0
Lesotho,LSO,2012,2477702216.0,15.761,252000000.0,,,50.0,423.0,10.0,6.051436621,8.209968627,53.15003372,False,,,,missing,missing,,,,,,,,21.630597441826506,21.670826380237116,5.036630521,7.0,,0
Lesotho,LSO,2013,2367112932.0,15.926,212000000.0,,,46.0,433.0,15.0,4.865118995,9.655056069,45.34744081,False,,,,missing,missing,,,,,,,,21.58493687736674,21.630597441826506,6.051436621,10.0,,0
Lesotho,LSO,2016,2114426452.0,16.138,262000000.0,,,287.6,1196.2,32.45385695,6.596504907,14.70961089,33.73319519,False,,,,missing,missing,,,,,,,,21.472049431580942,21.58493687736674,4.865118995,15.0,,0
Lithuania,LTU,2008,47831254208.0,5.826,,,44246.0,,,55.22,10.92588562,2.357075,77.05063662,False,,,,missing,missing,,,,,,,,24.59094511649846,,,,,0
Lithuania,LTU,2009,37494380039.0,13.785,,2.84,41577.0,,,59.76,4.453044565,2.484033333,69.50820128,False,,,,missing,missing,,,,,,,,24.347456893065136,24.59094511649846,10.92588562,55.22,,0
Lithuania,LTU,2010,36638128534.0,17.814,,2.76,40880.0,455.0,1507.0,62.12,1.319213621,2.606333333,63.19345606,False,,,,missing,missing,,,,,,,,24.324355298319038,24.347456893065136,4.453044565,59.76,,0
Lithuania,LTU,2011,43186501863.0,15.39,,2.74,40045.0,527.0,1775.0,63.6399774,4.130275626,2.4811,66.15674211,False,,,,missing,missing,,,,,,,,24.488793826496657,24.324355298319038,1.319213621,62.12,,0
Lithuania,LTU,2012,42709372067.0,13.365,,2.88,40136.0,547.0,1899.0,67.22998933,3.089982771,2.686291667,61.38788744,False,,,,missing,missing,,,,,,,,24.47768421944399,24.488793826496657,4.130275626,63.6399774,,0
Lithuania,LTU,2013,46303660422.0,11.77,,2.98,42024.0,577.0,2012.0,68.4529,1.047479371,2.601008333,62.82284163,False,,,,missing,missing,,,,,,,,24.558486853704114,24.47768421944399,3.089982771,67.22998933,,0
Lithuania,LTU,2014,48306546657.0,10.698,,3.07,45891.0,610.0,2063.0,72.13353786,0.103758009,2.600291667,62.59304245,False,,,,missing,missing,,,,,,,,24.600832929972807,24.558486853704114,1.047479371,68.4529,,0
Lithuania,LTU,2015,41540954817.0,9.12,,3.06,46181.0,616.0,2071.0,71.37805901,-0.884097406,0.901296423,52.95194651,False,,,,missing,missing,,,,,,,,24.449945640614086,24.600832929972807,0.103758009,72.13353786,,0
Lithuania,LTU,2016,42970749245.0,7.862,,3.07,46884.0,639.0,2296.0,74.37664556,0.905525075,0.903421436,52.03761845,False,,,,missing,missing,,,,,,,,24.483785471048606,24.449945640614086,-0.884097406,71.37805901,,0
Lithuania,LTU,2017,47756764508.0,7.073,,3.02,47168.0,716.2,2523.3,77.61525651,3.722888623,0.885205508,53.66595616,False,,,,missing,missing,,,,,,,,24.589386558928606,24.483785471048606,0.905525075,74.37664556,,0
Lithuania,LTU,2018,54261795149.0,6.147,,2.9,49089.0,788.4,2824.8,79.72258277,2.697927792,0.846772667,52.74379032,False,,,,missing,missing,,,,,,,,24.717086227835605,24.589386558928606,3.722888623,77.61525651,,0
Lithuania,LTU,2019,55122066226.0,6.255,,2.89,51388.0,728.0,2874.9,81.58186838,2.33450938,0.893276257,48.34058855,False,,,,missing,missing,,,,,,,,24.73281594890714,24.717086227835605,2.697927792,79.72258277,,0
Lithuania,LTU,2020,57412038533.0,8.487,,1.65,45010.0,212.0,936.7,83.05554724,1.19989445,0.875506397,49.50871878,False,,,,missing,missing,,,,,,,,24.773519848821625,24.73281594890714,2.33450938,81.58186838,,0
Lithuania,LTU,2021,67037321009.0,7.112,,1.78,46435.0,212.8,947.6,86.93054425,4.683544209,0.845494139,52.03536959,False,,,,missing,missing,,,,,,,,24.928515331238838,24.773519848821625,1.19989445,83.05554724,,0
Lithuania,LTU,2022,71033884500.0,5.955,,2.17,47388.0,581.4,2168.7,87.72420219,19.70504615,0.949623753,49.24961054,False,,,,missing,missing,,,,,,,,24.98642284662072,24.928515331238838,4.683544209,86.93054425,,0
Lithuania,LTU,2023,79789877416.0,6.841,,2.56,49752.0,725.3,,88.50287484,9.117319624,0.924839558,53.07915254,False,,,,missing,missing,,,,,,,,25.102662483932548,24.98642284662072,19.70504615,87.72420219,,0
Lithuania,LTU,2024,84869215513.0,6.851,,,,727.6,,89.16116293,0.715735835,0.923889546,53.14921054,False,,,,missing,missing,,,,,,,,25.164377267489495,25.102662483932548,9.117319624,88.50287484,,0
Luxembourg,LUX,2011,61696281326.0,5.122,3873000000.0,,,157.0,870.0,90.02985856,3.410683411,0.718413899,125.9857307,False,,,,missing,missing,,,,,,,,24.84548949579832,,,,,0
Luxembourg,LUX,2012,59776383527.0,5.03,3094000000.0,,31650.0,190.0,950.0,91.94992374,2.662841655,0.77833812,116.503352,False,,,,missing,missing,,,,,,,,24.8138764956022,24.84548949579832,3.410683411,90.02985856,,0
Luxembourg,LUX,2013,65203276467.0,6.045,3292000000.0,,32324.0,200.3,944.6,93.7765,1.734039635,0.752945123,118.9002987,False,,,,missing,missing,,,,,,,,24.90077555717775,24.8138764956022,2.662841655,91.94992374,,0
Luxembourg,LUX,2014,68804811898.0,6.044,3359000000.0,1.22728,33417.0,239.0,1038.0,94.67020528,0.628543985,0.752728197,117.4578026,False,,,,missing,missing,,,,,,,,24.954539519817903,24.90077555717775,1.734039635,93.7765,,0
Luxembourg,LUX,2015,60071584216.0,6.796,2333000000.0,1.16862,33942.0,246.0,1090.0,96.37671417,0.474743161,0.901296423,97.77704395,False,,,,missing,missing,,,,,,,,24.81880275829242,24.954539519817903,0.628543985,94.67020528,,0
Luxembourg,LUX,2016,62216885436.0,6.669,2048000000.0,1.223,34892.0,,,98.13669867,0.290833333,0.903421436,94.29641204,False,,,,missing,missing,,,,,,,,24.853892269882376,24.81880275829242,0.474743161,96.37671417,,0
Luxembourg,LUX,2017,65712180343.0,5.523,2607000000.0,1.24989,35470.0,,,97.36296032,1.730799591,0.885205508,95.83198388,False,,,,missing,missing,,,,,,,,24.90855013860231,24.853892269882376,0.290833333,98.13669867,,0
Luxembourg,LUX,2018,71085623495.0,5.589,2872000000.0,1.25069,37484.0,,,97.06129871,1.528195243,0.846772667,100.2472131,False,,,,missing,missing,,,,,,,,24.98715095211469,24.90855013860231,1.730799591,97.36296032,,0
Luxembourg,LUX,2019,69872035114.0,5.592,3288000000.0,1.24847,38984.0,,,97.12063569,1.743320757,0.893276257,92.85246232,False,,,,missing,missing,,,,,,,,24.969931336237007,24.98715095211469,1.528195243,97.06129871,,0
Luxembourg,LUX,2020,73670782100.0,6.766,2458000000.0,0.75275,38432.0,,,98.45962893,0.819957302,0.875506397,95.73453751,False,,,,missing,missing,,,,,,,,25.02287211384649,24.969931336237007,1.743320757,97.12063569,,0
Luxembourg,LUX,2021,86386759695.0,5.571,,0.73459,38298.0,,,98.66086333,2.526920091,0.845494139,98.67909919,False,,,,missing,missing,,,,,,,,25.182100256742483,25.02287211384649,0.819957302,98.45962893,,0
Luxembourg,LUX,2022,80801680397.0,4.588,,0.79521,,,,98.24203749,6.336008078,0.949623753,84.20935106,False,,,,missing,missing,,,,,,,,25.11526359924978,25.182100256742483,2.526920091,98.66086333,,0
Latvia,LVA,2008,34135200994.0,7.739,,4.2,,,,63.41,15.40231911,0.480816667,89.87706476,False,,,,missing,missing,,,,,,,,24.253594976007903,,,,,0
Latvia,LVA,2009,25691530442.0,17.515,,3.1,,,,66.84,3.534106729,0.50555,77.16930776,False,,,,missing,missing,,,,,,,,23.969427219746482,24.253594976007903,15.40231911,63.41,,0
Latvia,LVA,2010,23468324572.0,19.482,,3.1,,707.0,5042.0,68.42,-1.08463595,0.530475,68.33288517,False,,,,missing,missing,,,,,,,,23.878917458321748,23.969427219746482,3.534106729,66.84,,0
Latvia,LVA,2011,26575547901.0,16.206,,3.4,,797.0,5538.0,69.74995456,4.370735599,0.501233333,72.97632114,False,,,,missing,missing,,,,,,,,24.003257378120875,23.878917458321748,-1.08463595,68.42,,0
Latvia,LVA,2012,27116149949.0,15.047,,4.4,,750.1,5568.9,73.11994377,2.257789244,0.546875,68.64954293,False,,,,missing,missing,,,,,,,,24.02339532640838,24.003257378120875,4.370735599,69.74995456,,0
Latvia,LVA,2013,29152128168.0,11.867,,4.2,,715.4,5821.8,75.2344,-0.029454778,0.529391667,70.74732843,False,,,,missing,missing,,,,,,,,24.095793754556556,24.02339532640838,2.257789244,73.11994377,,0
Latvia,LVA,2014,30277203767.0,10.846,,4.3,,742.5,6245.9,75.82610414,0.620490637,0.752728197,70.45584345,False,,,,missing,missing,,,,,,,,24.133660915379654,24.095793754556556,-0.029454778,75.2344,,0
Latvia,LVA,2015,26344565877.0,9.873,,4.2,,819.0,6842.0,79.20058292,0.174242244,0.901296423,59.09343321,False,,,,missing,missing,,,,,,,,23.994527862088894,24.133660915379654,0.620490637,75.82610414,,0
Latvia,LVA,2016,27117105060.0,9.643,,4.5,,708.2,6797.0,79.84209778,0.140633335,0.903421436,57.50848709,False,,,,missing,missing,,,,,,,,24.02343054874567,23.994527862088894,0.174242244,79.20058292,,0
Latvia,LVA,2017,29391059767.0,8.715,,4.6,,761.5,7725.8,80.114077,2.930363124,0.885205508,58.73506154,False,,,,missing,missing,,,,,,,,24.103956375488618,24.02343054874567,0.140633335,79.84209778,,0
Latvia,LVA,2018,33247935477.0,7.412,,4.9,,694.0,7775.2,83.57717486,2.534454242,0.846772667,57.85862239,False,,,,missing,missing,,,,,,,,24.22725851120326,24.103956375488618,2.930363124,80.114077,,0
Latvia,LVA,2019,33099503951.0,6.312,,4.8,,710.8,8342.4,86.13545644,2.811409201,0.893276257,53.71261088,False,,,,missing,missing,,,,,,,,24.22278413284251,24.22725851120326,2.534454242,83.57717486,,0
Latvia,LVA,2020,33379927435.0,8.098,,3.5,68300.0,339.8,3203.5,88.89796078,0.219064905,0.875506397,53.64529621,False,,,,missing,missing,,,,,,,,24.231220581271206,24.22278413284251,2.811409201,86.13545644,,0
Latvia,LVA,2021,38183326785.0,7.513,,2.6,61200.0,161.0,1936.8,91.17964988,3.275829374,0.845494139,54.89239708,False,,,,missing,missing,,,,,,,,24.36566478568063,24.231220581271206,0.219064905,88.89796078,,0
Latvia,LVA,2022,38003198509.0,6.815,,,63400.0,,,91.03009059,17.31028302,0.949623753,49.87143576,False,,,,missing,missing,,,,,,,,24.360936164420067,24.36566478568063,3.275829374,91.17964988,,0
Latvia,LVA,2023,42779550937.0,6.465,,,70100.0,,,92.18791291,8.938046233,0.924839558,53.08142321,False,,,,missing,missing,,,,,,,,24.479326043514252,24.360936164420067,17.31028302,91.03009059,,0
Latvia,LVA,2024,43684254432.0,6.9,,,75100.0,,,92.70757011,1.265798858,0.923889546,53.74322094,False,,,,missing,missing,,,,,,,,24.500253563639987,24.479326043514252,8.938046233,92.18791291,,0
"Macao SAR, China",MAC,2010,28244172834.0,2.84,883000000.0,54.97003,118200.0,,,55.198,2.809472421,8.002216667,52.68310755,False,,,,missing,missing,,,,,,,,24.064153001899165,,,,,0
"Macao SAR, China",MAC,2011,36848881945.0,2.56,1064000000.0,58.82189,128500.0,,,60.20369672,5.806246167,8.018208333,55.37131128,False,,,,missing,missing,,,,,,,,24.330091114415904,24.064153001899165,2.809472421,55.198,,0
"Macao SAR, China",MAC,2012,43193350976.0,1.97,1155000000.0,58.78054,143900.0,,,61.31,6.107389283,7.9898635,57.13853112,False,,,,missing,missing,,,,,,,,24.488952407758124,24.330091114415904,5.806246167,60.20369672,,0
"Macao SAR, China",MAC,2013,51559125350.0,1.82,1239000000.0,59.65649,148500.0,,,65.8,5.500577792,7.989255333,58.12645648,False,,,,missing,missing,,,,,,,,24.665995051141937,24.488952407758124,6.107389283,61.31,,0
"Macao SAR, China",MAC,2014,54930501310.0,1.67,1385000000.0,56.2537,151500.0,,,69.78094922,6.048234521,7.987129,60.85618479,False,,,,missing,missing,,,,,,,,24.729334610601914,24.665995051141937,5.500577792,65.8,,0
"Macao SAR, China",MAC,2015,44940613353.0,1.81,1435000000.0,47.8616,150700.0,,,77.60013186,4.56056338,7.984960417,64.33374054,False,,,,missing,missing,,,,,,,,24.52860775187481,24.729334610601914,6.048234521,69.78094922,,0
"Macao SAR, China",MAC,2016,44964868324.0,1.939,1500000000.0,46.97152,150900.0,,,81.64298546,2.368957497,7.99506425,64.0126723,False,,,,missing,missing,,,,,,,,24.529147317897614,24.52860775187481,4.56056338,77.60013186,,0
"Macao SAR, China",MAC,2017,50297028371.0,1.981,1702000000.0,49.98982,147600.0,,,83.17408907,1.228124041,8.026001,64.22770551,False,,,,missing,missing,,,,,,,,24.64121183419559,24.529147317897614,2.368957497,81.64298546,,0
"Macao SAR, China",MAC,2018,55076322634.0,1.803,1941000000.0,52.27629,153300.0,,,83.79408961,3.004462932,8.072507417,64.56788179,False,,,,missing,missing,,,,,,,,24.731985744489446,24.64121183419559,1.228124041,83.17408907,,0
"Macao SAR, China",MAC,2019,55025172016.0,1.73,2034000000.0,52.58599,154700.0,,,86.46792571,2.751930811,8.070470333,64.97099246,False,,,,missing,missing,,,,,,,,24.731056590496713,24.731985744489446,3.004462932,83.79408961,,0
"Macao SAR, China",MAC,2020,25280064168.0,2.542,886000000.0,22.01686,145200.0,,,87.46230316,0.811410511,7.989061917,64.62028682,False,,,,missing,missing,,,,,,,,23.953281944512984,24.731056590496713,2.751930811,86.46792571,,0
"Macao SAR, China",MAC,2021,30633941629.0,2.221,,29.24686,137800.0,,,88.46810492,0.026454365,8.00553175,61.17237944,False,,,,missing,missing,,,,,,,,24.145374434755084,23.953281944512984,0.811410511,87.46230316,,0
"Macao SAR, China",MAC,2022,24929307447.0,2.446,,17.46402,123500.0,,,89.48549652,1.045028024,8.065206083,57.34647353,False,,,,missing,missing,,,,,,,,23.93930995419228,24.145374434755084,0.026454365,88.46810492,,0
"Macao SAR, China",MAC,2023,45626467280.0,2.206,,46.70815,124800.0,,,89.82640076,0.476384496,8.063390083,57.73390355,False,,,,missing,missing,,,,,,,,24.5437538078936,23.93930995419228,1.045028024,89.48549652,,0
"Macao SAR, China",MAC,2024,49467258923.0,2.262,,,134400.0,,,89.82640076,0.672498599,8.03683075,56.63230263,False,,,,missing,missing,,,,,,,,24.624576851776833,24.5437538078936,0.476384496,89.82640076,,0
Morocco,MAR,2009,101155000000.0,8.96,1713000000.0,6.92133,,,,41.3,0.971862999,8.0571,47.0627218,False,,,,missing,missing,,,,,,,,25.33991983087579,,,,,0
Morocco,MAR,2010,100865000000.0,9.09,1879000000.0,7.12698,,397.0,9288.0,52.0,0.993557401,8.417158333,44.79682164,False,,,,missing,missing,,,,,,,,25.337048826032724,25.33991983087579,0.971862999,41.3,,0
Morocco,MAR,2011,110081000000.0,8.91,2260000000.0,6.91691,,259.0,9342.0,46.1074826,0.90692491,8.089875,45.39348284,False,,,,missing,missing,,,,,,,,25.424482295392508,25.337048826032724,0.993557401,52.0,,0
Morocco,MAR,2012,106937000000.0,8.99,2095000000.0,6.72653,,,,55.41605319,1.287122401,8.628444583,43.29974079,False,,,,missing,missing,,,,,,,,25.395505712959604,25.424482295392508,0.90692491,46.1074826,,0
Morocco,MAR,2013,115739000000.0,9.23,2002000000.0,6.58754,,499.2,10046.2,56.0,1.880654667,8.405503917,44.81170812,False,,,,missing,missing,,,,,,,,25.47460349299948,25.395505712959604,1.287122401,55.41605319,,0
Morocco,MAR,2014,119131000000.0,9.7,2273000000.0,6.69036,,517.2,10282.9,56.77463792,0.442310054,8.406336688,47.46822327,False,,,,missing,missing,,,,,,,,25.503489564913668,25.47460349299948,1.880654667,56.0,,0
Morocco,MAR,2015,110414000000.0,9.46,2155000000.0,6.44365,,750.4,10176.8,57.07999935,1.557907113,9.76434828,40.341205,False,,,,missing,missing,,,,,,,,25.427502774343697,25.503489564913668,0.442310054,56.77463792,,0
Morocco,MAR,2016,111573000000.0,9.3,2312000000.0,6.59831,,746.2,10331.8,58.27123642,1.635311143,9.807476032,39.99471512,False,,,,missing,missing,,,,,,,,25.43794492213864,25.427502774343697,1.557907113,57.07999935,,0
Morocco,MAR,2017,118541000000.0,9.22,2829000000.0,6.81006,,1262.8,11349.0,61.76221201,0.754663249,9.691997889,40.62202763,False,,,,missing,missing,,,,,,,,25.498524729241502,25.43794492213864,1.635311143,58.27123642,,0
Morocco,MAR,2018,127341000000.0,9.272,2987000000.0,6.93356,,1346.3,12289.0,64.80386519,1.803916711,9.386102421,44.8872431,False,,,,missing,missing,,,,,,,,25.570134364496447,25.498524729241502,0.754663249,61.76221201,,0
Morocco,MAR,2019,128920000000.0,9.191,3102000000.0,7.06346,,1416.8,12932.3,84.12036305,0.303386037,9.6170761,43.59927613,False,,,,missing,missing,,,,,,,,25.582457893893647,25.570134364496447,1.803916711,64.80386519,,0
Monaco,MCO,2010,5367561570.0,,,,,59.0,279.0,75.0,,0.75430899,,False,,,,missing,missing,,,,,,,,22.403639558541034,,,,,0
Monaco,MCO,2011,6088689808.0,,,,,60.0,295.0,80.30000305,,0.718413899,,False,,,,missing,missing,,,,,,,,22.52969875726322,22.403639558541034,,75.0,,0
Monaco,MCO,2012,5742749294.0,,,,,57.0,292.0,87.0,,0.77833812,,False,,,,missing,missing,,,,,,,,22.471203903687993,22.52969875726322,,80.30000305,,0
Monaco,MCO,2013,6555591710.0,,,,9810.0,60.0,328.0,90.69999695,,0.752945123,,False,,,,missing,missing,,,,,,,,22.60358421858545,22.471203903687993,,87.0,,0
Monaco,MCO,2014,7070017324.0,,,,9937.0,57.0,329.0,92.40000153,,0.752728197,,False,,,,missing,missing,,,,,,,,22.679128767205498,22.60358421858545,,90.69999695,,0
Monaco,MCO,2015,6264756528.0,,,,10027.0,73.0,331.0,93.36329651,,0.901296423,,False,,,,missing,missing,,,,,,,,22.558205562288688,22.679128767205498,,92.40000153,,0
Monaco,MCO,2016,6471290794.0,,,,10338.0,77.2,335.8,95.20819855,,0.903421436,,False,,,,missing,missing,,,,,,,,22.590641430043075,22.558205562288688,,93.36329651,,0
Monaco,MCO,2017,6430254653.0,,,,10730.0,87.5,354.9,97.0530014,,0.885205508,,False,,,,missing,missing,,,,,,,,22.58427997829975,22.590641430043075,,95.20819855,,0
Monaco,MCO,2018,7184333936.0,,,,10877.0,90.2,347.0,,,0.846772667,,False,,,,missing,missing,,,,,,,,22.69516865016221,22.58427997829975,,97.0530014,,0
Monaco,MCO,2019,7383496254.0,,,,11305.0,98.0,363.0,98.0,,0.893276257,,False,,,,missing,missing,,,,,,,,22.72251311053051,22.69516865016221,,,,0
Monaco,MCO,2020,6730736283.0,,,,9253.322807,23.9,159.3,98.57080078,,0.875506397,,False,,,,missing,missing,,,,,,,,22.62995037773932,22.72251311053051,,98.0,,0
Monaco,MCO,2021,8623242743.0,,,,10206.11296,30.6,218.4,99.07759857,,0.845494139,,False,,,,missing,missing,,,,,,,,22.877727039164004,22.62995037773932,,98.57080078,,0
Monaco,MCO,2022,8800430486.0,,,,10938.08716,69.1,327.0,98.75189972,,0.949623753,,False,,,,missing,missing,,,,,,,,22.89806647609772,22.877727039164004,,99.07759857,,0
Monaco,MCO,2023,10003892565.0,,,,11415.00921,,,98.87049866,,0.924839558,,False,,,,missing,missing,,,,,,,,23.0262401106998,22.89806647609772,,98.75189972,,0
Monaco,MCO,2024,11125783372.0,,,,12238.91615,,,99.04489899,,0.923889546,,False,,,,missing,missing,,,,,,,,23.13253107798034,23.0262401106998,,98.87049866,,0
Madagascar,MDG,2010,9982711338.0,4.28,216000000.0,,,35.0,196.0,1.700000048,9.247321736,2089.95,30.74094034,False,,,,missing,missing,,,,,,,,23.024120567526538,,,,,0
Madagascar,MDG,2011,11551819618.0,2.516,288000000.0,,,40.0,225.0,1.899999976,9.482540486,2025.1175,34.31221501,False,,,,missing,missing,,,,,,,,23.170108804189653,23.024120567526538,9.247321736,1.700000048,,0
Madagascar,MDG,2012,11578975062.0,0.599,235000000.0,,,46.1,256.0,2.299999952,5.713844342,2194.966667,33.71858696,False,,,,missing,missing,,,,,,,,23.172456795847655,23.170108804189653,9.482540486,1.899999976,,0
Madagascar,MDG,2013,12423555455.0,0.995,256000000.0,,,37.0,196.0,3.0,5.826429445,2206.914167,34.97354399,False,,,,missing,missing,,,,,,,,23.24286014100325,23.172456795847655,5.713844342,2.299999952,,0
Madagascar,MDG,2014,12522957399.0,1.385,317000000.0,,,40.5,222.3,3.700000048,6.080408111,2414.811667,33.73842441,False,,,,missing,missing,,,,,,,,23.25082938870187,23.24286014100325,5.826429445,3.0,,0
Madagascar,MDG,2015,11323020701.0,1.785,240000000.0,,,52.8,244.4,4.173999786,7.404191742,2933.508333,29.75521722,False,,,,missing,missing,,,,,,,,23.15010372050238,23.25082938870187,6.080408111,3.700000048,,0
Madagascar,MDG,2016,11848613858.0,1.949,300000000.0,,,58.5,293.2,4.713699818,6.035758582,3176.539167,29.07236692,False,,,,missing,missing,,,,,,,,23.19547672367712,23.15010372050238,7.404191742,4.173999786,,0
Madagascar,MDG,2017,13176313594.0,2.123,319000000.0,,,40.8,255.4,6.406000137,8.609050754,3116.11,31.79734968,False,,,,missing,missing,,,,,,,,23.301686629933183,23.19547672367712,6.035758582,4.713699818,,0
Madagascar,MDG,2018,13760033282.0,2.303,309000000.0,,,33.4,291.3,7.747799873,8.594229589,3334.752255,32.3586317,False,,,,missing,missing,,,,,,,,23.345034088198684,23.301686629933183,8.609050754,6.406000137,,0
Madagascar,MDG,2019,14104664679.0,2.479,319000000.0,,,40.4,383.6,9.379400253,5.610514415,3618.321858,31.00040577,False,,,,missing,missing,,,,,,,,23.36977140791679,23.345034088198684,8.594229589,7.747799873,,0
Madagascar,MDG,2020,13051441204.0,3.292,97000000.0,,,3.3,68.3,11.35470009,4.201793122,3787.754058,30.24656912,False,,,,missing,missing,,,,,,,,23.29216440170551,23.36977140791679,5.610514415,9.379400253,,0
Madagascar,MDG,2021,14354731964.0,3.498,,,,0.582,7.755,13.74590015,5.812251188,3829.977849,30.64913874,False,,,,missing,missing,,,,,,,,23.387345478384127,23.29216440170551,4.201793122,11.35470009,,0
Madagascar,MDG,2022,15325603273.0,3.186,,,307641.2505,,,17.81170082,8.16059032,4096.116184,29.36721474,False,,,,missing,missing,,,,,,,,23.452790683279375,23.387345478384127,5.812251188,13.74590015,,0
Maldives,MDV,2010,2588176055.0,10.875,252000000.0,,,,792.0,26.53,6.149885368,12.8,55.79603094,False,,,,missing,missing,,,,,,,,21.674219238705618,,,,,0
Maldives,MDV,2011,2774350240.0,10.043,231000000.0,,,,931.0,34.0,11.27341461,14.6020084,53.83934642,False,,,,missing,missing,,,,,,,,21.7436824089802,21.674219238705618,6.149885368,26.53,,0
Maldives,MDV,2012,2886163997.0,9.134,207000000.0,,,,958.0,38.93009949,10.88469566,15.36483532,53.09160425,False,,,,missing,missing,,,,,,,,21.783194120700934,21.7436824089802,11.27341461,34.0,,0
Maldives,MDV,2013,3295009238.0,8.295,252000000.0,,,,1125.0,44.09999847,3.805630009,15.36671003,53.70755743,False,,,,missing,missing,,,,,,,,21.91567480853883,21.783194120700934,10.88469566,38.93009949,,0
Maldives,MDV,2014,3697353039.0,7.461,271000000.0,,,,1205.0,49.27999878,2.120001757,15.38039352,53.2079352,False,,,,missing,missing,,,,,,,,22.03088300571471,21.91567480853883,3.805630009,44.09999847,,0
Maldives,MDV,2015,4129505319.0,6.611,309000000.0,,,,1234.0,54.4620018,0.953206659,15.36633122,53.9572205,False,,,,missing,missing,,,,,,,,22.141423459263617,22.03088300571471,2.120001757,49.27999878,,0
Maldives,MDV,2016,4409942624.0,5.771,347000000.0,,,,1286.0,59.47750092,0.502509414,15.36840768,52.99983609,False,,,,missing,missing,,,,,,,,22.20712751588969,22.141423459263617,0.953206659,54.4620018,,0
Maldives,MDV,2017,4816426257.0,5.377,369000000.0,,,,1390.0,64.95500183,2.817473382,15.38696851,53.16515392,False,,,,missing,missing,,,,,,,,22.295298049549572,22.20712751588969,0.502509414,59.47750092,,0
Maldives,MDV,2018,5404344163.0,4.962,414000000.0,,,,1484.0,70.93689728,-0.133373386,15.39083727,52.16247276,False,,,,missing,missing,,,,,,,,22.410468941729995,22.295298049549572,2.817473382,64.95500183,,0
Maldives,MDV,2019,5726094799.0,4.562,431000000.0,,,,1703.0,77.46970367,0.220029731,15.38204192,50.87387852,False,,,,missing,missing,,,,,,,,22.468299599370724,22.410468941729995,-0.133373386,70.93689728,,0
Maldives,MDV,2020,3712604583.0,5.42,106000000.0,,,,555.0,79.09780121,-1.369774256,15.38126953,55.07401331,False,,,,missing,missing,,,,,,,,22.0349995111835,22.468299599370724,0.220029731,77.46970367,,0
Maldives,MDV,2021,5252457370.0,5.016,,,,,1322.0,81.95760345,0.543149689,15.37269841,53.41072541,False,,,,missing,missing,,,,,,,,22.38196187451532,22.0349995111835,-1.369774256,79.09780121,,0
Maldives,MDV,2022,6177123352.0,4.303,,,81717.0,,1675.0,83.91189054,2.330540465,15.386625,51.51933285,False,,,,missing,missing,,,,,,,,22.544118523025297,22.38196187451532,0.543149689,81.95760345,,0
Mexico,MEX,2008,1161550000000.0,3.874,10246000000.0,8.87931,2477027.0,,,21.71,5.124982746,11.12971667,67.11340459,False,,,,missing,missing,,,,,,,,27.780776436013387,,,,,0
Mexico,MEX,2009,943437000000.0,5.356,8737000000.0,9.15453,2430228.0,,,26.34,5.297355842,13.513475,55.45151044,False,,,,missing,missing,,,,,,,,27.572795426870616,27.780776436013387,5.124982746,21.71,,0
Mexico,MEX,2010,1105420000000.0,5.303,9001000000.0,8.86699,2442055.0,809.0,23289.0,31.05,4.156727227,12.63600833,61.1522484,False,,,,missing,missing,,,,,,,,27.731246469179908,27.572795426870616,5.297355842,26.34,,0
Mexico,MEX,2011,1229010000000.0,5.175,9704000000.0,8.60889,2464090.0,835.0,23403.0,37.17629541,3.407378246,12.423325,61.76295798,False,,,,missing,missing,,,,,,,,27.837230083175843,27.731246469179908,4.156727227,31.05,,0
Mexico,MEX,2012,1255110000000.0,4.892,10735000000.0,8.64592,2496459.0,931.0,23403.0,39.75,4.111509811,13.16945833,59.67373904,False,,,,missing,missing,,,,,,,,27.858244334073703,27.837230083175843,3.407378246,37.17629541,,0
Mexico,MEX,2013,1327440000000.0,4.921,11970000000.0,8.99466,2533590.0,1064.0,24151.0,43.46,3.806390697,12.77199167,61.73163121,False,,,,missing,missing,,,,,,,,27.914273391300945,27.858244334073703,4.111509811,39.75,,0
Mexico,MEX,2014,1364510000000.0,4.819,12556000000.0,8.91677,2527928.0,1254.0,29346.0,44.38569627,4.018616081,13.29245,60.52547123,False,,,,missing,missing,,,,,,,,27.94181650575978,27.914273391300945,3.806390697,43.46,,0
Mexico,MEX,2015,1213290000000.0,4.311,12668000000.0,8.83817,2548876.0,1391.0,32093.3,57.43104299,2.72064065,15.84826667,52.54577677,False,,,,missing,missing,,,,,,,,27.824356793985604,27.94181650575978,4.018616081,44.38569627,,0
Mexico,MEX,2016,1112230000000.0,3.853,12823000000.0,8.4518,2571751.0,1628.0,35079.0,59.540446,2.821707847,18.66405833,45.25298303,False,,,,missing,missing,,,,,,,,27.737388124902,27.824356793985604,2.72064065,57.43104299,,0
Mexico,MEX,2017,1190720000000.0,3.419,13647000000.0,8.48726,2566963.0,1935.7,39291.0,53.03178861,6.04145724,18.92651667,47.09557495,False,,,,missing,missing,,,,,,,,27.80557928210467,27.737388124902,2.821707847,59.540446,,0
Mexico,MEX,2018,1256300000000.0,3.275,14074000000.0,8.53957,2522320.0,2002.4,41312.7,56.6595668,4.899350154,19.24434167,48.20306665,False,,,,missing,missing,,,,,,,,27.859192008956782,27.80557928210467,6.04145724,53.03178861,,0
Mexico,MEX,2019,1304110000000.0,3.477,12300000000.0,8.61168,2613864.0,1890.7,45024.4,69.63210927,3.635961421,19.26363333,49.46297513,False,,,,missing,missing,,,,,,,,27.896541931703478,27.859192008956782,4.899350154,56.6595668,,0
Mexico,MEX,2020,1121060000000.0,4.44,4286000000.0,6.92429,2325187.0,498.255,24283.6,71.49017499,3.396834156,21.48560833,45.68158369,False,,,,missing,missing,,,,,,,,27.74529578222584,27.896541931703478,3.635961421,69.63210927,,0
Mexico,MEX,2021,1316570000000.0,4.019,,7.79482,2532581.0,573.603,31860.4,75.62650476,5.689208477,20.27240833,49.62832733,False,,,,missing,missing,,,,,,,,27.90605098575674,27.74529578222584,3.396834156,71.49017499,,0
Mexico,MEX,2022,1466930000000.0,3.256,,8.66703,2743866.0,1142.118,38325.5,78.63217894,7.896276192,20.12735,49.29998236,False,,,,missing,missing,,,,,,,,28.014192897522843,27.90605098575674,5.689208477,75.62650476,,0
Mexico,MEX,2023,1798320000000.0,2.765,,8.62422,2828978.0,1326.0,,81.18318755,5.527960873,17.75871667,54.90975502,False,,,,missing,missing,,,,,,,,28.217874011670578,28.014192897522843,7.896276192,78.63217894,,0
Mexico,MEX,2024,1856370000000.0,2.678,,,,1410.0,,83.12233799,4.722255885,18.30485833,54.17448199,False,,,,missing,missing,,,,,,,,28.249644083872575,28.217874011670578,5.527960873,81.18318755,,0
Marshall Islands,MHL,2008,146600000.0,,24500000.0,2.6,,,,4.599999905,,1.0,90.35898594,False,,,,missing,missing,,,,,,,,18.803218347416824,,,,,0
Marshall Islands,MHL,2009,151200000.0,,24549999.24,2.5,,,,5.599999905,,1.0,89.34815492,False,,,,missing,missing,,,,,,,,18.834114021709706,18.803218347416824,,4.599999905,,0
Marshall Islands,MHL,2010,161100000.0,,21989999.77,2.3,,2.3,4.6,7.0,,1.0,89.11883175,False,,,,missing,missing,,,,,,,,18.897535848147204,18.834114021709706,,5.599999905,,0
Marshall Islands,MHL,2011,172300000.0,,23799999.24,2.2,,2.1,4.6,10.0,,1.0,93.85951644,False,,,,missing,missing,,,,,,,,18.96474770149816,18.897535848147204,,7.0,,0
Marshall Islands,MHL,2012,180700000.0,,25500000.0,2.1,,,,12.5,,1.0,97.89942602,False,,,,missing,missing,,,,,,,,19.012348755562456,18.96474770149816,,10.0,,0
Marshall Islands,MHL,2013,186400000.0,,24700000.76,1.9,,,,14.0,,1.0,95.65418695,False,,,,missing,missing,,,,,,,,19.043405460215766,19.012348755562456,,12.5,,0
Marshall Islands,MHL,2014,186000000.0,,23799999.24,2.1,,1.3,4.9,16.79999924,,1.0,95.01177402,False,,,,missing,missing,,,,,,,,19.041257231677477,19.043405460215766,,14.0,,0
Marshall Islands,MHL,2015,183700000.0,,26200000.76,2.2,,2.3,6.3,19.28240013,,1.0,91.25325363,False,,,,missing,missing,,,,,,,,19.028814550185356,19.041257231677477,,16.79999924,,0
Marshall Islands,MHL,2016,201800000.0,,27000000.0,2.3,,2.2,5.4,29.78779984,,1.0,96.87494958,False,,,,missing,missing,,,,,,,,19.122787665883784,19.028814550185356,,19.28240013,,0
Marshall Islands,MHL,2017,213700000.0,,27600000.38,2.3,,2.6,6.0,38.70119858,,1.0,97.31998129,False,,,,missing,missing,,,,,,,,19.180083720289375,19.122787665883784,,29.78779984,,0
Marshall Islands,MHL,2018,220000000.0,,31399999.62,2.3,,,,43.88249969,,1.0,92.85034817,False,,,,missing,missing,,,,,,,,19.209138104316636,19.180083720289375,,38.70119858,,0
Marshall Islands,MHL,2019,232900000.0,,,2.5,,,,49.75749969,,1.0,87.54814257,False,,,,missing,missing,,,,,,,,19.26611973485457,19.209138104316636,,43.88249969,,0
Marshall Islands,MHL,2020,241800000.0,,,2.0,,,,56.41910172,,1.0,92.24549401,False,,,,missing,missing,,,,,,,,19.303621496144967,19.26611973485457,,49.75749969,,0
Marshall Islands,MHL,2021,261245544.4,,,1.8,933.0,,,63.97259903,,1.0,93.2999595,False,,,,missing,missing,,,,,,,,19.380971306169627,19.303621496144967,,56.41910172,,0
North Macedonia,MKD,2008,9909552435.0,33.93,190000000.0,,19117.0,,,46.04,8.33189667,41.86768333,46.01101312,False,,,,missing,missing,,,,,,,,23.01676502130173,,,,,0
North Macedonia,MKD,2009,9401736825.0,32.351,150000000.0,,21193.0,,,51.77,-0.739633963,44.100575,41.62093561,False,,,,missing,missing,,,,,,,,22.96416027777177,23.01676502130173,8.33189667,46.04,,0
North Macedonia,MKD,2010,9407170321.0,33.135,131000000.0,,21522.0,,,51.9,1.50997522,46.48539167,40.30421145,False,,,,missing,missing,,,,,,,,22.964738035544617,22.96416027777177,-0.739633963,51.77,,0
North Macedonia,MKD,2011,10494626768.0,31.502,159000000.0,,23574.0,,,56.7,3.904754221,44.230825,43.61118181,False,,,,missing,missing,,,,,,,,23.074129226747186,22.964738035544617,1.50997522,51.9,,0
North Macedonia,MKD,2012,9745261301.0,31.096,153000000.0,,23507.0,,,57.44994731,3.316055667,47.89025,39.68149336,False,,,,missing,missing,,,,,,,,23.00004698339971,23.074129226747186,3.904754221,56.7,,0
North Macedonia,MKD,2013,10817702346.0,29.017,168000000.0,,23986.0,,,65.24,2.785000567,46.39534167,41.17948476,False,,,,missing,missing,,,,,,,,23.104449735319385,23.00004698339971,3.316055667,57.44994731,,0
North Macedonia,MKD,2014,11362265253.0,28.215,186000000.0,,24722.0,,,68.05848154,-0.281705033,46.43713083,40.90665183,False,,,,missing,missing,,,,,,,,23.153563636434612,23.104449735319385,2.785000567,65.24,,0
North Macedonia,MKD,2015,10064519963.0,26.395,189000000.0,,26944.0,,,70.38020308,-0.299920476,55.537075,35.00481952,False,,,,missing,missing,,,,,,,,23.032282201209778,23.153563636434612,-0.281705033,68.05848154,,0
North Macedonia,MKD,2016,10672467073.0,24.312,204000000.0,,25446.0,,,72.15681447,-0.239290788,55.731725,34.01757744,False,,,,missing,missing,,,,,,,,23.090933091372612,23.032282201209778,-0.299920476,70.38020308,,0
North Macedonia,MKD,2017,11307067070.0,22.857,233000000.0,,24538.0,,,74.51682418,1.351618897,54.66545833,34.70243621,False,,,,missing,missing,,,,,,,,23.148693771605636,23.090933091372612,-0.239290788,72.15681447,,0
North Macedonia,MKD,2018,12683068114.0,21.208,282000000.0,,25697.0,,,79.16775519,1.458312985,52.10710833,36.36940072,False,,,,missing,missing,,,,,,,,23.263533721513223,23.148693771605636,1.351618897,74.51682418,,0
North Macedonia,MKD,2019,12606338449.0,17.414,302000000.0,2.35897,29345.0,,,81.41288276,0.766439573,54.9472,33.22471305,False,,,,missing,missing,,,,,,,,23.25746557592379,23.263533721513223,1.458312985,79.16775519,,0
North Macedonia,MKD,2020,12361036914.0,16.575,153000000.0,,28438.0,,,81.40553811,1.200073489,54.144325,33.3611134,False,,,,missing,missing,,,,,,,,23.237815178175605,23.25746557592379,0.766439573,81.41288276,,0
North Macedonia,MKD,2021,14000283827.0,15.801,,,23479.0,,,81.873703,3.230749121,52.10215833,34.41445424,False,,,,missing,missing,,,,,,,,23.36234343971331,23.237815178175605,1.200073489,81.40553811,,0
North Macedonia,MKD,2022,13932436550.0,14.476,,,24492.0,,,83.85030365,14.20471732,58.57439167,31.41467145,False,,,,missing,missing,,,,,,,,23.35748552329747,23.36234343971331,3.230749121,81.873703,,0
North Macedonia,MKD,2023,15855131189.0,13.174,,,26748.0,,,88.5,9.361872498,56.94719167,34.2127836,False,,,,missing,missing,,,,,,,,23.486759019200818,23.35748552329747,14.20471732,83.85030365,,0
North Macedonia,MKD,2024,16951682245.0,12.265,,,27561.0,,,93.6,3.48974086,56.87263333,34.41999317,False,,,,missing,missing,,,,,,,,23.55363291334079,23.486759019200818,9.361872498,88.5,,0
Mali,MLI,2010,12710739159.0,1.375,167000000.0,,,62.0,169.0,2.0,1.108926907,494.7942622,39.62618104,False,,,,missing,missing,,,,,,,,23.265713076160967,,,,,0
Mali,MLI,2011,15452791789.0,1.403,171000000.0,,,70.0,160.0,2.2,2.955643952,471.2486257,45.85481045,False,,,,missing,missing,,,,,,,,23.461055522283342,23.265713076160967,1.108926907,2.0,,0
Mali,MLI,2012,14795114603.0,1.462,164000000.0,,,42.0,134.0,2.799999952,5.323128471,510.5563385,43.84126555,False,,,,missing,missing,,,,,,,,23.417562868831443,23.461055522283342,2.955643952,2.2,,0
Mali,MLI,2013,15747192681.0,1.517,189000000.0,,91651.0,49.0,142.0,3.5,-0.606736356,493.8996239,43.79779206,False,,,,missing,missing,,,,,,,,23.479927943854786,23.417562868831443,5.323128471,2.799999952,,0
Mali,MLI,2014,17081681993.0,1.476,231000000.0,,72370.0,49.5,168.0,7.0,0.883814547,493.7573299,43.38528922,False,,,,missing,missing,,,,,,,,23.56127249780018,23.479927943854786,-0.606736356,3.5,,0
Mali,MLI,2015,15583181170.0,1.404,207000000.0,,114910.0,45.3,159.3,10.32999992,1.450690576,591.211698,35.96705971,False,,,,missing,missing,,,,,,,,23.469458039473345,23.56127249780018,0.883814547,7.0,,0
Mali,MLI,2016,16743796800.0,1.367,213000000.0,,87245.0,9.7,173.2,14.0,-1.799647071,592.6056151,34.46033947,False,,,,missing,missing,,,,,,,,23.541293686326075,23.469458039473345,1.450690576,10.32999992,,0
Mali,MLI,2017,18308362040.0,1.498,220000000.0,,95807.0,55.6,193.3,18.89999962,1.759857429,580.6567496,35.44937743,False,,,,missing,missing,,,,,,,,23.63062373450405,23.541293686326075,-1.799647071,14.0,,0
Mali,MLI,2018,20368015381.0,1.62,255000000.0,,129283.0,,,21.39999962,0.299546507,555.4464584,37.11723765,False,,,,missing,missing,,,,,,,,23.737231633916323,23.63062373450405,1.759857429,18.89999962,,0
Mali,MLI,2019,20477421885.0,3.29,,,,62.0,217.1,24.96030045,-1.658266948,585.9110132,34.4679279,False,,,,missing,missing,,,,,,,,23.742588744672112,23.737231633916323,0.299546507,21.39999962,,0
Mali,MLI,2020,20698560939.0,3.528,,,98004.0,5.8,75.1,29.11300087,0.43808894,575.5860045,34.99807657,False,,,,missing,missing,,,,,,,,23.753330014946044,23.742588744672112,-1.658266948,24.96030045,,0
Mali,MLI,2021,22999245263.0,4.006,,,,8.8,168.1,33.95650101,3.925602831,554.530675,36.73782955,False,,,,missing,missing,,,,,,,,23.858727237684974,23.753330014946044,0.43808894,29.11300087,,0
Malta,MLT,2010,9097044159.0,6.861,,5.9,,118.0,1339.0,63.0,1.515635136,0.75430899,75.91548406,False,,,,missing,missing,,,,,,,,22.931215380012215,,,,,0
Malta,MLT,2011,9789361703.0,6.388,,,,118.0,1415.0,68.01982379,2.962985282,0.718413899,79.91922018,False,,,,missing,missing,,,,,,,,23.004562092486886,22.931215380012215,1.515635136,63.0,,0
Malta,MLT,2012,9609532089.0,6.203,,,24478.0,115.0,1443.0,68.19987429,2.375820578,0.77833812,74.4831382,False,,,,missing,missing,,,,,,,,22.98602136873281,23.004562092486886,2.962985282,68.01982379,,0
Malta,MLT,2013,10796782636.0,6.115,,,27207.0,118.0,1582.0,68.9138,1.180284364,0.752945123,76.69589633,False,,,,missing,missing,,,,,,,,23.102514022620277,22.98602136873281,2.375820578,68.19987429,,0
Malta,MLT,2014,11888032874.0,5.737,,,26383.0,130.2,1689.9,73.11411578,0.310306472,0.752728197,77.89799034,False,,,,missing,missing,,,,,,,,23.198798090227548,23.102514022620277,1.180284364,68.9138,,0
Malta,MLT,2015,11340795042.0,5.389,,,26773.0,126.9,1783.4,75.96001898,1.100548264,0.901296423,66.53770223,False,,,,missing,missing,,,,,,,,23.15167224231227,23.198798090227548,0.310306472,73.11411578,,0
Malta,MLT,2016,12025782834.0,4.694,,,30434.0,136.8,1966.0,78.0751488,0.642702772,0.903421436,64.53411825,False,,,,missing,missing,,,,,,,,23.21031875135983,23.15167224231227,1.100548264,75.96001898,,0
Malta,MLT,2017,14161366724.0,4.008,,,31632.0,180.6,2273.9,81.01191108,1.364354482,0.885205508,66.24740414,False,,,,missing,missing,,,,,,,,23.373783440610723,23.21031875135983,0.642702772,78.0751488,,0
Malta,MLT,2018,16153779511.0,3.956,,,34972.0,180.3,2598.7,81.65804429,1.157823625,0.846772667,69.28874357,False,,,,missing,missing,,,,,,,,23.505419884684308,23.373783440610723,1.364354482,81.01191108,,0
Malta,MLT,2019,16337793531.0,4.08,,,40383.0,189.1,2753.3,85.77859638,1.642060018,0.893276257,63.08684701,False,,,,missing,missing,,,,,,,,23.516746882437722,23.505419884684308,1.157823625,81.65804429,,0
Malta,MLT,2020,16404663226.0,4.856,,,37084.0,50.133,658.5,86.85876183,0.638544957,0.875506397,63.68264582,False,,,,missing,missing,,,,,,,,23.520831474407522,23.516746882437722,1.642060018,85.77859638,,0
Malta,MLT,2021,19739875611.0,3.754,,,36231.0,62.831,968.1,87.46977742,1.497892179,0.845494139,67.01043434,False,,,,missing,missing,,,,,,,,23.70590656956411,23.520831474407522,0.638544957,86.85876183,,0
Malta,MLT,2022,18928276162.0,3.471,,,41556.0,154.228,2286.6,91.54062209,6.153756219,0.949623753,58.8206247,False,,,,missing,missing,,,,,,,,23.66392273420703,23.70590656956411,1.497892179,87.46977742,,0
Malta,MLT,2023,22610561526.0,3.479,,,47761.0,156.8078986,,92.07266941,5.09396759,0.924839558,61.00126758,False,,,,missing,missing,,,,,,,,23.841682958222016,23.66392273420703,6.153756219,91.54062209,,0
Malta,MLT,2024,24971574502.0,3.1,,,51432.0,172.4626699,,93.86029816,1.650794693,0.923889546,62.83444307,False,,,,missing,missing,,,,,,,,23.94100399499706,23.841682958222016,5.09396759,92.07266941,,0
Myanmar,MMR,2010,49540813342.0,0.725,,,,57.0,792.0,0.25,7.718381959,5.634883333,30.18205706,False,,,,missing,missing,,,,,,,,24.62606267875739,,,,,0
Myanmar,MMR,2011,59977326086.0,0.749,132000000.0,,,83.0,816.0,0.98,5.021460146,5.444108333,33.90588784,False,,,,missing,missing,,,,,,,,24.817232429180187,24.62606267875739,7.718381959,0.25,,0
Myanmar,MMR,2012,59937796648.0,0.768,265000000.0,,,131.0,1059.0,1.399999976,1.467583227,640.6534167,31.2774536,False,,,,missing,missing,,,,,,,,24.816573138866662,24.817232429180187,5.021460146,0.98,,0
Myanmar,MMR,2013,60269732855.0,0.775,131000000.0,,,171.0,2044.0,1.799999952,5.643038834,933.5704564,28.93828791,False,,,,missing,missing,,,,,,,,24.82209587196099,24.816573138866662,1.467583227,1.399999976,,0
Myanmar,MMR,2014,65531374210.0,0.763,119000000.0,,,214.8,3081.3,7.400000095,4.953299185,984.3457476,29.5449198,False,,,,missing,missing,,,,,,,,24.905794860478377,24.82209587196099,5.643038834,1.799999952,,0
Myanmar,MMR,2015,59607290408.0,0.766,146000000.0,,643038.9,213.1,4681.0,10.89999962,9.454171895,1162.615329,26.16761679,False,,,,missing,missing,,,,,,,,24.811043725818834,24.905794860478377,4.953299185,7.400000095,,0
Myanmar,MMR,2016,63298361984.0,1.058,201000000.0,,,245.1,2907.1,16.0,6.928825258,1234.869517,27.56331788,False,,,,missing,missing,,,,,,,,24.871125288731708,24.811043725818834,9.454171895,10.89999962,,0
Myanmar,MMR,2017,66053040475.0,1.356,136000000.0,,798165.6885,242.4,3443.1,23.62108195,4.572536553,1360.358707,27.0443148,False,,,,missing,missing,,,,,,,,24.913723899784863,24.871125288731708,6.928825258,16.0,,0
Myanmar,MMR,2018,67860515993.0,0.767,118000000.0,,771264.1697,249.1,3551.4,29.37899971,6.872328657,1429.807975,23.26014483,False,,,,missing,missing,,,,,,,,24.940720200060795,24.913723899784863,4.572536553,23.62108195,,0
Myanmar,MMR,2019,75065106243.0,0.407,214000000.0,,710071.1225,281.9,4364.1,36.54050064,8.825066968,1518.255117,23.37161929,False,,,,missing,missing,,,,,,,,25.041621657156377,24.940720200060795,6.872328657,29.37899971,,0
Myanmar,MMR,2020,79006113670.0,1.476,,,787426.5864,74.285,903.4,45.4477005,,1381.619167,25.95748671,False,,,,missing,missing,,,,,,,,25.092791074646968,25.041621657156377,8.825066968,36.54050064,,0
Myanmar,MMR,2021,66345291149.0,4.34,,,,12.533,130.9,,,,23.99795345,False,,,,missing,missing,,,,,,,,24.918138625334254,25.092791074646968,,45.4477005,,0
Myanmar,MMR,2022,62253049903.0,3.063,,,,44.399,233.4,,,,20.20666714,False,,,,missing,missing,,,,,,,,24.854473365516743,24.918138625334254,,,,0
Mongolia,MNG,2008,5623216608.0,5.565,249000000.0,,45929.07474,,,9.800000191,27.95566502,1165.804167,29.15648936,False,,,,missing,missing,,,,,,,,22.450169687300054,,,,,0
Mongolia,MNG,2009,4583850368.0,5.86,242000000.0,,49839.60381,,,10.0,7.619505935,1437.795,23.92517551,False,,,,missing,missing,,,,,,,,22.245805173592224,22.450169687300054,27.95566502,9.800000191,,0
Mongolia,MNG,2010,7189481999.0,6.549,319000000.0,,68000.41181,119.8,456.1,10.2,10.04620659,1357.064167,34.85593898,False,,,,missing,missing,,,,,,,,22.695884961438686,22.245805173592224,7.619505935,10.0,,0
Mongolia,MNG,2011,10409797378.0,4.769,460000000.0,,67622.85527,137.4,460.4,12.49999111,8.411214953,1265.515833,42.158854410000004,False,,,,missing,missing,,,,,,,,23.06601325521479,22.695884961438686,10.04620659,10.2,,0
Mongolia,MNG,2012,12292770632.0,3.905,558000000.0,,85304.69701,154.8,475.9,16.4,14.33033483,1357.58,42.64192917,False,,,,missing,missing,,,,,,,,23.232277173034053,23.06601325521479,8.411214953,12.49999111,,0
Mongolia,MNG,2013,12582122604.0,4.231,643000000.0,,79352.45955,137.4,417.8,17.69998424,10.49065676,1523.9275,41.56275683,False,,,,missing,missing,,,,,,,,23.25554280244353,23.232277173034053,14.33033483,16.4,,0
Mongolia,MNG,2014,12226514668.0,4.798,529000000.0,,88598.69879,131.5,392.8,19.94244743,12.25398081,1817.938708,37.85461005,False,,,,missing,missing,,,,,,,,23.226872763855376,23.25554280244353,10.49065676,17.69998424,,0
Mongolia,MNG,2015,11619892591.0,4.861,473000000.0,0.17729,92049.90687,94.5,386.3,22.50000413,5.735682819,1970.309167,36.70692436,False,,,,missing,missing,,,,,,,,23.175984344867903,23.226872763855376,12.25398081,19.94244743,,0
Mongolia,MNG,2016,11181350649.0,7.235,536000000.0,0.20944,83943.64346,79.4,404.1,22.2657705,0.733272227,2140.290864,34.43790629,False,,,,missing,missing,,,,,,,,23.137513106768267,23.175984344867903,5.735682819,22.50000413,,0
Mongolia,MNG,2017,11480847741.0,6.359,618000000.0,0.20183,86352.23034,53.9,469.3,23.71430016,4.301431053,2439.777201,32.85827997,False,,,,missing,missing,,,,,,,,23.163946070146263,23.137513106768267,0.733272227,22.2657705,,0
Mongolia,MNG,2018,13178094720.0,5.377,822000000.0,0.15283,92828.85979,54.4,529.4,47.13000188,6.824247901,2472.484051,33.34807181,False,,,,missing,missing,,,,,,,,23.301821797149344,23.163946070146263,4.301431053,23.71430016,,0
Mongolia,MNG,2019,14206359018.0,9.024,1036000000.0,0.15863,87840.0,52.7,577.3,51.07999408,7.301069536,2663.541398,31.95555187,False,,,,missing,missing,,,,,,,,23.37695551948201,23.301821797149344,6.824247901,47.13000188,,0
Mongolia,MNG,2020,13312981429.0,6.413,573000000.0,0.0424,76230.0,19.738,58.8,62.50002848,3.723723061,2813.289835,29.22076528,False,,,,missing,missing,,,,,,,,23.312005443442917,23.37695551948201,7.301069536,51.07999408,,0
Mongolia,MNG,2021,15286441738.0,7.871,,,67541.0,10.935,33.1,81.60682285,7.358946579,2849.288615,30.54042152,False,,,,missing,missing,,,,,,,,23.450232111557067,23.312005443442917,3.723723061,62.50002848,,0
Mongolia,MNG,2022,17146471714.0,5.954,,,73342.0,27.55,286.3,81.07720184,15.15097282,3140.677884,30.44939385,False,,,,missing,missing,,,,,,,,23.565058258430742,23.450232111557067,7.358946579,81.60682285,,0
Mongolia,MNG,2023,20325121394.0,5.178,,,73163.0,35.0,,83.74320221,10.34758313,3465.736536,32.4013936,False,,,,missing,missing,,,,,,,,23.735123465006975,23.565058258430742,15.15097282,81.07720184,,0
Mongolia,MNG,2024,23794540025.0,5.158,,,,61.0,,85.12349701,6.197799017,3389.98152,35.20990845,False,,,,missing,missing,,,,,,,,23.892721980590892,23.735123465006975,10.34758313,83.74320221,,0
Northern Mariana Islands,MNP,2010,799000000.0,,,,,,379.0,,,1.0,,False,,,,missing,missing,,,,,,,,20.49887150373055,,,,,0
Northern Mariana Islands,MNP,2011,729000000.0,,,,,,341.0,,,1.0,,False,,,,missing,missing,,,,,,,,20.407184289972932,20.49887150373055,,,,0
Northern Mariana Islands,MNP,2012,746000000.0,,,,,,401.0,,,1.0,,False,,,,missing,missing,,,,,,,,20.430236158168036,20.407184289972932,,,,0
Northern Mariana Islands,MNP,2013,772000000.0,,,,,,439.0,,,1.0,,False,,,,missing,missing,,,,,,,,20.464495107989052,20.430236158168036,,,,0
Northern Mariana Islands,MNP,2014,832000000.0,,,,,,460.0,,,1.0,,False,,,,missing,missing,,,,,,,,20.539342998785482,20.464495107989052,,,,0
Northern Mariana Islands,MNP,2015,910000000.0,,,,,,479.0,,,1.0,,False,,,,missing,missing,,,,,,,,20.62895515747517,20.539342998785482,,,,0
Northern Mariana Islands,MNP,2016,1230000000.0,,,,,,531.0,,,1.0,,False,,,,missing,missing,,,,,,,,20.930280006330737,20.62895515747517,,,,0
Northern Mariana Islands,MNP,2017,1560000000.0,,,,,,660.0,,,1.0,,False,,,,missing,missing,,,,,,,,21.16795165820786,20.930280006330737,,,,0
Northern Mariana Islands,MNP,2018,1301000000.0,,,,,,518.0,,,1.0,,False,,,,missing,missing,,,,,,,,20.98639903647678,21.16795165820786,,,,0
Northern Mariana Islands,MNP,2019,1179000000.0,,,,,,487.0,,,1.0,,False,,,,missing,missing,,,,,,,,20.887932458501645,20.98639903647678,,,,0
Northern Mariana Islands,MNP,2020,866000000.0,,,,,,89.0,,,1.0,,False,,,,missing,missing,,,,,,,,20.57939546652671,20.887932458501645,,,,0
Northern Mariana Islands,MNP,2021,914000000.0,,,,,,12.7,,,1.0,,False,,,,missing,missing,,,,,,,,20.633341129418422,20.57939546652671,,,,0
Northern Mariana Islands,MNP,2022,1096000000.0,,,,,,96.6,,,1.0,,False,,,,missing,missing,,,,,,,,20.814933025472236,20.633341129418422,,,,0
Mozambique,MOZ,2008,12920340965.0,3.112,241000000.0,6.45,,,,1.56,14.5028053,24.30064247,64.63519401,False,,,,missing,missing,,,,,,,,23.28206872543252,,,,,0
Mozambique,MOZ,2009,12263894790.0,3.207,247000000.0,,31500.0,,,2.68,3.788613309,27.51829996,57.56232447,False,,,,missing,missing,,,,,,,,23.229925399712002,23.28206872543252,14.5028053,1.56,,0
Mozambique,MOZ,2010,11411894724.0,3.259,247000000.0,6.48,33700.0,405.0,1718.0,4.17,12.42554217,33.9600988,49.60662137,False,,,,missing,missing,,,,,,,,23.157922045228826,23.229925399712002,3.788613309,2.68,,0
Mozambique,MOZ,2011,14619279989.0,3.295,264000000.0,,42000.0,618.0,1901.0,4.599999905,11.16660561,29.06759993,58.11811548,False,,,,missing,missing,,,,,,,,23.40560704169689,23.157922045228826,12.42554217,4.17,,0
Mozambique,MOZ,2012,16688114144.0,3.304,247000000.0,,45300.0,437.0,2112.0,5.0,2.60245457,28.37298448,63.73267572,False,,,,missing,missing,,,,,,,,23.537962575066384,23.40560704169689,11.16660561,4.599999905,,0
Mozambique,MOZ,2013,17198073057.0,3.345,313000000.0,,52000.0,311.7,1886.4,5.5,4.261352509,30.10411109,61.63897774,False,,,,missing,missing,,,,,,,,23.568063182920046,23.537962575066384,2.60245457,5.0,,0
Mozambique,MOZ,2014,17978246586.0,3.377,331000000.0,,53800.0,264.0,1750.5,6.0,2.559748758,31.3526877,59.79805952,False,,,,missing,missing,,,,,,,,23.612428340989762,23.568063182920046,4.261352509,5.5,,0
Mozambique,MOZ,2015,16208985770.0,3.426,322000000.0,4.1,58000.0,191.0,1634.0,6.5,3.550759674,39.98247415,46.32896269,False,,,,missing,missing,,,,,,,,23.50883160256873,23.612428340989762,2.559748758,6.0,,0
Mozambique,MOZ,2016,12069051237.0,3.65,290000000.0,,61700.0,184.3,1715.3,7.0,17.41804182,63.05623273,32.01271596,False,,,,missing,missing,,,,,,,,23.21391026391246,23.50883160256873,3.550759674,6.5,,0
Mozambique,MOZ,2017,13264640646.0,3.935,237000000.0,3.9,,162.6,1513.6,7.796326608,15.11320739,63.58432291,36.71320896,False,,,,missing,missing,,,,,,,,23.308367733780923,23.21391026391246,17.41804182,7.0,,0
Mozambique,MOZ,2018,15017358953.0,4.21,135000000.0,4.18,,308.3,2869.9,10.89999962,3.9113344,60.32620764,39.03985763,False,,,,missing,missing,,,,,,,,23.432472632468688,23.308367733780923,15.11320739,7.796326608,,0
Mozambique,MOZ,2019,15512759047.0,4.462,99000000.0,4.18,,202.4,2032.9,12.47929955,2.802703079,62.54833333,37.37713464,False,,,,missing,missing,,,,,,,,23.46492868658025,23.432472632468688,3.9113344,10.89999962,,0
Mozambique,MOZ,2020,14235420174.0,5.019,95000000.0,2.43,,108.0,958.6,14.28740025,3.483935675,69.465,32.75908139,False,,,,missing,missing,,,,,,,,23.37899907420602,23.46492868658025,2.802703079,12.47929955,,0
Mozambique,MOZ,2021,16168055475.0,5.413,,2.46,,51.5,548.7,16.35759926,6.40847653,65.465,34.99145205,False,,,,missing,missing,,,,,,,,23.506303248202162,23.37899907420602,3.483935675,14.28740025,,0
Mozambique,MOZ,2022,18883528581.0,6.789,,4.0,,,,18.96220016,10.27940181,63.85083333,36.55868311,False,,,,missing,missing,,,,,,,,23.661555875381122,23.506303248202162,6.40847653,16.35759926,,0
Mozambique,MOZ,2023,20921079533.0,6.661,,4.02,,,,19.94560051,7.126974821,63.88583333,37.03058557,False,,,,missing,missing,,,,,,,,23.764023077727618,23.661555875381122,10.27940181,18.96220016,,0
Mauritius,MUS,2008,10127777060.0,7.17,489000000.0,,29000.0,,,21.81,9.732283171,28.4528375,55.94795691,True,Premium Visa,2020-10,2020-10,month,month,2020-10-01,2020-10-01,2020,10,2021,2020,active,23.03854768986267,,,,2021.0,0
Mauritius,MUS,2009,9264513545.0,7.257,384000000.0,,27695.0,,,22.51,2.516091281,31.9598,49.21019066,True,Premium Visa,2020-10,2020-10,month,month,2020-10-01,2020-10-01,2020,10,2021,2020,active,22.949457190718164,23.03854768986267,9.732283171,21.81,2021.0,0
Mauritius,MUS,2010,10144716155.0,7.654,423000000.0,9.6,27741.0,36.1,956.4,28.33,2.932363014,30.7844,50.9965508,True,Premium Visa,2020-10,2020-10,month,month,2020-10-01,2020-10-01,2020,10,2021,2020,active,23.04021883102548,22.949457190718164,2.516091281,22.51,2021.0,0
Mauritius,MUS,2011,11677718382.0,7.447,427000000.0,10.0,28608.0,40.7,982.6,34.95000076,6.522492549,28.70595,55.226736,True,Premium Visa,2020-10,2020-10,month,month,2020-10-01,2020-10-01,2020,10,2021,2020,active,23.180948451257517,23.04021883102548,2.932363014,28.33,2021.0,0
Mauritius,MUS,2012,11832323837.0,7.472,394000000.0,9.9,29177.0,42.6,984.1,35.42,3.852160333,30.04997167,54.58778496,True,Premium Visa,2020-10,2020-10,month,month,2020-10-01,2020-10-01,2020,10,2021,2020,active,23.19410093157131,23.180948451257517,6.522492549,34.95000076,2021.0,0
Mauritius,MUS,2013,12434596541.0,7.322,458000000.0,9.0,29419.0,43.4,1014.7,40.11682514,3.543295739,30.70135833,53.57759586,True,Premium Visa,2020-10,2020-10,month,month,2020-10-01,2020-10-01,2020,10,2021,2020,active,23.243748468239147,23.19410093157131,3.852160333,35.42,2021.0,0
Mauritius,MUS,2014,13230490082.0,7.467,503000000.0,9.1,29631.0,44.8,1065.1,44.80327537,3.21769192,30.62161667,54.3696328,True,Premium Visa,2020-10,2020-10,month,month,2020-10-01,2020-10-01,2020,10,2021,2020,active,23.305789857622262,23.243748468239147,3.543295739,40.11682514,2021.0,0
Mauritius,MUS,2015,12162211503.0,7.41,616000000.0,9.2,29634.0,48.3,1173.8,50.13931848,1.286549708,35.0567,47.51243303,True,Premium Visa,2020-10,2020-10,month,month,2020-10-01,2020-10-01,2020,10,2021,2020,active,23.221599563971655,23.305789857622262,3.21769192,44.80327537,2021.0,0
Mauritius,MUS,2016,12757680847.0,6.814,683000000.0,9.2,30801.0,50.4,1306.9,52.19129944,0.977675135,35.54188333,45.98761113,True,Premium Visa,2020-10,2020-10,month,month,2020-10-01,2020-10-01,2020,10,2021,2020,active,23.269399346541686,23.221599563971655,1.286549708,50.13931848,2021.0,0
Mauritius,MUS,2017,13896938315.0,6.752,738000000.0,9.1,31085.0,52.5,1371.4,55.4032403,3.666997027,34.48140833,47.98112394,True,Premium Visa,2020-10,2020-10,month,month,2020-10-01,2020-10-01,2020,10,2021,2020,active,23.35493438771322,23.269399346541686,0.977675135,52.19129944,2021.0,0
Mauritius,MUS,2018,14957535716.0,6.426,663000000.0,9.3,31367.0,58.473,1431.073,58.5961697,3.216053831,33.93445,50.47398548,True,Premium Visa,2020-10,2020-10,month,month,2020-10-01,2020-10-01,2020,10,2021,2020,active,23.428481071057803,23.35493438771322,3.666997027,55.4032403,2021.0,0
Mauritius,MUS,2019,14645235205.0,6.331,656000000.0,9.2,31550.0,56.0,1418.25,61.72995515,0.40565519,35.47351667,47.45992568,True,Premium Visa,2020-10,2020-10,month,month,2020-10-01,2020-10-01,2020,10,2021,2020,active,23.40738087752732,23.428481071057803,3.216053831,58.5961697,2021.0,0
Mauritius,MUS,2020,11566111138.0,8.626,224000000.0,2.30792,31501.0,10.697,315.6,67.73290684,2.580800772,39.34693333,42.25334366,True,Premium Visa,2020-10,2020-10,month,month,2020-10-01,2020-10-01,2020,10,2021,2020,active,23.17134520566273,23.40738087752732,0.40565519,61.72995515,2021.0,0
Mauritius,MUS,2021,11622048697.0,7.719,,1.96248,27091.0,6.812,180.3,71.59999847,4.028528882,41.69213333,39.88540477,True,Premium Visa,2020-10,2020-10,month,month,2020-10-01,2020-10-01,2020,10,2021,2020,active,23.176169880661103,23.17134520566273,2.580800772,67.73290684,2021.0,1
Mauritius,MUS,2022,12936444123.0,6.322,,7.4067,27539.0,28.569,1003.1,75.5,10.77375122,44.182775,38.25669378,True,Premium Visa,2020-10,2020-10,month,month,2020-10-01,2020-10-01,2020,10,2021,2020,active,23.283314290960263,23.176169880661103,4.028528882,71.59999847,2021.0,1
Mauritius,MUS,2023,14072212290.0,5.571,,8.39986,28014.0,35.0,,79.5,7.052982385,45.267225,38.32939418,True,Premium Visa,2020-10,2020-10,month,month,2020-10-01,2020-10-01,2020,10,2021,2020,active,23.367467930254232,23.283314290960263,10.77375122,75.5,2021.0,1
Mauritius,MUS,2024,14937861786.0,5.548,,8.58814,28445.0,34.0,,73.30793533,3.604522038,46.414675,37.83018775,True,Premium Visa,2020-10,2020-10,month,month,2020-10-01,2020-10-01,2020,10,2021,2020,active,23.427164886328104,23.367467930254232,7.052982385,79.5,2021.0,1
Malawi,MWI,2010,10128323011.0,4.78,90000000.0,,,435.0,746.0,2.26,7.411590929,150.4858333,46.86622059,False,,,,missing,missing,,,,,,,,23.03860159471091,,,,,0
Malawi,MWI,2011,11648142958.0,4.829,92000000.0,,,460.0,767.0,3.33,7.622822628,156.5158333,50.3268284,False,,,,missing,missing,,,,,,,,23.17841260150537,23.03860159471091,7.411590929,2.26,,0
Malawi,MWI,2012,8773203178.0,4.949,96000000.0,,,486.8,770.4,4.350599766,21.271265,249.1066667,38.14519088,False,,,,missing,missing,,,,,,,,22.894967819291026,23.17841260150537,7.622822628,3.33,,0
Malawi,MWI,2013,8031571928.0,4.978,90000000.0,4.5,,474.6,795.0,5.050000191,27.28333333,364.4058333,31.89419563,False,,,,missing,missing,,,,,,,,22.806646102658778,22.894967819291026,21.271265,4.350599766,,0
Malawi,MWI,2014,8801326169.0,4.967,106000000.0,3.5,,579.1,819.2,5.829999924,23.79206495,424.8966667,35.17071332,False,,,,missing,missing,,,,,,,,22.89816824809904,22.806646102658778,27.28333333,5.050000191,,0
Malawi,MWI,2015,9219474379.0,4.953,121000000.0,3.4,,589.1,804.9,6.0,21.86734755,499.6058333,38.45850757,False,,,,missing,missing,,,,,,,,22.9445838641046,22.89816824809904,23.79206495,5.829999924,,0
Malawi,MWI,2016,7909868618.0,5.011,100000000.0,3.4,,613.1,849.4,6.300000191,21.71111321,718.005,31.95173877,False,,,,missing,missing,,,,,,,,22.791377008979943,22.9445838641046,21.86734755,6.0,,0
Malawi,MWI,2017,8943543794.0,5.046,120000000.0,3.5,,573.2,837.3,7.0,11.54339392,730.2725,35.91928421,False,,,,missing,missing,,,,,,,,22.914197745126234,22.791377008979943,21.71111321,6.300000191,,0
Malawi,MWI,2018,9879220354.0,5.021,174000000.0,3.4,,596.3,871.1,8.798299789,12.42017811,732.3333333,39.09698891,False,,,,missing,missing,,,,,,,,23.013699434054047,22.914197745126234,11.54339392,7.0,,0
Malawi,MWI,2019,11051852713.0,4.964,195000000.0,2.7,,421.0,977.0,11.05860043,9.370836056,745.5406679,40.06104147,False,,,,missing,missing,,,,,,,,23.125863917190586,23.013699434054047,12.42017811,8.798299789,,0
Malawi,MWI,2020,11769313598.0,5.72,119000000.0,1.6,,159.0,198.0,13.89949989,8.625514697,749.5274939,39.80993979,False,,,,missing,missing,,,,,,,,23.188761438591108,23.125863917190586,9.370836056,11.05860043,,0
Malawi,MWI,2021,12378119199.0,5.652,,,,305.0,431.0,15.30300045,9.330144108,805.8996501,36.58742254,False,,,,missing,missing,,,,,,,,23.239196170125116,23.188761438591108,8.625514697,13.89949989,,0
Malaysia,MYS,2008,230812000000.0,3.34,7724000000.0,4.8609,1677600.0,,,55.8,5.440782211,3.335833333,42.97676155,True,DE Rantau Nomad Pass,2022-10,2022-10,month,month,2022-10-01,2022-10-01,2022,10,2023,2022,active,26.164869363296354,,,,2023.0,0
Malaysia,MYS,2009,202257000000.0,3.62,7196000000.0,5.41632,1759500.0,,,55.9,0.583308406,3.524502911,38.0043726,True,DE Rantau Nomad Pass,2022-10,2022-10,month,month,2022-10-01,2022-10-01,2022,10,2023,2022,active,26.032805002916486,26.164869363296354,5.440782211,55.8,2023.0,0
Malaysia,MYS,2010,255018000000.0,3.32,9258000000.0,5.56932,2094662.0,,,56.3,1.622852356,3.221086915,44.07054265,True,DE Rantau Nomad Pass,2022-10,2022-10,month,month,2022-10-01,2022-10-01,2022,10,2023,2022,active,26.2645999678489,26.032805002916486,0.583308406,55.9,2023.0,0
Malaysia,MYS,2011,297952000000.0,3.05,11136000000.0,5.59573,2478376.0,,,61.0,3.174470922,3.060003011,47.91284286,True,DE Rantau Nomad Pass,2022-10,2022-10,month,month,2022-10-01,2022-10-01,2022,10,2023,2022,active,26.42019823665253,26.2645999678489,1.622852356,56.3,2023.0,0
Malaysia,MYS,2012,314443000000.0,3.04,13165000000.0,5.64891,2565664.0,,,65.8,1.663571025,3.088800867,46.82534341,True,DE Rantau Nomad Pass,2022-10,2022-10,month,month,2022-10-01,2022-10-01,2022,10,2023,2022,active,26.47406865659735,26.42019823665253,3.174470922,61.0,2023.0,0
Malaysia,MYS,2013,323276000000.0,3.14,13377000000.0,5.9618,2676025.0,,,57.05751226,2.105012312,3.15090855,46.25746088,True,DE Rantau Nomad Pass,2022-10,2022-10,month,month,2022-10-01,2022-10-01,2022,10,2023,2022,active,26.501772284465126,26.47406865659735,1.663571025,65.8,2023.0,0
Malaysia,MYS,2014,338066000000.0,2.88,13893000000.0,6.27953,2859959.0,,,63.66542588,3.142990509,3.272859746,45.31010681,True,DE Rantau Nomad Pass,2022-10,2022-10,month,month,2022-10-01,2022-10-01,2022,10,2023,2022,active,26.54650697963964,26.501772284465126,2.105012312,57.05751226,2023.0,0
Malaysia,MYS,2015,301355000000.0,3.1,11599000000.0,6.36879,2898831.0,,,71.06406781,2.104389802,3.905500263,39.33998486,True,DE Rantau Nomad Pass,2022-10,2022-10,month,month,2022-10-01,2022-10-01,2022,10,2023,2022,active,26.431554808740472,26.54650697963964,3.142990509,63.66542588,2023.0,0
Malaysia,MYS,2016,301256000000.0,3.44,11339000000.0,6.56906,3181755.0,,,78.78830993,2.090566595,4.148300663,37.47765977,True,DE Rantau Nomad Pass,2022-10,2022-10,month,month,2022-10-01,2022-10-01,2022,10,2023,2022,active,26.431226238565383,26.431554808740472,2.104389802,71.06406781,2023.0,0
Malaysia,MYS,2017,319109000000.0,3.41,12145000000.0,6.4049,3308607.0,,,80.14047901,3.871201158,4.300440878,37.33608001,True,DE Rantau Nomad Pass,2022-10,2022-10,month,month,2022-10-01,2022-10-01,2022,10,2023,2022,active,26.48879857415754,26.431226238565383,2.090566595,78.78830993,2023.0,0
Malaysia,MYS,2018,358789000000.0,3.3,13207000000.0,6.53253,3471108.0,,,81.20104862,0.884709161,4.035130137,39.22419109,True,DE Rantau Nomad Pass,2022-10,2022-10,month,month,2022-10-01,2022-10-01,2022,10,2023,2022,active,26.606000308913046,26.48879857415754,3.871201158,80.14047901,2023.0,0
Malaysia,MYS,2019,365178000000.0,3.33,13694000000.0,6.76074,3561846.0,,,84.18714501,0.662891866,4.142469736,37.74182217,True,DE Rantau Nomad Pass,2022-10,2022-10,month,month,2022-10-01,2022-10-01,2022,10,2023,2022,active,26.62365074288881,26.606000308913046,0.884709161,81.20104862,2023.0,0
Malaysia,MYS,2020,337456000000.0,4.54,5206000000.0,1.99866,3457475.0,,,89.55501192,-1.138702154,4.203481949,36.24248188,True,DE Rantau Nomad Pass,2022-10,2022-10,month,month,2022-10-01,2022-10-01,2022,10,2023,2022,active,26.54470096838967,26.62365074288881,0.662891866,84.18714501,2023.0,0
Malaysia,MYS,2021,373785000000.0,4.64,,0.7529,3520168.0,,,96.7514278,2.477102415,4.143297598,36.55956438,True,DE Rantau Nomad Pass,2022-10,2022-10,month,month,2022-10-01,2022-10-01,2022,10,2023,2022,active,26.646946602751793,26.54470096838967,-1.138702154,89.55501192,2023.0,0
Malaysia,MYS,2022,407831000000.0,3.93,,2.67476,3608017.0,,,97.3986404,3.378698625,4.401076345,34.15594397,True,DE Rantau Nomad Pass,2022-10,2022-10,month,month,2022-10-01,2022-10-01,2022,10,2023,2022,active,26.734118709853284,26.646946602751793,2.477102415,96.7514278,2023.0,0
Malaysia,MYS,2023,399949000000.0,3.858,,4.45398,,,,97.69272633,2.488865601,4.560623432,31.19723723,True,DE Rantau Nomad Pass,2022-10,2022-10,month,month,2022-10-01,2022-10-01,2022,10,2023,2022,active,26.71460287592558,26.734118709853284,3.378698625,97.3986404,2023.0,1
Namibia,NAM,2009,8938847189.0,22.271,40000000.0,2.7,,,,6.5,9.451726515,8.522819833,53.25794371,True,Namibia Digital Nomad Visa,2022-10,2022-10,month,month,2022-10-01,2022-10-01,2022,10,2023,2022,active,22.91367246804081,,,,2023.0,0
Namibia,NAM,2010,11431412421.0,22.12,42000000.0,2.6,,141.0,984.0,11.6,4.874919876,7.33025,63.45853181,True,Namibia Digital Nomad Visa,2022-10,2022-10,month,month,2022-10-01,2022-10-01,2022,10,2023,2022,active,23.15963087850989,22.91367246804081,9.451726515,6.5,2023.0,0
Namibia,NAM,2011,12523359441.0,19.481,55000000.0,2.9,,123.0,1027.0,12.0,5.005595181,7.300025,64.81495961,True,Namibia Digital Nomad Visa,2022-10,2022-10,month,month,2022-10-01,2022-10-01,2022,10,2023,2022,active,23.25086149258386,23.15963087850989,4.874919876,11.6,2023.0,0
Namibia,NAM,2012,13042053592.0,16.771,53000000.0,2.9,,148.3,1078.9,12.94139957,6.721997773,8.193770833,63.46427927,True,Namibia Digital Nomad Visa,2022-10,2022-10,month,month,2022-10-01,2022-10-01,2022,10,2023,2022,active,23.291444865094686,23.25086149258386,5.005595181,12.0,2023.0,0
Namibia,NAM,2013,12043307277.0,19.028,47000000.0,3.0,,147.0,1176.1,13.89999962,5.600925023,9.750075,55.12430606,True,Namibia Digital Nomad Visa,2022-10,2022-10,month,month,2022-10-01,2022-10-01,2022,10,2023,2022,active,23.211774929887213,23.291444865094686,6.721997773,12.94139957,2023.0,0
Namibia,NAM,2014,12435430970.0,18.521,67000000.0,3.0,,167.4,1320.0,14.84000015,5.350169669,10.8428875,51.88772695,True,Namibia Digital Nomad Visa,2022-10,2022-10,month,month,2022-10-01,2022-10-01,2022,10,2023,2022,active,23.243815571421877,23.211774929887213,5.600925023,13.89999962,2023.0,0
Namibia,NAM,2015,11335161084.0,20.791,71000000.0,3.3,,178.7,1387.8,25.68790054,3.394015384,12.88192083,45.61585848,True,Namibia Digital Nomad Visa,2022-10,2022-10,month,month,2022-10-01,2022-10-01,2022,10,2023,2022,active,23.15117533200916,23.243815571421877,5.350169669,14.84000015,2023.0,0
Namibia,NAM,2016,10722018732.0,23.352,82000000.0,3.0,,223.6,1469.3,31.0333004,6.728582346,14.70876667,43.09438969,True,Namibia Digital Nomad Visa,2022-10,2022-10,month,month,2022-10-01,2022-10-01,2022,10,2023,2022,active,23.095565289412345,23.15117533200916,3.394015384,25.68790054,2023.0,0
Namibia,NAM,2017,12895153371.0,21.748,92000000.0,2.9,,205.8,1499.4,36.83739853,6.145799811,13.3129,52.02257557,True,Namibia Digital Nomad Visa,2022-10,2022-10,month,month,2022-10-01,2022-10-01,2022,10,2023,2022,active,23.280117370043808,23.095565289412345,6.728582346,31.0333004,2023.0,0
Namibia,NAM,2018,13682019076.0,19.877,69000000.0,1.9,,191.6,1557.3,42.8207016,4.291591053,13.23394167,53.87406859,True,Namibia Digital Nomad Visa,2022-10,2022-10,month,month,2022-10-01,2022-10-01,2022,10,2023,2022,active,23.339348331524853,23.280117370043808,6.145799811,36.83739853,2023.0,0
Namibia,NAM,2019,12541928303.0,19.929,118000000.0,2.0,,197.1,1596.0,49.77590179,3.722394144,14.44869042,49.24218892,True,Namibia Digital Nomad Visa,2022-10,2022-10,month,month,2022-10-01,2022-10-01,2022,10,2023,2022,active,23.252343132498517,23.339348331524853,4.291591053,42.8207016,2023.0,0
Namibia,NAM,2020,10583748542.0,21.003,77000000.0,5.6,,33.04,169.5,57.8608017,2.209382369,16.46326667,41.46392303,True,Namibia Digital Nomad Visa,2022-10,2022-10,month,month,2022-10-01,2022-10-01,2022,10,2023,2022,active,23.082585505162395,23.252343132498517,3.722394144,49.77590179,2023.0,0
Namibia,NAM,2021,12402486184.0,20.931,,2.0,,66.347,232.7,60.25999832,3.616905301,14.778675,45.45051431,True,Namibia Digital Nomad Visa,2022-10,2022-10,month,month,2022-10-01,2022-10-01,2022,10,2023,2022,active,23.2411627881699,23.082585505162395,2.209382369,57.8608017,2023.0,0
Namibia,NAM,2022,12569449123.0,19.615,,6.9,,70.124,461.0,62.99720001,6.081281141,16.35585833,40.80099652,True,Namibia Digital Nomad Visa,2022-10,2022-10,month,month,2022-10-01,2022-10-01,2022,10,2023,2022,active,23.254535033846786,23.2411627881699,3.616905301,60.25999832,2023.0,0
Namibia,NAM,2023,12408271449.0,19.154,,,36820.0,136.0,,63.69549942,5.879934633,18.44630833,37.57168798,True,Namibia Digital Nomad Visa,2022-10,2022-10,month,month,2022-10-01,2022-10-01,2022,10,2023,2022,active,23.241629139515588,23.254535033846786,6.081281141,62.99720001,2023.0,1
New Caledonia,NCL,2010,9364350077.0,13.998,343000000.0,,,19.0,99.0,42.0,,90.01297411,,False,,,,missing,missing,,,,,,,,22.960175771288476,,,,,0
New Caledonia,NCL,2011,10351448005.0,13.988,356000000.0,,8151.010128,20.0,112.0,50.0,2.428996938,85.72955183,,False,,,,missing,missing,,,,,,,,23.06039225073689,22.960175771288476,,42.0,,0
New Caledonia,NCL,2012,9659151917.0,14.116,336000000.0,,8350.181764,18.0,112.0,58.0,1.749672346,92.88041108,,False,,,,missing,missing,,,,,,,,22.99117168804556,23.06039225073689,2.428996938,50.0,,0
New Caledonia,NCL,2013,10151382933.0,14.39,333000000.0,,8124.659524,18.0,108.3,66.0,1.27761319,89.8502215,,False,,,,missing,missing,,,,,,,,23.04087578270973,22.99117168804556,1.749672346,58.0,,0
New Caledonia,NCL,2014,10635035595.0,14.59,328000000.0,,8162.244643,15.0,107.4,70.0,0.178851061,89.82433538,,False,,,,missing,missing,,,,,,,,23.08741963256057,23.04087578270973,1.27761319,66.0,,0
New Caledonia,NCL,2015,8738203074.0,13.621,253000000.0,,8346.251299,15.0,114.0,74.00175279,0.570508141,107.5532344,,False,,,,missing,missing,,,,,,,,22.8909704075352,23.08741963256057,0.178851061,70.0,,0
New Caledonia,NCL,2016,8724568955.0,12.679,252000000.0,,8256.683171,13.5,115.6,,0.578317436,107.8068158,,False,,,,missing,missing,,,,,,,,22.889408900376118,22.8909704075352,0.570508141,74.00175279,,0
New Caledonia,NCL,2017,9174048682.0,11.676,,,8325.645851,13.8,120.7,82.0058408,,105.6330782,,False,,,,missing,missing,,,,,,,,22.939644539625732,22.889408900376118,0.578317436,,,0
New Caledonia,NCL,2018,9896402284.0,11.702,,,8431.719432,13.9,120.3,,,101.0468219,,False,,,,missing,missing,,,,,,,,23.01543712238255,22.939644539625732,,82.0058408,,0
New Caledonia,NCL,2019,9475655325.0,10.88,,,8482.530236,17.1,130.7,,,106.5889338,,False,,,,missing,missing,,,,,,,,22.971991749111602,23.01543712238255,,,,0
New Caledonia,NCL,2020,9454629468.0,13.558,,,7802.200397,2.575,31.0,,,104.7106082,,False,,,,missing,missing,,,,,,,,22.969770349288392,22.971991749111602,,,,0
New Caledonia,NCL,2021,10071349664.0,11.574,,,7669.119048,3.164,12.4,,,100.8802226,,False,,,,missing,missing,,,,,,,,23.032960562898488,22.969770349288392,,,,0
New Caledonia,NCL,2022,9623318718.0,10.71,,,8054.262202,7.69,78.8,,,113.4743672,,False,,,,missing,missing,,,,,,,,22.987455023212817,23.032960562898488,,,,0
New Caledonia,NCL,2023,9769167530.0,10.922,,,8503.900298,10.77,,,,110.3471713,,False,,,,missing,missing,,,,,,,,23.002497092615428,22.987455023212817,,,,0
New Caledonia,NCL,2024,8548919387.0,10.991,,,7359.372024,5.92,,,,110.3063389,,False,,,,missing,missing,,,,,,,,22.86907072442213,23.002497092615428,,,,0
Niger,NER,2010,7851192502.0,0.718,95000000.0,,,38.0,74.0,0.829999983,0.804073081,494.7942622,44.86248287,False,,,,missing,missing,,,,,,,,22.78393126828621,,,,,0
Niger,NER,2011,8772950778.0,0.316,57000000.0,,,42.0,82.0,0.9,2.94238514,471.2486257,47.98481409,False,,,,missing,missing,,,,,,,,22.894939049453413,22.78393126828621,0.804073081,0.829999983,,0
Niger,NER,2012,9426912648.0,2.177,132000000.0,,,48.0,94.0,1.049999952,0.45508982,510.5563385,45.49105447,False,,,,missing,missing,,,,,,,,22.966834483167073,22.894939049453413,2.94238514,0.9,,0
Niger,NER,2013,10224897438.0,1.401,81000000.0,,,62.6,123.3,1.149999976,2.29723115,493.8996239,48.52507972,False,,,,missing,missing,,,,,,,,23.048091508311522,22.966834483167073,0.45508982,1.049999952,,0
Niger,NER,2014,10862943544.0,0.524,129000000.0,,,67.3,134.6,1.248675689,-0.93028726,493.7573299,48.67800321,False,,,,missing,missing,,,,,,,,23.108623159293476,23.048091508311522,2.29723115,1.149999976,,0
Niger,NER,2015,9683867926.0,0.556,140000000.0,,,67.3,134.6,2.476200104,-0.57609037,591.211698,41.43200621,False,,,,missing,missing,,,,,,,,22.993727237556648,23.108623159293476,-0.93028726,1.248675689,,0
Niger,NER,2016,10398861982.0,0.55,110000000.0,,,76.2,152.4,4.322800159,1.653889224,592.6056151,42.29552612,False,,,,missing,missing,,,,,,,,23.064962212298713,22.993727237556648,-0.57609037,2.476200104,,0
Niger,NER,2017,11185104252.0,0.556,120000000.0,,,82.2,164.4,10.22431156,2.796373189,580.6567496,43.19048253,False,,,,missing,missing,,,,,,,,23.13784875254243,23.064962212298713,1.653889224,4.322800159,,0
Niger,NER,2018,12837307497.0,0.536,141000000.0,,,78.6,157.1,10.74180031,2.96760366,555.4464584,45.34244907,False,,,,missing,missing,,,,,,,,23.275621416723514,23.13784875254243,2.796373189,10.22431156,,0
Niger,NER,2019,12889555561.0,0.531,144500000.0,,,96.1,192.2,11.28549957,-2.489792651,585.9110132,39.57891414,False,,,,missing,missing,,,,,,,,23.279683173939233,23.275621416723514,2.96760366,10.74180031,,0
Niger,NER,2020,13744653103.0,0.591,,,,42.7,85.4,11.85680008,2.89819376,575.5860045,38.71589563,False,,,,missing,missing,,,,,,,,23.343915720194936,23.279683173939233,-2.489792651,11.28549957,,0
Nigeria,NGA,2010,366990000000.0,3.744,8348000000.0,4.38,,,,11.5,13.74005214,150.2975,49.2167626,False,,,,missing,missing,,,,,,,,26.628600436673345,,,,,0
Nigeria,NGA,2011,414467000000.0,3.77,9533000000.0,4.38,,,,13.80000019,10.82613719,153.8625,51.71518592,False,,,,missing,missing,,,,,,,,26.750259194359636,26.628600436673345,13.74005214,11.5,,0
Nigeria,NGA,2012,463971000000.0,3.761,9240000000.0,4.5,,,,16.10000038,12.2242413,157.5,55.58661624,False,,,,missing,missing,,,,,,,,26.86308788721946,26.750259194359636,10.82613719,13.80000019,,0
Nigeria,NGA,2013,520117000000.0,3.711,9152000000.0,5.01,,,,19.10000038,8.495518383,157.3116667,57.75864205,False,,,,missing,missing,,,,,,,,26.97731962321318,26.86308788721946,12.2242413,16.10000038,,0
Nigeria,NGA,2014,574184000000.0,3.9,9204000000.0,5.24,,,,21.0,8.04741088,158.5526417,58.80869272,False,,,,missing,missing,,,,,,,,27.076215739389692,26.97731962321318,8.495518383,19.10000038,,0
Nigeria,NGA,2015,493027000000.0,4.134,9017000000.0,5.56,,,,22.51420021,9.00943498,192.4403333,49.82669893,False,,,,missing,missing,,,,,,,,26.923829776223737,27.076215739389692,8.04741088,21.0,,0
Nigeria,NGA,2016,404649000000.0,4.499,4524000000.0,5.7,,,,24.13750076,15.69681264,253.492,41.22412082,False,,,,missing,missing,,,,,,,,26.7262858616136,26.923829776223737,9.00943498,22.51420021,,0
Nigeria,NGA,2017,375746000000.0,4.83,8194000000.0,5.46,,,,25.87789917,16.50226621,305.7901092,37.55012609,False,,,,missing,missing,,,,,,,,26.652179220146916,26.7262858616136,15.69681264,24.13750076,,0
Nigeria,NGA,2018,421739000000.0,5.069,13218000000.0,5.44,,,,27.74370003,12.09510652,306.0836882,40.48415658,False,,,,missing,missing,,,,,,,,26.76765247623034,26.652179220146916,16.50226621,25.87789917,,0
Nigeria,NGA,2019,668220000000.0,5.206,16406000000.0,5.58,,,,29.74410057,11.39642234,306.9209515,42.24137885,False,,,,missing,missing,,,,,,,,27.227883297579474,26.76765247623034,12.09510652,27.74370003,,0
Nigeria,NGA,2020,598587000000.0,5.714,6613000000.0,4.29,,,,31.88879967,13.24602343,358.8107973,37.72447037,False,,,,missing,missing,,,,,,,,27.117837714788724,27.227883297579474,11.39642234,29.74410057,,0
Nigeria,NGA,2022,646950000000.0,3.827,,,4461233.49,,,39.14720154,18.84718778,425.9791581,34.91432432,False,,,,missing,missing,,,,,,,,27.195534848708373,27.117837714788724,13.24602343,31.88879967,,0
Nigeria,NGA,2023,487388000000.0,3.074,,,5164321.338,,,40.06399918,24.6595502,645.1940679,24.55051325,False,,,,missing,missing,,,,,,,,26.91232635739947,27.195534848708373,18.84718778,39.14720154,,0
Nicaragua,NIC,2010,8758602233.0,7.83,225000000.0,,,136.0,1011.2,10.0,5.455134259,21.35644868,37.76555458,False,,,,missing,missing,,,,,,,,22.893302166720346,,,,,0
Nicaragua,NIC,2011,9774329333.0,6.613,240000000.0,,,124.0,1060.4,10.6,8.082387981,22.42427062,38.83987349,False,,,,missing,missing,,,,,,,,23.003025330029253,22.893302166720346,5.455134259,10.0,,0
Nicaragua,NIC,2012,10532017232.0,5.208,241000000.0,,,225.3,1179.6,13.5,7.193550533,23.54666353,39.59008241,False,,,,missing,missing,,,,,,,,23.077685714735612,23.003025330029253,8.082387981,10.6,,0
Nicaragua,NIC,2013,10982988249.0,5.28,277000000.0,,,269.3,1229.4,15.5,7.135467853,24.72276417,38.96426581,False,,,,missing,missing,,,,,,,,23.119613389825798,23.077685714735612,7.193550533,13.5,,0
Nicaragua,NIC,2014,11880438824.0,4.52,286000000.0,,,286.0,1329.6,17.60000038,6.035968618,25.95890037,38.64381374,False,,,,missing,missing,,,,,,,,23.198159088245855,23.119613389825798,7.135467853,15.5,,0
Nicaragua,NIC,2015,12756696261.0,4.7,273000000.0,,,284.2,1386.4,19.70429993,3.997379967,27.25684494,38.07115478,False,,,,missing,missing,,,,,,,,23.269322167624377,23.198159088245855,6.035968618,17.60000038,,0
Nicaragua,NIC,2016,13286093388.0,3.9,310000000.0,,,297.9,1504.4,24.57180023,3.523173176,28.62096241,36.23859659,False,,,,missing,missing,,,,,,,,23.309983715217896,23.269322167624377,3.997379967,19.70429993,,0
Nicaragua,NIC,2017,13785893007.0,3.3,365000000.0,,,415.5,1787.2,30.39999962,3.850671663,30.05094134,35.06011474,False,,,,missing,missing,,,,,,,,23.346911660390344,23.309983715217896,3.523173176,24.57180023,,0
Nicaragua,NIC,2018,13025221974.0,5.2,349000000.0,,,214.7,1255.6,33.9129982,4.94723728,31.55321233,34.28994527,False,,,,missing,missing,,,,,,,,23.29015346659034,23.346911660390344,3.850671663,30.39999962,,0
Nicaragua,NIC,2019,12699023614.0,5.457,312000000.0,,,221.5,1295.3,39.01079941,5.376289908,33.12174527,32.74677978,False,,,,missing,missing,,,,,,,,23.264790946668075,23.29015346659034,4.94723728,33.9129982,,0
Nicaragua,NIC,2020,12726422432.0,6.18,102000000.0,,,36.6,384.0,44.87490082,3.681813416,34.34212212,30.89604447,False,,,,missing,missing,,,,,,,,23.266946175611245,23.264790946668075,5.376289908,39.01079941,,0
Nicaragua,NIC,2021,14209020362.0,6.076,,,,23.7,222.4,51.62039948,4.928413969,35.17101667,30.03701436,False,,,,missing,missing,,,,,,,,23.37714283663672,23.266946175611245,3.681813416,44.87490082,,0
Nicaragua,NIC,2022,15634572502.0,4.969,,,,70.3,817.9,59.38000107,10.46742445,35.87442114,29.7980107,False,,,,missing,missing,,,,,,,,23.472750485109525,23.37714283663672,4.928413969,51.62039948,,0
Norway,NOR,2008,464918000000.0,2.521,15118000000.0,3.3,,,,90.57,3.753930818,5.64,157.0794504,False,,,,missing,missing,,,,,,,,26.8651268828973,,,,,0
Norway,NOR,2009,387976000000.0,3.1,13221000000.0,3.7,,,,92.08,2.197385869,6.288333333,144.3863683,False,,,,missing,missing,,,,,,,,26.68420931898644,26.8651268828973,3.753930818,90.57,,0
Norway,NOR,2010,431052000000.0,3.527,14658000000.0,3.6,,1064.0,4767.0,93.39,2.418906395,6.044166667,151.4490004,False,,,,missing,missing,,,,,,,,26.789494569424548,26.68420931898644,2.197385869,92.08,,0
Norway,NOR,2011,501361000000.0,3.196,16958000000.0,3.7,,1096.0,4963.0,93.48998265,1.284951588,5.604607307,162.0583834,False,,,,missing,missing,,,,,,,,26.9405922374356,26.789494569424548,2.418906395,93.39,,0
Norway,NOR,2012,512777000000.0,3.129,18131000000.0,3.7,,,,94.64997805,0.696864111,5.8175,155.3431027,False,,,,missing,missing,,,,,,,,26.96310688975293,26.9405922374356,1.284951588,93.48998265,,0
Norway,NOR,2013,526014000000.0,3.425,20116000000.0,3.7,,,,95.0534,2.120486204,5.875,153.6910468,False,,,,missing,missing,,,,,,,,26.988593665299504,26.96310688975293,0.696864111,94.64997805,,0
Norway,NOR,2014,501736000000.0,3.486,20166000000.0,3.7,,,,96.30050982,2.041702867,6.301666667,147.2381592,False,,,,missing,missing,,,,,,,,26.941339921891778,26.988593665299504,2.120486204,95.0534,,0
Norway,NOR,2015,388160000000.0,4.296,16485000000.0,4.0,,,,96.81032569,2.171136654,8.064166667,123.1685357,False,,,,missing,missing,,,,,,,,26.684683462702097,26.941339921891778,2.041702867,96.30050982,,0
Norway,NOR,2016,370957000000.0,4.68,16384000000.0,4.3,,,,97.29820367,3.55,8.4,119.5464286,False,,,,missing,missing,,,,,,,,26.63935198987162,26.684683462702097,2.171136654,96.81032569,,0
Norway,NOR,2017,401745000000.0,4.164,17489000000.0,4.1,,,,96.3576013,1.875100596,8.271666667,117.8701995,False,,,,missing,missing,,,,,,,,26.719083395935872,26.63935198987162,3.55,97.29820367,,0
Norway,NOR,2018,439789000000.0,3.801,18307000000.0,3.8,,,,96.49165799,2.764831345,8.1325,117.8481279,False,,,,missing,missing,,,,,,,,26.809560903385478,26.719083395935872,1.875100596,96.3576013,,0
Norway,NOR,2019,408743000000.0,3.684,17683000000.0,4.0,,,,98.00000439,2.167730033,8.8,107.7403636,False,,,,missing,missing,,,,,,,,26.73635243362897,26.809560903385478,2.764831345,96.49165799,,0
Norway,NOR,2020,367633000000.0,4.424,4230000000.0,3.0,,,,94.60755647,1.286584907,9.415833333,101.8319214,False,,,,missing,missing,,,,,,,,26.630350994889476,26.73635243362897,2.167730033,98.00000439,,0
Norway,NOR,2021,503368000000.0,4.359,,2.5,129000.0,,,99.0000036,3.483880553,8.59,104.5949243,False,,,,missing,missing,,,,,,,,26.94458734988774,26.630350994889476,1.286584907,94.60755647,,0
Norway,NOR,2022,596298000000.0,3.231,,,159000.0,,,98.99997764,5.764123179,9.614166667,87.07459825,False,,,,missing,missing,,,,,,,,27.11400637905341,26.94458734988774,3.483880553,99.0000036,,0
Norway,NOR,2023,482950000000.0,3.574,,,152000.0,,,99.00000258,5.517849871,10.56333333,84.42620069,False,,,,missing,missing,,,,,,,,26.903178965571716,27.11400637905341,5.764123179,98.99997764,,0
Norway,NOR,2024,483593000000.0,4.0,,,155000.0,,,99.0,3.145301344,10.74583333,85.07616596,False,,,,missing,missing,,,,,,,,26.90450948080975,26.903178965571716,5.517849871,99.00000258,,0
Nauru,NRU,2013,94385014.94,,4300000.0,,265.8399048,,,,,1.035843097,106.4753069,False,,,,missing,missing,,,,,,,,18.362892878472824,,,,,0
Nauru,NRU,2021,175390280.7,,,,17.0,,,80.29499817,,1.33122426,105.2368621,False,,,,missing,missing,,,,,,,,18.982524224166358,18.362892878472824,,,,0
New Zealand,NZL,2008,133437000000.0,4.167,3006000000.0,5.7,333903.0,,,72.02999878,3.958949373,1.42272681,104.7802769,False,,,,missing,missing,,,,,,,,25.616895293289733,,,,,0
New Zealand,NZL,2009,121663000000.0,6.121,2580000000.0,5.2,333717.0,,,79.7,2.115651106,1.600877295,91.96833031,False,,,,missing,missing,,,,,,,,25.524520764420362,25.616895293289733,3.958949373,72.02999878,,0
New Zealand,NZL,2010,146888000000.0,6.557,3039000000.0,5.2,314385.0,363.0,2510.5,80.45999908,2.30202386,1.387833828,107.8471334,False,,,,missing,missing,,,,,,,,25.712936228566296,25.524520764420362,2.115651106,79.7,,0
New Zealand,NZL,2011,168485000000.0,6.491,3461000000.0,5.1,304911.0,358.0,2593.5,81.23000336,4.027906674,1.265810697,117.388406,False,,,,missing,missing,,,,,,,,25.850112562004732,25.712936228566296,2.30202386,80.45999908,,0
New Zealand,NZL,2012,176561000000.0,6.931,3715000000.0,5.1,294945.0,353.0,2554.8,81.64447018,1.059913184,1.234283655,121.1732809,False,,,,missing,missing,,,,,,,,25.89693226267586,25.850112562004732,4.027906674,81.23000336,,0
New Zealand,NZL,2013,191012000000.0,5.839,3861000000.0,5.1,290802.0,368.0,2710.0,82.77999878,1.134422664,1.219407974,118.580412,False,,,,missing,missing,,,,,,,,25.975602090244625,25.89693226267586,1.059913184,81.64447018,,0
New Zealand,NZL,2014,201518000000.0,5.428,4108000000.0,5.0,292644.0,378.0,2854.0,84.0,1.227507506,1.205433333,119.5196748,False,,,,missing,missing,,,,,,,,26.029144544368275,25.975602090244625,1.134422664,82.77999878,,0
New Zealand,NZL,2015,178224000000.0,5.415,3721000000.0,5.6,323214.0,399.0,3130.0,85.19999695,0.292704628,1.433975,103.0711135,False,,,,missing,missing,,,,,,,,25.906307023049244,26.029144544368275,1.227507506,84.0,,0
New Zealand,NZL,2016,189100000000.0,5.147,4010000000.0,6.2,354357.0,421.7,3494.3,86.5,0.646240284,1.436525,100.3120725,False,,,,missing,missing,,,,,,,,25.965541812610823,25.906307023049244,0.292704628,85.19999695,,0
New Zealand,NZL,2017,206746000000.0,4.736,4463000000.0,5.8,352122.0,439.1,3723.3,87.69999695,1.850787675,1.407408333,101.6733357,False,,,,missing,missing,,,,,,,,26.05475682362557,25.965541812610823,0.646240284,86.5,,0
New Zealand,NZL,2018,211986000000.0,4.335,4603000000.0,5.8,373506.0,446.4,3857.7,89.0,1.598297038,1.445258333,101.7160715,False,,,,missing,missing,,,,,,,,26.07978607170199,26.05475682362557,1.850787675,87.69999695,,0
New Zealand,NZL,2019,213006000000.0,4.109,,5.6,370878.0,498.6,3888.4,89.86370087,1.619631902,1.517875,94.64949354,False,,,,missing,missing,,,,,,,,26.08458617127318,26.07978607170199,1.598297038,89.0,,0
New Zealand,NZL,2020,213030000000.0,4.595,,5.4,369255.0,101.8,996.3,90.92099762,1.7145617,1.542058333,92.27582182,False,,,,missing,missing,,,,,,,,26.084698837808524,26.08458617127318,1.619631902,89.86370087,,0
New Zealand,NZL,2021,253978000000.0,3.776,,3.3,240246.0,22.4,206.9,91.99060059,3.941120608,1.4138,103.5269486,False,,,,missing,missing,,,,,,,,26.260513486040495,26.084698837808524,1.7145617,90.92099762,,0
New Zealand,NZL,2022,249510000000.0,3.299,,3.1,214578.0,144.1,1433.9,93.07289886,7.17222476,1.577183333,90.86832011,False,,,,missing,missing,,,,,,,,26.242764831495116,26.260513486040495,3.941120608,91.99060059,,0
New Zealand,NZL,2023,255195000000.0,3.734,,4.1,270582.0,,,93.32610321,5.73316283,1.628433333,89.72267824,False,,,,missing,missing,,,,,,,,26.265293795748622,26.242764831495116,7.17222476,93.07289886,,0
New Zealand,NZL,2024,260172000000.0,4.724,,4.4,303420.0,,,93.51930237,2.922797823,1.652308333,88.5979917,False,,,,missing,missing,,,,,,,,26.284608787703366,26.265293795748622,5.73316283,93.32610321,,0
Oman,OMN,2008,69804681404.0,4.142,1197000000.0,2.34607,,,,20.0,12.37540915,0.3845,50.29557391,False,,,,missing,missing,,,,,,,,24.968966913290938,,,,,0
Oman,OMN,2009,55454096229.0,3.977,1295000000.0,2.64871,,,,26.79999924,3.468810238,0.3845,37.46937572,False,,,,missing,missing,,,,,,,,24.738821420494062,24.968966913290938,12.37540915,20.0,,0
Oman,OMN,2010,64993498049.0,3.911,1243000000.0,2.41562,,229.218,1499.962,35.8278,3.256579591,0.3845,42.34103029,False,,,,missing,missing,,,,,,,,24.897553071823328,24.738821420494062,3.468810238,26.79999924,,0
Oman,OMN,2011,77497529259.0,3.95,1493000000.0,2.11529,,230.0507887,1392.715824,48.0,4.042188671,0.3845,48.07485096,False,,,,missing,missing,,,,,,,,25.073511892268485,24.897553071823328,3.256579591,35.8278,,0
Oman,OMN,2012,87408842653.0,3.753,1644000000.0,2.16009,,320.8464485,1713.521125,60.0,2.947734953,0.3845,49.29500438,False,,,,missing,missing,,,,,,,,25.193862289009555,25.073511892268485,4.042188671,48.0,,0
Oman,OMN,2013,89936020806.0,3.553,1824000000.0,2.25063,,360.3605642,1922.72019,66.45,1.053548203,0.3845,49.89638468,False,,,,missing,missing,,,,,,,,25.22236437454839,25.193862289009555,2.947734953,60.0,,0
Oman,OMN,2014,92699089727.0,3.453,2081000000.0,2.26724,,403.7351376,2225.440765,70.22000122,1.014014839,0.3845,52.35721433,False,,,,missing,missing,,,,,,,,25.252624489912296,25.22236437454839,1.053548203,66.45,,0
Oman,OMN,2015,78710793238.0,3.403,2208000000.0,2.70296,,483.7565407,2633.595176,73.52999878,0.065290133,0.3845,52.16102082,False,,,,missing,missing,,,,,,,,25.089046127032454,25.252624489912296,1.014014839,70.22000122,,0
Oman,OMN,2016,75128738622.0,3.266,2643000000.0,2.74429,,560.1789195,3206.887695,76.84539047,1.109208058,0.3845,51.3297527,False,,,,missing,missing,,,,,,,,25.04246899391461,25.089046127032454,0.065290133,73.52999878,,0
Oman,OMN,2017,80856697009.0,2.523,2915000000.0,2.65654,,547.1664486,3178.21765,80.18560028,1.589094136,0.3845,53.00515107,False,,,,missing,missing,,,,,,,,25.11594425205611,25.04246899391461,1.109208058,76.84539047,,0
Oman,OMN,2018,91505851756.0,1.8,3210000000.0,2.66233,,349.6226961,3241.757117,85.5,0.889312371,0.3845,52.67757356,False,,,,missing,missing,,,,,,,,25.239668760800427,25.11594425205611,1.589094136,80.18560028,,0
Oman,OMN,2019,88060858257.0,2.045,3406000000.0,2.89567,,411.3,3506.4,90.25939941,0.490815363,0.3845,51.48958865,False,,,,missing,missing,,,,,,,,25.20129398350179,25.239668760800427,0.889312371,85.5,,0
Oman,OMN,2020,75909492848.0,2.94,1236000000.0,1.64622,119803.0,99.4,868.6,95.23229321,-0.406402919,0.3845,47.73399997,False,,,,missing,missing,,,,,,,,25.05280758398847,25.20129398350179,0.490815363,90.25939941,,0
Oman,OMN,2021,87323797139.0,1.9,,1.57355,125211.0,78.3,651.7,95.23880005,1.682211859,0.3845,50.11294226,False,,,,missing,missing,,,,,,,,25.192888853012516,25.05280758398847,-0.406402919,95.23229321,,0
Oman,OMN,2022,109853000000.0,3.3,,1.98619,146351.0,308.2,2920.4,95.24530029,2.506142506,0.3845,54.50319476,False,,,,missing,missing,,,,,,,,25.422408945372258,25.192888853012516,1.682211859,95.23880005,,0
Oman,OMN,2023,106175000000.0,3.176,,2.46222,152083.0,,,95.25170135,0.950782998,0.3845,50.09037643,False,,,,missing,missing,,,,,,,,25.388354513145746,25.422408945372258,2.506142506,95.24530029,,0
Oman,OMN,2024,107137000000.0,3.203,,2.65796,163111.0,,,95.25174678,0.593589236,0.3845,48.5283415,False,,,,missing,missing,,,,,,,,25.39737422626051,25.388354513145746,0.950782998,95.25170135,,0
Pakistan,PAK,2010,196710000000.0,0.653,1370000000.0,,,313.0,907.0,8.0,12.93887056,85.19381633,26.07983398,False,,,,missing,missing,,,,,,,,26.00499639989005,,,,,0
Pakistan,PAK,2011,230587000000.0,0.796,1857000000.0,,,368.0,1161.0,8.0,11.91609271,86.34338333,29.17145554,False,,,,missing,missing,,,,,,,,26.163894068517497,26.00499639989005,12.93887056,8.0,,0
Pakistan,PAK,2012,250107000000.0,3.667,1851000000.0,,,333.0,966.0,8.100000381,9.682351861,93.39519722,29.76239819,False,,,,missing,missing,,,,,,,,26.245154663242783,26.163894068517497,11.91609271,8.0,,0
Pakistan,PAK,2015,299964000000.0,3.566,2642000000.0,,3096599.0,,,11.0,2.529328173,102.7692716,30.81225738,False,,,,missing,missing,,,,,,,,26.426928304402036,26.245154663242783,9.682351861,8.100000381,,0
Pakistan,PAK,2018,356128000000.0,4.083,2959000000.0,,3856279.0,,,15.34000015,5.078057259,121.8240689,31.51677912,False,,,,missing,missing,,,,,,,,26.598556053737425,26.426928304402036,2.529328173,11.0,,0
Pakistan,PAK,2019,320909000000.0,4.83,2998000000.0,,4077348.0,,,17.07090172,10.57803057,150.0362538,27.60114186,False,,,,missing,missing,,,,,,,,26.494423430789222,26.598556053737425,5.078057259,15.34000015,,0
Pakistan,PAK,2021,348517000000.0,6.338,,,4336387.0,,,,9.496415773,162.9062537,27.11468279,False,,,,missing,missing,,,,,,,,26.576952846445064,26.494423430789222,10.57803057,17.07090172,,0
Panama,PAN,2008,25721327955.0,5.639,560000000.0,8.8,,,,33.82,8.758683177,1.0,49.96535129,False,,,,missing,missing,,,,,,,,23.970586366203825,,,,,0
Panama,PAN,2009,27791215547.0,5.857,503000000.0,8.4,,,,39.08,2.409053041,1.0,52.80417517,False,,,,missing,missing,,,,,,,,24.04798582019044,23.970586366203825,8.758683177,33.82,,0
Panama,PAN,2010,30231009533.0,5.845,575000000.0,8.9,,422.0,1096.0,40.1,3.491288726,1.0,53.50086433,False,,,,missing,missing,,,,,,,,24.132134040251294,24.04798582019044,2.409053041,39.08,,0
Panama,PAN,2011,35687738252.0,4.03,679000000.0,10.4,,465.0,1209.0,42.7,5.875802437,1.0,55.29601574,False,,,,missing,missing,,,,,,,,24.298073000403402,24.132134040251294,3.491288726,40.1,,0
Panama,PAN,2012,41595439721.0,3.691,591000000.0,11.3,,519.0,1349.0,40.30189522,5.698199592,1.0,56.82053853,False,,,,missing,missing,,,,,,,,24.451256376113342,24.298073000403402,5.875802437,42.7,,0
Panama,PAN,2013,46949496479.0,3.674,1078000000.0,11.9,,160.0,1527.0,44.03,4.027159916,1.0,55.98204886,False,,,,missing,missing,,,,,,,,24.572338317921236,24.451256376113342,5.698199592,40.30189522,,0
Panama,PAN,2014,51427104882.0,4.391,1147000000.0,11.5,,179.0,1610.0,44.92381526,2.626526999,1.0,54.20559209,False,,,,missing,missing,,,,,,,,24.663431202751326,24.572338317921236,4.027159916,44.03,,0
Panama,PAN,2015,55767806073.0,4.335,1272000000.0,10.6,,84.0,1941.0,51.20542499,0.137492058,1.0,51.68842252,False,,,,missing,missing,,,,,,,,24.744462587735995,24.663431202751326,2.626526999,44.92381526,,0
Panama,PAN,2016,59760858718.0,4.717,1351000000.0,10.8,,68.1,1857.2,54.0,0.739734025,1.0,48.98934438,False,,,,missing,missing,,,,,,,,24.813616747112178,24.744462587735995,0.137492058,51.20542499,,0
Panama,PAN,2017,64327688826.0,5.338,1132000000.0,10.9,,226.5,1750.8,59.9506309,0.875585919,1.0,46.80308104,False,,,,missing,missing,,,,,,,,24.887255994877986,24.813616747112178,0.739734025,54.0,,0
Panama,PAN,2018,67316471181.0,5.161,1395000000.0,10.6,,223.0,1756.0,61.80553132,0.761578359,1.0,49.75220561,False,,,,missing,missing,,,,,,,,24.932670786312226,24.887255994877986,0.875585919,59.9506309,,0
Panama,PAN,2019,69778991193.0,6.256,1623000000.0,10.1,,224.7,1755.1,63.62841477,-0.355083821,1.0,49.5729208,False,,,,missing,missing,,,,,,,,24.96859881563579,24.932670786312226,0.761578359,61.80553132,,0
Panama,PAN,2020,57059846522.0,14.663,601000000.0,3.2,,34.1,421.4,64.82430267,-1.550275408,1.0,49.19331968,False,,,,missing,missing,,,,,,,,24.76736649296299,24.96859881563579,-0.355083821,63.62841477,,0
Panama,PAN,2021,67396392506.0,10.177,,5.4,,39.8,665.4,66.04270172,1.630703373,1.0,50.14038682,False,,,,missing,missing,,,,,,,,24.93385732978238,24.76736649296299,-1.550275408,64.82430267,,0
Panama,PAN,2022,76479304471.0,8.086,,10.0,,279.7,1520.2,67.2838974,2.859651288,1.0,47.83885813,False,,,,missing,missing,,,,,,,,25.060286011388268,24.93385732978238,1.630703373,66.04270172,,0
Panama,PAN,2023,83812155244.0,6.544,,10.8,116466.0,,,68.54851592,1.486413553,1.0,47.17433986,False,,,,missing,missing,,,,,,,,25.151843884560012,25.060286011388268,2.859651288,67.2838974,,0
Panama,PAN,2024,86523959132.0,8.451,,,118177.0,,,72.77149963,0.693225551,1.0,46.25017093,False,,,,missing,missing,,,,,,,,25.18368719671618,25.151843884560012,1.486413553,68.54851592,,0
Peru,PER,2008,120551000000.0,4.03,1432000000.0,,1739620.0,,,30.57,5.785875982,2.924408333,47.59091032,False,Digital Nomad Visa,11/14/23,,day,missing,2023-11-14,,,,,,Announced in legislation but inactive in practice (not added to TUPA procedures manual),25.515338736852332,,,,,0
Peru,PER,2009,120823000000.0,3.96,1404000000.0,,1762749.0,,,31.4,2.936231536,3.011508333,46.89219586,False,Digital Nomad Visa,11/14/23,,day,missing,2023-11-14,,,,,,Announced in legislation but inactive in practice (not added to TUPA procedures manual),25.517592501674844,25.515338736852332,5.785875982,30.57,,0
Peru,PER,2010,147528000000.0,3.6,1648000000.0,,1879611.0,59.4,2299.2,34.77,1.528320597,2.825125,52.21793132,False,Digital Nomad Visa,11/14/23,,day,missing,2023-11-14,,,,,,Announced in legislation but inactive in practice (not added to TUPA procedures manual),25.71728382521923,25.517592501674844,2.936231536,31.4,,0
Peru,PER,2011,171762000000.0,3.477,1768000000.0,3.55004,1947071.0,67.2,2597.8,36.01,3.369310953,2.7541,56.02212449,False,Digital Nomad Visa,11/14/23,,day,missing,2023-11-14,,,,,,Announced in legislation but inactive in practice (not added to TUPA procedures manual),25.869375634603777,25.71728382521923,1.528320597,34.77,,0
Peru,PER,2012,192650000000.0,3.238,1900000000.0,3.61261,1916271.0,73.6,2845.7,38.2,3.611212949,2.637586418,60.60505973,False,Digital Nomad Visa,11/14/23,,day,missing,2023-11-14,,,,,,Announced in legislation but inactive in practice (not added to TUPA procedures manual),25.984140908018578,25.869375634603777,3.369310953,36.01,,0
Peru,PER,2013,201176000000.0,3.575,2105000000.0,3.7077,2000089.0,81.8,3163.6,39.2,2.767896661,2.701899026,59.75614496,False,Digital Nomad Visa,11/14/23,,day,missing,2023-11-14,,,,,,Announced in legislation but inactive in practice (not added to TUPA procedures manual),26.027445983762824,25.984140908018578,3.611212949,38.2,,0
Peru,PER,2014,200786000000.0,3.208,2118000000.0,3.7845,2058263.0,83.1,3214.9,40.24465601,3.411945798,2.839044138,57.88579827,False,Digital Nomad Visa,11/14/23,,day,missing,2023-11-14,,,,,,Announced in legislation but inactive in practice (not added to TUPA procedures manual),26.02550550121782,26.027445983762824,2.767896661,39.2,,0
Peru,PER,2015,189803000000.0,3.272,2539000000.0,3.86195,2159172.0,89.3,3455.7,40.85260091,3.398091947,3.184439242,53.71985684,False,Digital Nomad Visa,11/14/23,,day,missing,2023-11-14,,,,,,Announced in legislation but inactive in practice (not added to TUPA procedures manual),25.96925252910902,26.02550550121782,3.411945798,40.24465601,,0
Peru,PER,2016,191898000000.0,3.741,2700000000.0,3.85807,2171961.0,96.8,3744.4,45.46174069,3.557176636,3.375061587,51.52291273,False,Digital Nomad Visa,11/14/23,,day,missing,2023-11-14,,,,,,Announced in legislation but inactive in practice (not added to TUPA procedures manual),25.980229817810915,25.96925252910902,3.398091947,40.85260091,,0
Peru,PER,2017,211008000000.0,3.691,2893000000.0,3.85993,2318510.0,108.3,4032.4,50.45041218,2.994900458,3.260488491,53.49621838,False,Digital Nomad Visa,11/14/23,,day,missing,2023-11-14,,,,,,Announced in legislation but inactive in practice (not added to TUPA procedures manual),26.075161884395676,25.980229817810915,3.557176636,45.46174069,,0
Peru,PER,2018,222597000000.0,3.492,3353000000.0,3.86024,2449356.0,115.49,4419.49,55.05433424,1.50915423,3.286602698,53.35959041,False,Digital Nomad Visa,11/14/23,,day,missing,2023-11-14,,,,,,Announced in legislation but inactive in practice (not added to TUPA procedures manual),26.12862879860809,26.075161884395676,2.994900458,50.45041218,,0
Peru,PER,2019,228346000000.0,3.379,3627399902.0,3.86307,2436760.0,114.2,4371.7,59.9505036,2.252121914,3.337265547,51.8818055,False,Digital Nomad Visa,11/14/23,,day,missing,2023-11-14,,,,,,Announced in legislation but inactive in practice (not added to TUPA procedures manual),26.15412785945443,26.12862879860809,1.50915423,55.05433424,,0
Peru,PER,2020,201410000000.0,7.179,938000000.0,1.51893,697000.0,23.5,896.6,65.25179796,2.002412058,3.494941198,48.81936805,False,Digital Nomad Visa,11/14/23,,day,missing,2023-11-14,,,,,,Announced in legislation but inactive in practice (not added to TUPA procedures manual),26.0286084684312,26.15412785945443,2.252121914,59.9505036,,0
Peru,PER,2021,226329000000.0,5.097,,1.67555,833560.0,11.3,444.3,71.10782643,4.271663815,3.880554131,44.67248898,False,Digital Nomad Visa,11/14/23,,day,missing,2023-11-14,,,,,,Announced in legislation but inactive in practice (not added to TUPA procedures manual),26.145255529851063,26.0286084684312,2.002412058,65.25179796,,0
Peru,PER,2022,246066000000.0,4.291,,2.25918,1008426.0,58.6,2009.3,74.67495213,8.333706301,3.835181375,44.10388061,False,Digital Nomad Visa,11/14/23,,day,missing,2023-11-14,,,,,,Announced in legislation but inactive in practice (not added to TUPA procedures manual),26.228865629577655,26.145255529851063,4.271663815,71.10782643,,0
Peru,PER,2023,266959000000.0,4.899,,2.5266,1156083.0,,,79.48484477,6.455613484,3.74382621,46.46899991,False,Digital Nomad Visa,11/14/23,,day,missing,2023-11-14,,,,,,Announced in legislation but inactive in practice (not added to TUPA procedures manual),26.31036092550298,26.228865629577655,8.333706301,74.67495213,,0
Peru,PER,2024,289222000000.0,5.199,,2.8679,1312117.0,,,81.95705992,2.007707394,3.7525,47.6812399,False,Digital Nomad Visa,11/14/23,,day,missing,2023-11-14,,,,,,Announced in legislation but inactive in practice (not added to TUPA procedures manual),26.390460396260245,26.31036092550298,6.455613484,79.48484477,,0
Palau,PLW,2008,201067733.8,,19100000.38,17.47299,,,,,11.96557468,1.0,75.53411417,False,,,,missing,missing,,,,,,,,19.11915239333657,,,,,0
Palau,PLW,2009,189854705.8,,16100000.38,17.89294,,,,,1.438135383,1.0,73.99949337,False,,,,missing,missing,,,,,,,,19.06176963127195,19.11915239333657,11.96557468,,,0
Palau,PLW,2010,188042373.7,,15199999.81,18.6892,,3.0,85.0,,1.442190174,1.0,75.49209479,False,,,,missing,missing,,,,,,,,19.052177887418534,19.06176963127195,1.438135383,,,0
Palau,PLW,2011,198742370.6,,17000000.0,21.52718,,3.0,109.0,,4.674698795,1.0,74.92375033,False,,,,missing,missing,,,,,,,,19.10751992384368,19.052177887418534,1.442190174,,,0
Palau,PLW,2012,215616882.3,,19399999.62,23.51177,,3.0,119.0,,3.614180479,1.0,79.36704503,False,,,,missing,missing,,,,,,,,19.189013697736872,19.10751992384368,4.674698795,,,0
Palau,PLW,2013,224110611.0,,18500000.0,24.82607,,3.0,105.0,,3.354810042,1.0,83.31371657,False,,,,missing,missing,,,,,,,,19.227650287047798,19.189013697736872,3.614180479,,,0
Palau,PLW,2014,245591095.0,,17200000.76,25.70048,,2.0,141.0,,4.191745486,1.0,85.23691817,False,,,,missing,missing,,,,,,,,19.319178495436596,19.227650287047798,3.354810042,,,0
Palau,PLW,2015,287057525.6,,21899999.62,26.39814,,1.6,162.0,,0.949040644,1.0,89.76313189,False,,,,missing,missing,,,,,,,,19.475193191269618,19.319178495436596,4.191745486,,,0
Palau,PLW,2016,305227020.3,,23799999.24,24.65382,,,138.0,,-1.042305334,1.0,93.6679465,False,,,,missing,missing,,,,,,,,19.536566386548806,19.475193191269618,0.949040644,,,0
Palau,PLW,2017,292148590.1,,23299999.24,21.92255,,,123.0,,1.417988197,1.0,91.0888877,False,,,,missing,missing,,,,,,,,19.4927731010075,19.536566386548806,-1.042305334,,,0
Palau,PLW,2018,287998352.1,,,19.97486,,,106.0,,2.109704641,1.0,88.8810403,False,,,,missing,missing,,,,,,,,19.47846531620885,19.4927731010075,1.417988197,,,0
Palau,PLW,2019,282041290.3,,,18.1375,,,94.0,,0.267379679,1.0,85.27808405,False,,,,missing,missing,,,,,,,,19.457564037687643,19.47846531620885,2.109704641,,,0
Palau,PLW,2020,261688507.1,,,9.75938,1723.0,,18.0,,0.218181818,1.0,82.23191464,False,,,,missing,missing,,,,,,,,19.382665450219633,19.457564037687643,0.267379679,,,0
Papua New Guinea,PNG,2010,14250786675.0,2.002,138000000.0,,,104.0,145.0,1.28,6.013608936,2.719294167,66.84414369,False,,,,missing,missing,,,,,,,,23.380077947400473,,,,,0
Papua New Guinea,PNG,2011,17985138066.0,2.62,186000000.0,,,120.0,165.0,2.0,4.44083401,2.370969949,78.40813693,False,,,,missing,missing,,,,,,,,23.61281159079514,23.380077947400473,6.013608936,1.28,,0
Papua New Guinea,PNG,2012,21295168666.0,2.634,203000000.0,,,128.0,175.3,3.5,4.537205082,2.083648339,87.08568309,False,,,,missing,missing,,,,,,,,23.781746060741032,23.61281159079514,4.44083401,2.0,,0
Papua New Guinea,PNG,2013,21261338065.0,2.698,214000000.0,,,132.0,182.3,5.099999905,4.96031746,2.24451,82.34278917,False,,,,missing,missing,,,,,,,,23.780156146026446,23.781746060741032,4.537205082,3.5,,0
Papua New Guinea,PNG,2014,23210823987.0,2.54,168000000.0,,,129.9,191.4,6.5,5.222117202,2.461385,77.81504739,False,,,,missing,missing,,,,,,,,23.867884557981313,23.780156146026446,4.96031746,5.099999905,,0
Papua New Guinea,PNG,2015,21723437010.0,2.507,135000000.0,,,127.2,198.7,7.900000095,5.995957781,2.768411667,67.70499298,False,,,,missing,missing,,,,,,,,23.801657561205953,23.867884557981313,5.222117202,6.5,,0
Papua New Guinea,PNG,2016,20758876953.0,2.478,126599998.5,,,126.5,197.7,9.601499557,6.673728814,3.133029302,60.75454426,False,,,,missing,missing,,,,,,,,23.75623979710452,23.801657561205953,5.995957781,7.900000095,,0
Papua New Guinea,PNG,2017,22742699138.0,2.58,168600006.1,,,102.4,181.8,11.20919991,5.42204568,3.188788383,63.15719333,False,,,,missing,missing,,,,,,,,23.8475100138275,23.75623979710452,6.673728814,9.601499557,,0
Papua New Guinea,PNG,2018,24109780708.0,2.65,134000000.0,,,100.8,194.8,12.35789967,4.374489215,3.293463081,65.63743351,False,,,,missing,missing,,,,,,,,23.90588343361907,23.8475100138275,5.42204568,11.20919991,,0
Papua New Guinea,PNG,2019,24750626030.0,2.651,,,,117.0,211.0,13.62419987,3.928672909,3.387537681,63.44535678,False,,,,missing,missing,,,,,,,,23.932116619782633,23.90588343361907,4.374489215,12.35789967,,0
Papua New Guinea,PNG,2020,23848447850.0,2.903,,,,31.5,38.9,15.02040005,4.871673986,3.459974386,62.29470457,False,,,,missing,missing,,,,,,,,23.894984972498417,23.932116619782633,3.928672909,13.62419987,,0
Papua New Guinea,PNG,2021,26109413521.0,3.03,,,,15.0,16.8,16.55960083,4.48359014,3.50877193,65.56920406,False,,,,missing,missing,,,,,,,,23.98556175755148,23.894984972498417,4.871673986,15.02040005,,0
Papua New Guinea,PNG,2022,31653185953.0,2.689,,,100046.0,51.7,69.3,18.25659943,5.253239222,3.519229705,70.19567969,False,,,,missing,missing,,,,,,,,24.17810464249263,23.98556175755148,4.48359014,16.55960083,,0
Poland,POL,2008,535612000000.0,7.069,10683000000.0,2.16993,938698.0,,,53.13,4.164971935,2.409241667,76.46566846,False,,,,missing,missing,,,,,,,,27.00667585529213,,,,,0
Poland,POL,2009,440891000000.0,8.131,7883000000.0,1.58816,954476.0,,,58.97,3.795392425,3.120141667,59.87669792,False,,,,missing,missing,,,,,,,,26.812063516309944,27.00667585529213,4.164971935,53.13,,0
Poland,POL,2010,478112000000.0,9.578,8888000000.0,1.58953,945347.0,3370.0,12470.0,62.32,2.580693703,3.0153,59.87225152,False,,,,missing,missing,,,,,,,,26.893110851615084,26.812063516309944,3.795392425,58.97,,0
Poland,POL,2011,527849000000.0,9.576,8672000000.0,1.78246,956491.0,3760.0,13350.0,61.94999897,4.239401496,2.962847778,60.80041906,False,,,,missing,missing,,,,,,,,26.99207609490272,26.893110851615084,2.580693703,62.32,,0
Poland,POL,2012,498149000000.0,10.031,8911000000.0,2.10103,969138.0,4160.0,14840.0,62.30999727,3.560371517,3.256541667,55.15568354,False,,,,missing,missing,,,,,,,,26.93416506600778,26.99207609490272,4.239401496,61.94999897,,0
Poland,POL,2013,518180000000.0,10.293,8916000000.0,1.29852,961016.0,3950.0,15800.0,62.8492,0.991982606,3.160616667,55.75003235,False,,,,missing,missing,,,,,,,,26.973588509192595,26.93416506600778,3.560371517,62.30999727,,0
Poland,POL,2014,542134000000.0,8.971,9177000000.0,,979034.0,3276.0,16000.0,66.59873606,0.053821313,3.154541667,56.01897201,False,,,,missing,missing,,,,,,,,27.01877904030147,26.973588509192595,0.991982606,62.8492,,0
Poland,POL,2015,480054000000.0,7.475,8285000000.0,1.17461,982350.0,4064.0,16728.0,67.99698716,-0.874125874,3.7695,46.82626343,False,,,,missing,missing,,,,,,,,26.897164434520697,27.01877904030147,0.053821313,66.59873606,,0
Poland,POL,2016,473260000000.0,6.141,8509000000.0,,1033971.0,4176.0,17471.0,73.3007041,-0.664767331,3.942783333,43.94974311,False,,,,missing,missing,,,,,,,,26.882910757293317,26.897164434520697,-0.874125874,67.99698716,,0
Poland,POL,2017,528357000000.0,4.867,9420000000.0,,1071432.0,4528.0,18258.0,75.98536595,2.075935537,3.779333333,46.11604746,False,,,,missing,missing,,,,,,,,26.9930380285391,26.882910757293317,-0.664767331,73.3007041,,0
Poland,POL,2018,594617000000.0,3.835,10367000000.0,2.1,1103684.0,4922.0,19622.0,77.54173454,1.812951565,3.611716667,48.40982834,False,,,,missing,missing,,,,,,,,27.11118333775088,26.9930380285391,2.075935537,75.98536595,,0
Poland,POL,2019,602684000000.0,3.267,10161000000.0,2.2,1077946.0,5036.0,21158.0,80.43590688,2.227478809,3.839375,44.2404558,False,,,,missing,missing,,,,,,,,27.124658849878777,27.11118333775088,1.812951565,77.54173454,,0
Poland,POL,2020,605914000000.0,3.155,5547000000.0,,1055134.0,1976.0,8418.0,83.18488715,3.374469726,3.899741667,43.54606395,False,,,,missing,missing,,,,,,,,27.130003898753536,27.124658849878777,2.227478809,80.43590688,,0
Poland,POL,2021,689170000000.0,3.268,,,1101881.0,2326.0,9722.0,85.37490906,5.055027047,3.861916667,45.38650497,False,,,,missing,missing,,,,,,,,27.25875381192382,27.130003898753536,3.374469726,83.18488715,,0
Poland,POL,2022,695607000000.0,2.811,,2.3,1103860.0,3402.0,15947.0,86.94113479,14.42945076,4.457758333,40.38520856,False,,,,missing,missing,,,,,,,,27.268050682630648,27.25875381192382,5.055027047,85.37490906,,0
Poland,POL,2023,812451000000.0,2.743,,,964271.0,3798.0,,86.414744,11.5289128,4.203666667,45.6856871,False,,,,missing,missing,,,,,,,,27.423321441639413,27.268050682630648,14.42945076,86.94113479,,0
Poland,POL,2024,917767000000.0,2.807,,,,3886.0,,88.58496367,3.790608976,3.980783333,48.97061299,False,,,,missing,missing,,,,,,,,27.54520938271486,27.423321441639413,11.5289128,86.414744,,0
Portugal,PRT,2008,263416000000.0,7.553,5284000000.0,4.07,,,,44.13,2.588506577,0.67992268,93.56181499,True,D8 Visa (Temporary Stay Visa or Residence Visa for Digital Nomads),2022-10,2022-10,month,month,2022-10-01,2022-10-01,2022,10,2023,2022,active,26.297000368526156,,,,2023.0,0
Portugal,PRT,2009,244668000000.0,9.432,4609000000.0,3.97,459265.0,,,48.27,-0.835530022,0.716957702,87.45578689,True,D8 Visa (Temporary Stay Visa or Residence Visa for Digital Nomads),2022-10,2022-10,month,month,2022-10-01,2022-10-01,2022,10,2023,2022,active,26.22316802646925,26.297000368526156,2.588506577,44.13,2023.0,0
Portugal,PRT,2010,238444000000.0,10.771,4692000000.0,4.15,451600.0,,,53.3,1.402572899,0.75430899,82.63178726,True,D8 Visa (Temporary Stay Visa or Residence Visa for Digital Nomads),2022-10,2022-10,month,month,2022-10-01,2022-10-01,2022,10,2023,2022,active,26.1974003188662,26.22316802646925,-0.835530022,48.27,2023.0,0
Portugal,PRT,2011,245427000000.0,12.715,4951000000.0,,445288.0,,,55.24999688,3.653011004,0.718413899,86.73036549,True,D8 Visa (Temporary Stay Visa or Residence Visa for Digital Nomads),2022-10,2022-10,month,month,2022-10-01,2022-10-01,2022,10,2023,2022,active,26.226265387620852,26.1974003188662,1.402572899,53.3,2023.0,0
Portugal,PRT,2012,216537000000.0,15.509,4482000000.0,,420421.0,,,60.33999749,2.773338541,0.77833812,77.78084924,True,D8 Visa (Temporary Stay Visa or Residence Visa for Digital Nomads),2022-10,2022-10,month,month,2022-10-01,2022-10-01,2022,10,2023,2022,active,26.101027270479936,26.226265387620852,3.653011004,55.24999688,2023.0,0
Portugal,PRT,2013,226677000000.0,16.237,4882000000.0,,410539.0,,,62.0956,0.274416667,0.752945123,77.50989845,True,D8 Visa (Temporary Stay Visa or Residence Visa for Digital Nomads),2022-10,2022-10,month,month,2022-10-01,2022-10-01,2022,10,2023,2022,active,26.146791933644636,26.101027270479936,2.773338541,60.33999749,2023.0,0
Portugal,PRT,2014,230079000000.0,13.88,5213000000.0,6.4632,421378.0,,,64.59242006,-0.278153367,0.752728197,76.9026592,True,D8 Visa (Temporary Stay Visa or Residence Visa for Digital Nomads),2022-10,2022-10,month,month,2022-10-01,2022-10-01,2022,10,2023,2022,active,26.161688565155323,26.146791933644636,0.274416667,62.0956,2023.0,0
Portugal,PRT,2015,199039000000.0,12.405,4576000000.0,6.6815,450364.0,,,68.63286148,0.487938624,0.901296423,64.90062368,True,D8 Visa (Temporary Stay Visa or Residence Visa for Digital Nomads),2022-10,2022-10,month,month,2022-10-01,2022-10-01,2022,10,2023,2022,active,26.01676662236885,26.161688565155323,-0.278153367,64.59242006,2023.0,0
Portugal,PRT,2016,206305000000.0,11.058,4707000000.0,6.9,486799.0,,,70.42356709,0.607397075,0.903421436,63.25021491,True,D8 Visa (Temporary Stay Visa or Residence Visa for Digital Nomads),2022-10,2022-10,month,month,2022-10-01,2022-10-01,2022,10,2023,2022,active,26.052621493278632,26.01676662236885,0.487938624,68.63286148,2023.0,0
Portugal,PRT,2017,220863000000.0,8.878,5509000000.0,7.7,531094.0,,,73.79121395,1.368614116,0.885205508,65.03438971,True,D8 Visa (Temporary Stay Visa or Residence Visa for Digital Nomads),2022-10,2022-10,month,month,2022-10-01,2022-10-01,2022,10,2023,2022,active,26.12080843673856,26.052621493278632,0.607397075,70.42356709,2023.0,0
Portugal,PRT,2018,242093000000.0,6.966,6427000000.0,8.0,575303.0,,,74.66096815,0.993715683,0.846772667,67.45931018,True,D8 Visa (Temporary Stay Visa or Residence Visa for Digital Nomads),2022-10,2022-10,month,month,2022-10-01,2022-10-01,2022,10,2023,2022,active,26.21258778680038,26.12080843673856,1.368614116,73.79121395,2023.0,0
Portugal,PRT,2019,240116000000.0,6.422,6823000000.0,8.1,615477.0,,,75.34637794,0.33817841,0.893276257,61.64800594,True,D8 Visa (Temporary Stay Visa or Residence Visa for Digital Nomads),2022-10,2022-10,month,month,2022-10-01,2022-10-01,2022,10,2023,2022,active,26.204387976853805,26.21258778680038,0.993715683,74.66096815,2023.0,0
Portugal,PRT,2020,229619000000.0,6.85,3536000000.0,4.4,577828.0,,,78.26166044,-0.01243833,0.875506397,62.00011809,True,D8 Visa (Temporary Stay Visa or Residence Visa for Digital Nomads),2022-10,2022-10,month,month,2022-10-01,2022-10-01,2022,10,2023,2022,active,26.159687250581253,26.204387976853805,0.33817841,75.34637794,2023.0,0
Portugal,PRT,2021,256056000000.0,6.712,,5.5,575802.0,,,82.30902804,1.265657191,0.845494139,63.92380209,True,D8 Visa (Temporary Stay Visa or Residence Visa for Digital Nomads),2022-10,2022-10,month,month,2022-10-01,2022-10-01,2022,10,2023,2022,active,26.268662007503682,26.159687250581253,-0.01243833,78.26166044,2023.0,0
Portugal,PRT,2022,256899000000.0,6.138,,7.6,650347.0,,,84.49690644,7.832691242,0.949623753,54.40997008,True,D8 Visa (Temporary Stay Visa or Residence Visa for Digital Nomads),2022-10,2022-10,month,month,2022-10-01,2022-10-01,2022,10,2023,2022,active,26.271948848489473,26.268662007503682,1.265657191,82.30902804,2023.0,0
Portugal,PRT,2023,292324000000.0,6.498,,8.1,,,,85.79012676,4.311281919,0.924839558,55.49081409,True,D8 Visa (Temporary Stay Visa or Residence Visa for Digital Nomads),2022-10,2022-10,month,month,2022-10-01,2022-10-01,2022,10,2023,2022,active,26.40112861311686,26.271948848489473,7.832691242,84.49690644,2023.0,1
Portugal,PRT,2024,313271000000.0,6.5,,8.1,,,,88.48704454,2.416131878,0.923889546,55.85007452,True,D8 Visa (Temporary Stay Visa or Residence Visa for Digital Nomads),2022-10,2022-10,month,month,2022-10-01,2022-10-01,2022,10,2023,2022,active,26.470334467581715,26.40112861311686,4.311281919,85.79012676,2023.0,1
Paraguay,PRY,2008,24615267664.0,4.415,214000000.0,0.4,,,,14.27,10.15478465,4363.291608,44.43881923,False,,,,missing,missing,,,,,,,,23.92663272411736,,,,,0
Paraguay,PRY,2009,22355151162.0,5.46,231000000.0,0.9,,,,18.9,2.591946734,4966.682297,40.21617201,False,,,,missing,missing,,,,,,,,23.830322608497216,23.92663272411736,10.15478465,14.27,,0
Paraguay,PRY,2010,27260886405.0,4.569,261000000.0,0.8,,97.0,465.0,19.8,4.651162791,4758.430129,43.61356274,False,,,,missing,missing,,,,,,,,24.028718779377265,23.830322608497216,2.591946734,18.9,,0
Paraguay,PRY,2011,33756238766.0,4.67,308000000.0,0.7,,110.0,524.0,24.76351588,8.253968254,4193.802308,50.73869474,False,,,,missing,missing,,,,,,,,24.24243108950779,24.028718779377265,4.651162791,19.8,,0
Paraguay,PRY,2012,33271921136.0,4.085,363000000.0,0.7,,122.0,579.0,29.34,3.67591898,4421.659286,51.50632135,False,,,,missing,missing,,,,,,,,24.227979669102893,24.24243108950779,8.253968254,24.76351588,,0
Paraguay,PRY,2013,38501122141.0,4.385,425000000.0,0.7,,128.0,610.0,36.9,2.683857387,4303.882566,53.02528699,False,,,,missing,missing,,,,,,,,24.37395322433488,24.227979669102893,3.67591898,29.34,,0
Paraguay,PRY,2014,40377929296.0,5.034,448000000.0,0.7,,136.0,649.0,43.00737501,5.028827675,4462.185288,52.76605625,False,,,,missing,missing,,,,,,,,24.421549168080357,24.37395322433488,2.683857387,36.9,,0
Paraguay,PRY,2015,36211447840.0,4.556,494000000.0,1.3,,255.1,1214.6,49.71630466,3.129002745,5204.920808,46.37046511,False,,,,missing,missing,,,,,,,,24.31264114445926,24.421549168080357,5.028827675,43.00737501,,0
Paraguay,PRY,2016,36089700223.0,5.255,512000000.0,1.3,,274.7,1308.2,53.40412748,4.086822806,5670.540898,43.32733236,False,,,,missing,missing,,,,,,,,24.309273349193653,24.31264114445926,3.129002745,49.71630466,,0
Paraguay,PRY,2017,38997129474.0,6.138,545000000.0,1.5,,332.6,1583.9,61.07575622,3.602477413,5618.933452,44.01599941,False,,,,missing,missing,,,,,,,,24.38675387713644,24.309273349193653,4.086822806,53.40412748,,0
Paraguay,PRY,2018,40225448341.0,6.217,549000000.0,2.28,,224.4,1181.0,64.99354302,3.975610157,5732.104556,44.26344646,False,,,,missing,missing,,,,,,,,24.417765675592452,24.38675387713644,3.602477413,61.07575622,,0
Paraguay,PRY,2019,37925338329.0,6.595,552000000.0,2.46,,231.0,1215.6,68.51762842,2.757097276,6240.722078,41.14026265,False,,,,missing,missing,,,,,,,,24.35888528314319,24.417765675592452,3.975610157,64.99354302,,0
Paraguay,PRY,2020,35432178068.0,7.548,226000000.0,0.56,,47.888,252.1,73.95751114,1.767515924,6771.097425,37.49750272,False,,,,missing,missing,,,,,,,,24.290886229181233,24.35888528314319,2.757097276,68.51762842,,0
Paraguay,PRY,2021,39950899939.0,7.311,,0.21,,18.021,94.8,77.01838621,4.787983101,6774.162735,38.79570936,False,,,,missing,missing,,,,,,,,24.410917035538265,24.290886229181233,1.767515924,73.95751114,,0
Paraguay,PRY,2022,41952910858.0,6.755,,1.09,,110.099,579.46,76.25916611,9.765566672,6982.752378,37.95686273,False,,,,missing,missing,,,,,,,,24.459813656200847,24.410917035538265,4.787983101,77.01838621,,0
Paraguay,PRY,2023,43118053175.0,5.794,,,,164.0,,78.09481878,4.632022854,7288.872054,35.84440251,False,,,,missing,missing,,,,,,,,24.487207613525122,24.459813656200847,9.765566672,76.25916611,,0
Paraguay,PRY,2024,44458118397.0,5.686,,,,202.0,,81.57806793,3.835402717,7560.247588,34.65398632,False,,,,missing,missing,,,,,,,,24.51781342333183,24.487207613525122,4.632022854,78.09481878,,0
French Polynesia,PYF,2010,6086644799.0,12.133,335000000.0,,,12.0,154.0,49.0,,90.01297411,,False,,,,missing,missing,,,,,,,,22.52936283072235,,,,,0
French Polynesia,PYF,2011,6203940037.0,12.257,327000000.0,,,12.0,163.0,49.0,,85.72955183,,False,,,,missing,missing,,,,,,,,22.548450416998005,22.52936283072235,,49.0,,0
French Polynesia,PYF,2012,5692858099.0,12.134,300000000.0,,,12.0,169.0,52.87663059,,92.88041108,,False,,,,missing,missing,,,,,,,,22.46247826108214,22.548450416998005,,49.0,,0
French Polynesia,PYF,2013,6031827123.0,12.027,293000000.0,,,11.0,164.0,56.8,,89.8502215,,False,,,,missing,missing,,,,,,,,22.520315807261255,22.46247826108214,,52.87663059,,0
French Polynesia,PYF,2014,6151996561.0,11.894,312000000.0,,,13.5,180.6,60.68,,89.82433538,,False,,,,missing,missing,,,,,,,,22.540042510144396,22.520315807261255,,56.8,,0
French Polynesia,PYF,2015,5325846362.0,11.794,277000000.0,,,12.7,183.9,64.56020975,,107.5532344,,False,,,,missing,missing,,,,,,,,22.39583747713274,22.540042510144396,,60.68,,0
French Polynesia,PYF,2016,5497036477.0,11.727,226000000.0,,,18.0,192.5,68.44041949,,107.8068158,,False,,,,missing,missing,,,,,,,,22.427474961604265,22.39583747713274,,64.56020975,,0
French Polynesia,PYF,2017,5833352693.0,11.595,,,,13.0,199.0,72.70389531,,105.6330782,,False,,,,missing,missing,,,,,,,,22.48685774800226,22.427474961604265,,68.44041949,,0
French Polynesia,PYF,2018,6135116253.0,11.599,,7.3,,12.0,216.3,,,101.0468219,,False,,,,missing,missing,,,,,,,,22.537294864074006,22.48685774800226,,72.70389531,,0
French Polynesia,PYF,2019,6022276196.0,11.591,,7.3,,14.3,236.6,,,106.5889338,,False,,,,missing,missing,,,,,,,,22.518731130451055,22.537294864074006,,,,0
French Polynesia,PYF,2020,5574821989.0,12.963,,,,5.5,77.1,,,104.7106082,,False,,,,missing,missing,,,,,,,,22.441526223558597,22.518731130451055,,,,0
French Polynesia,PYF,2021,5994931236.0,12.558,,,,6.4,82.6,,,100.8802226,,False,,,,missing,missing,,,,,,,,22.514180155134916,22.441526223558597,,,,0
French Polynesia,PYF,2022,5622688338.0,11.793,,8.0,,12.0,218.7,,,113.4743672,,False,,,,missing,missing,,,,,,,,22.45007573843548,22.514180155134916,,,,0
Qatar,QAT,2013,198728000000.0,0.28,11729000000.0,1.82417,,,,85.3,3.221977568,3.64,61.2854668,False,,,,missing,missing,,,,,,,,26.015202892530162,,,,,0
Qatar,QAT,2014,206225000000.0,0.2,12871000000.0,2.06132,,,,91.48999786,3.349720857,3.64,64.5873755,False,,,,missing,missing,,,,,,,,26.052233642693206,26.015202892530162,3.221977568,85.3,,0
Qatar,QAT,2015,161740000000.0,0.17,11641000000.0,3.10925,,,,92.88482645,1.814077239,3.64,67.27257553,False,,,,missing,missing,,,,,,,,25.809255944614087,26.052233642693206,3.349720857,91.48999786,,0
Qatar,QAT,2016,151732000000.0,0.15,13152000000.0,3.84671,,,,95.12466217,2.676591701,3.64,68.1090202,False,,,,missing,missing,,,,,,,,25.745381643705592,25.809255944614087,1.814077239,92.88482645,,0
Qatar,QAT,2017,161099000000.0,0.14,12284000000.0,3.45242,,,,97.38884917,0.394878914,3.64,63.68851924,False,,,,missing,missing,,,,,,,,25.805284919785432,25.745381643705592,2.676591701,95.12466217,,0
Qatar,QAT,2018,183335000000.0,0.11,11754000000.0,3.16901,,,,99.65284913,0.255815383,3.64,64.56248053,False,,,,missing,missing,,,,,,,,25.934580917372585,25.805284919785432,0.394878914,97.38884917,,0
Qatar,QAT,2019,176371000000.0,0.1,12528000000.0,3.26748,,,,99.65280421,-0.666641125,3.64,62.17652625,False,,,,missing,missing,,,,,,,,25.89585556791112,25.934580917372585,0.255815383,99.65284913,,0
Qatar,QAT,2020,144412000000.0,0.14,11504000000.0,1.98157,,,,99.65284913,-2.54031503,3.64,62.9140715,False,,,,missing,missing,,,,,,,,25.695936162445392,25.89585556791112,-0.666641125,99.65280421,,0
Qatar,QAT,2021,179732000000.0,0.14,,2.31883,,,,99.65280151,2.304465657,3.64,61.41428109,False,,,,missing,missing,,,,,,,,25.914732689451256,25.695936162445392,-2.54031503,99.65284913,,0
Qatar,QAT,2022,235709000000.0,0.13,,2.85699,,,,98.03800201,4.995275537,3.64,72.17309067,False,,,,missing,missing,,,,,,,,26.185863830291872,25.914732689451256,2.304465657,99.65280151,,0
Romania,ROU,2008,214316000000.0,5.787,2407000000.0,,441592.0,,,32.42,7.850802557,2.518858333,62.18019524,True,Long-stay visa for the digital nomad,2022-01,1/14/22,month,day,2022-01-01,2022-01-14,2022,1,2022,2022,active,26.090717398328117,,,,2022.0,0
Romania,ROU,2009,174111000000.0,6.859,1766000000.0,,435479.0,,,36.6,5.587420043,3.049325,51.37042332,True,Long-stay visa for the digital nomad,2022-01,1/14/22,month,day,2022-01-01,2022-01-14,2022,1,2022,2022,active,25.882958863803914,26.090717398328117,7.850802557,32.42,2022.0,0
Romania,ROU,2010,170064000000.0,6.959,1897000000.0,,436062.0,,,39.93,6.091416686,3.1779,48.39916241,True,Long-stay visa for the digital nomad,2022-01,1/14/22,month,day,2022-01-01,2022-01-14,2022,1,2022,2022,active,25.859440673737637,25.882958863803914,5.587420043,36.6,2022.0,0
Romania,ROU,2011,192624000000.0,7.177,2294000000.0,1.81973,444442.0,,,40.00999678,5.789253288,3.048608333,50.84415832,True,Long-stay visa for the digital nomad,2022-01,1/14/22,month,day,2022-01-01,2022-01-14,2022,1,2022,2022,active,25.98400593913908,25.859440673737637,6.091416686,39.93,2022.0,0
Romania,ROU,2012,179117000000.0,6.794,2108000000.0,1.8618,437193.0,,,45.87999425,3.334922677,3.4682,45.08375422,True,Long-stay visa for the digital nomad,2022-01,1/14/22,month,day,2022-01-01,2022-01-14,2022,1,2022,2022,active,25.911305060548194,25.98400593913908,5.789253288,40.00999678,2022.0,0
Romania,ROU,2013,189799000000.0,7.096,2125000000.0,1.93643,443568.0,,,49.7645,3.984712355,3.327916667,48.2651005,True,Long-stay visa for the digital nomad,2022-01,1/14/22,month,day,2022-01-01,2022-01-14,2022,1,2022,2022,active,25.96923145440446,25.911305060548194,3.334922677,45.87999425,2022.0,0
Romania,ROU,2014,199722000000.0,6.802,2741000000.0,1.95678,452527.0,,,54.07832066,1.068309877,3.349175,48.61998606,True,Long-stay visa for the digital nomad,2022-01,1/14/22,month,day,2022-01-01,2022-01-14,2022,1,2022,2022,active,26.020192236548308,25.96923145440446,3.984712355,49.7645,2022.0,0
Romania,ROU,2015,177885000000.0,6.812,2526000000.0,2.40154,455018.0,,,55.76315563,-0.594156437,4.005666667,41.5130337,True,Long-stay visa for the digital nomad,2022-01,1/14/22,month,day,2022-01-01,2022-01-14,2022,1,2022,2022,active,25.90440311103128,26.020192236548308,1.068309877,54.07832066,2022.0,0
Romania,ROU,2016,185291000000.0,5.901,2910000000.0,2.77008,473946.0,,,59.50395129,-1.544796668,4.059183333,39.34087344,True,Long-stay visa for the digital nomad,2022-01,1/14/22,month,day,2022-01-01,2022-01-14,2022,1,2022,2022,active,25.9451933991715,25.90440311103128,-0.594156437,55.76315563,2022.0,0
Romania,ROU,2017,210147000000.0,4.927,4955000000.0,2.78694,477695.0,,,63.74728218,1.339021211,4.052491667,39.8169018,True,Long-stay visa for the digital nomad,2022-01,1/14/22,month,day,2022-01-01,2022-01-14,2022,1,2022,2022,active,26.071073122778152,25.9451933991715,-1.544796668,59.50395129,2022.0,0
Romania,ROU,2018,241791000000.0,4.187,6109000000.0,2.90898,485612.0,,,70.68127793,4.625484431,3.941616667,42.25634618,True,Long-stay visa for the digital nomad,2022-01,1/14/22,month,day,2022-01-01,2022-01-14,2022,1,2022,2022,active,26.21133955359072,26.071073122778152,1.339021211,63.74728218,2022.0,0
Romania,ROU,2019,250080000000.0,3.912,7172000000.0,2.98068,492936.0,,,73.65747575,3.827854326,4.237925,38.6224781,True,Long-stay visa for the digital nomad,2022-01,1/14/22,month,day,2022-01-01,2022-01-14,2022,1,2022,2022,active,26.24504670361958,26.21133955359072,4.625484431,70.68127793,2022.0,0
Romania,ROU,2020,250625000000.0,5.035,3472000000.0,1.57097,444165.0,287.0,,78.45526895,2.631073112,4.243991667,38.04530402,True,Long-stay visa for the digital nomad,2022-01,1/14/22,month,day,2022-01-01,2022-01-14,2022,1,2022,2022,active,26.247223635007245,26.24504670361958,3.827854326,73.65747575,2022.0,0
Romania,ROU,2021,285071000000.0,5.59,,1.58301,429040.0,444.0,,83.5904265,5.052328761,4.160416667,39.71876479,True,Long-stay visa for the digital nomad,2022-01,1/14/22,month,day,2022-01-01,2022-01-14,2022,1,2022,2022,active,26.376004108996145,26.247223635007245,2.631073112,78.45526895,2022.0,0
Romania,ROU,2022,295319000000.0,5.614,,2.37,421531.0,819.0,,85.50309124,13.79548874,4.688475,36.93111271,True,Long-stay visa for the digital nomad,2022-01,1/14/22,month,day,2022-01-01,2022-01-14,2022,1,2022,2022,active,26.411321964974253,26.376004108996145,5.052328761,83.5904265,2022.0,1
Romania,ROU,2023,347758000000.0,5.589,,,,968.0,,89.20335498,10.39718748,4.574291667,39.67761859,True,Long-stay visa for the digital nomad,2022-01,1/14/22,month,day,2022-01-01,2022-01-14,2022,1,2022,2022,active,26.574772672517703,26.411321964974253,13.79548874,85.50309124,2022.0,1
Romania,ROU,2024,382564000000.0,5.4,,,,1072.0,,91.29048551,5.721405744,4.598375,40.91596218,True,Long-stay visa for the digital nomad,2022-01,1/14/22,month,day,2022-01-01,2022-01-14,2022,1,2022,2022,active,26.670161796477966,26.574772672517703,10.39718748,89.20335498,2022.0,1
Russian Federation,RUS,2010,1524920000000.0,7.407,30169000000.0,,,4432.0,22281.0,49.0,6.849392303,30.36791534,52.09821616,False,,,,missing,missing,,,,,,,,28.052963065595506,,,,,0
Russian Federation,RUS,2011,2045920000000.0,6.571,37343000000.0,3.0,,5475.0,24932.0,58.0,8.440464859,29.38234137,62.77147556,False,,,,missing,missing,,,,,,,,28.34686868200927,28.052963065595506,6.849392303,49.0,,0
Russian Federation,RUS,2012,2208290000000.0,5.484,48096000000.0,3.0,,6201.0,28177.0,66.0,5.074743008,30.83983135,63.45125562,False,,,,missing,missing,,,,,,,,28.423239576298688,28.34686868200927,8.440464859,58.0,,0
Russian Federation,RUS,2013,2292470000000.0,5.513,59504000000.0,3.2,,5816.8,30792.1,67.97,6.754668339,31.83714364,61.26677694,False,,,,missing,missing,,,,,,,,28.460650954840915,28.423239576298688,5.074743008,66.0,,0
Russian Federation,RUS,2014,2059240000000.0,5.212,55383000000.0,3.4,,6263.0,32421.0,70.51756826,7.8201697,38.37820714,54.71562285,False,,,,missing,missing,,,,,,,,28.353358098619037,28.460650954840915,6.754668339,67.97,,0
Russian Federation,RUS,2015,1363480000000.0,5.615,38432000000.0,3.3,,7517.1,33729.2,70.09924123,15.53439599,60.93765011,38.6667881,False,,,,missing,missing,,,,,,,,27.941061370990997,28.353358098619037,7.8201697,70.51756826,,0
Russian Federation,RUS,2016,1276790000000.0,5.591,27654000000.0,3.4,,,,73.09143462,7.042437254,67.05593333,36.07784713,False,,,,missing,missing,,,,,,,,27.875370231531083,27.941061370990997,15.53439599,70.09924123,,0
Russian Federation,RUS,2017,1574200000000.0,5.238,35584000000.0,2.7,,,,76.00813853,3.683330723,58.34280119,41.34902779,False,,,,missing,missing,,,,,,,,28.08476832265476,27.875370231531083,7.042437254,73.09143462,,0
Russian Federation,RUS,2018,1657330000000.0,4.871,38791000000.0,2.7,,,,80.86472187,2.878313826,62.66813333,39.16329213,False,,,,missing,missing,,,,,,,,28.136228989643808,28.08476832265476,3.683330723,76.00813853,,0
Russian Federation,RUS,2019,1693120000000.0,4.513,40611000000.0,2.8,,,,82.64216187,4.472026318,64.73765833,36.97117785,False,,,,missing,missing,,,,,,,,28.157594096662176,28.136228989643808,2.878313826,80.86472187,,0
Russian Federation,RUS,2020,1493080000000.0,5.62,10800000000.0,2.4,3649458.0,,,84.99466978,3.382197969,72.10490833,32.09929663,False,,,,missing,missing,,,,,,,,28.03186221643921,28.157594096662176,4.472026318,82.64216187,,0
Russian Federation,RUS,2021,1829190000000.0,4.749,,2.6,3773159.0,,,88.21384578,6.69445892,73.65435,32.15718068,False,,,,missing,missing,,,,,,,,28.234894361844606,28.03186221643921,3.382197969,84.99466978,,0
Russian Federation,RUS,2022,2291610000000.0,3.867,,2.7,3770296.0,,,90.41799163,13.74367974,68.48494167,38.1739483,False,,,,missing,missing,,,,,,,,28.46027574323462,28.234894361844606,6.69445892,88.21384578,,0
Russian Federation,RUS,2023,2071510000000.0,3.076,,2.8,3864747.0,,,92.24496346,5.865719317,85.16200833,31.57429592,False,,,,missing,missing,,,,,,,,28.35929892587196,28.46027574323462,13.74367974,90.41799163,,0
Russian Federation,RUS,2024,2173840000000.0,2.43,,,3979317.0,,,94.36495368,8.434864105,92.5524,31.37582718,False,,,,missing,missing,,,,,,,,28.40751630486305,28.35929892587196,5.865719317,92.24496346,,0
Rwanda,RWA,2010,6124756654.0,11.637,120000000.0,,,307.0,666.0,8.0,-0.246128693,583.1309066,45.17732918,False,,,,missing,missing,,,,,,,,22.535604862628762,,,,,0
Rwanda,RWA,2011,6884913658.0,11.756,142000000.0,,,395.0,908.0,7.0,3.080170692,600.3065198,46.08466358,False,,,,missing,missing,,,,,,,,22.652598428452897,22.535604862628762,-0.246128693,8.0,,0
Rwanda,RWA,2012,7654761050.0,11.671,133000000.0,,,414.6,1061.3,8.023900032,10.27101823,614.2951424,48.59436798,False,,,,missing,missing,,,,,,,,22.758593650676637,22.652598428452897,3.080170692,7.0,,0
Rwanda,RWA,2013,7819964030.0,11.768,126000000.0,,,419.2,1122.2,9.0,5.92426868,646.6359745,46.6145202,False,,,,missing,missing,,,,,,,,22.779945791748805,22.758593650676637,10.27101823,8.023900032,,0
Rwanda,RWA,2014,8238966124.0,11.837,133000000.0,2.35,,395.3,1219.5,10.60000038,2.354490528,682.4377954,43.21477433,False,,,,missing,missing,,,,,,,,22.832140702607376,22.779945791748805,5.92426868,9.0,,0
Rwanda,RWA,2015,8543760200.0,11.831,350000000.0,2.72,,409.7,1298.4,12.45600033,2.528502842,719.8595555,41.21870247,False,,,,missing,missing,,,,,,,,22.868467052290978,22.832140702607376,2.354490528,10.60000038,,0
Rwanda,RWA,2016,8695272058.0,11.788,364000000.0,3.01,,325.0,1377.0,14.63710022,7.17434302,787.2515218,39.08718204,False,,,,missing,missing,,,,,,,,22.886045273279844,22.868467052290978,2.528502842,12.45600033,,0
Rwanda,RWA,2017,9252833891.0,11.875,419000000.0,3.38,,482.0,1570.0,17.2,8.279536723,831.5543398,38.53267184,False,,,,missing,missing,,,,,,,,22.948195708144677,22.886045273279844,7.17434302,14.63710022,,0
Rwanda,RWA,2018,9637904521.0,10.759,390000000.0,3.44,,408.0,1711.0,19.16659927,-0.31121016,861.0934122,36.31029143,False,,,,missing,missing,,,,,,,,22.98896954859961,22.948195708144677,8.279536723,17.2,,0
Rwanda,RWA,2019,10349300277.0,11.236,382799987.8,3.16,,417.0,1633.0,21.3579998,3.34787655,899.350509,34.67626948,False,,,,missing,missing,,,,,,,,23.060184748285437,22.98896954859961,-0.31121016,19.16659927,,0
Rwanda,RWA,2020,10174386857.0,11.829,127000000.0,0.9,154856.3673,195.8,497.4,23.8,9.850399023,943.2780482,34.08034813,False,,,,missing,missing,,,,,,,,23.04313930670508,23.060184748285437,3.34787655,21.3579998,,0
Rwanda,RWA,2021,11078787090.0,15.775,,,97344.93694,342.4,510.9,24.4416008,-0.391346748,988.6248066,30.34806544,False,,,,missing,missing,,,,,,,,23.128298043861893,23.04313930670508,9.850399023,23.8,,0
Saudi Arabia,SAU,2008,519797000000.0,5.085,16005000000.0,2.7,,,,36.0,9.870248168,3.75,38.99725459,False,,,,missing,missing,,,,,,,,26.97670418768659,,,,,0
Saudi Arabia,SAU,2009,429098000000.0,5.377,21312000000.0,3.3,,,,38.0,5.057222761,3.75,32.34029293,False,,,,missing,missing,,,,,,,,26.78495116801483,26.97670418768659,9.870248168,36.0,,0
Saudi Arabia,SAU,2010,528207000000.0,5.55,22076000000.0,3.0,437682.0,2660.0,10850.0,41.0,5.33941733,3.75,37.44495494,False,,,,missing,missing,,,,,,,,26.99275408927748,26.78495116801483,5.057222761,38.0,,0
Saudi Arabia,SAU,2011,680661000000.0,5.77,18202000000.0,2.4,446853.0,1912.0,14178.0,47.5,5.826216374,3.75,42.30278015,False,,,,missing,missing,,,,,,,,27.246330221796857,26.99275408927748,5.33941733,41.0,,0
Saudi Arabia,SAU,2012,751921000000.0,5.622,17986000000.0,2.2,456375.0,2824.0,16332.0,54.0,2.866270299,3.75,44.18243862,False,,,,missing,missing,,,,,,,,27.34589710218629,27.246330221796857,5.826216374,47.5,,0
Saudi Arabia,SAU,2013,769756000000.0,5.6,18648000000.0,2.3,463977.0,1476.0,15772.0,60.5,3.511042098,3.75,44.79770543,False,,,,missing,missing,,,,,,,,27.369339418459194,27.34589710218629,2.866270299,54.0,,0
Saudi Arabia,SAU,2014,787153000000.0,5.877,25137000000.0,2.3,470600.0,2684.0,18260.0,64.71365737,2.241853488,3.75,44.43327296,False,,,,missing,missing,,,,,,,,27.39168847561747,27.369339418459194,3.511042098,60.5,,0
Saudi Arabia,SAU,2015,693414000000.0,5.6,20366000000.0,2.7,477221.0,1880.6,17994.3,69.6162358,1.222693186,3.75,43.12219204,False,,,,missing,missing,,,,,,,,27.26489306035982,27.39168847561747,2.241853488,64.71365737,,0
Saudi Arabia,SAU,2016,689279000000.0,5.6,17671000000.0,2.8,514520.0,4006.5,18044.3,74.87927469,2.053470768,3.75,44.5915692,False,,,,missing,missing,,,,,,,,27.2589119606841,27.26489306035982,1.222693186,69.6162358,,0
Saudi Arabia,SAU,2017,741266000000.0,5.89,19065000000.0,2.4,533020.8,2695.0,16109.1,94.17559961,-0.834845735,3.75,45.04722277,False,,,,missing,missing,,,,,,,,27.33162537218559,27.2589119606841,2.053470768,74.87927469,,0
Saudi Arabia,SAU,2018,886565000000.0,6.029,17939000000.0,2.2,549542.0,2450.7,15334.4,93.31000185,2.46594309,3.75,49.44619815,False,,,,missing,missing,,,,,,,,27.510620281825762,27.33162537218559,-0.834845735,94.17559961,,0
Saudi Arabia,SAU,2019,888890000000.0,5.636,16415000000.0,3.63088,568002.0496,3164.6,17525.6,95.7247356,-1.192986445,3.75,49.641819,False,,,,missing,missing,,,,,,,,27.513239330271382,27.510620281825762,2.46594309,93.31000185,,0
Saudi Arabia,SAU,2020,767951000000.0,7.66,9069000000.0,1.61342,638966.0,771.9439,4138.1,97.8623325,3.37234961,3.75,51.21970812,False,,,,missing,missing,,,,,,,,27.36699176597531,27.513239330271382,-1.192986445,95.7247356,,0
Saudi Arabia,SAU,2021,982661000000.0,6.621,,2.45288,708391.0,1013.11129,3477.2,100.0,3.063289889,3.75,50.91802915,False,,,,missing,missing,,,,,,,,27.613530034949463,27.36699176597531,3.37234961,97.8623325,,0
Saudi Arabia,SAU,2022,1239080000000.0,5.589,,3.45959,814885.0,1666.69264,16637.9,100.0,2.474073719,3.75,53.51863549,False,,,,missing,missing,,,,,,,,27.845390284691277,27.613530034949463,3.063289889,100.0,,0
Saudi Arabia,SAU,2023,1218580000000.0,4.008,,4.42646,852799.0,1864.62,,100.0,2.327085184,3.75,50.48163266,False,,,,missing,missing,,,,,,,,27.82870736234974,27.845390284691277,2.474073719,100.0,,0
Saudi Arabia,SAU,2024,1239800000000.0,3.518,,4.82994,885665.0,1975.77,,100.0,1.687921124,3.75,49.38787559,False,,,,missing,missing,,,,,,,,27.84597119221423,27.82870736234974,2.327085184,100.0,,0
Sudan,SDN,2010,58962978034.0,15.168,1127000000.0,,,99.0,495.0,,12.97766639,2.30600092,34.30803341,False,,,,missing,missing,,,,,,,,24.800175592948136,,,,,0
Sudan,SDN,2011,55018567211.0,17.44,937000000.0,,,107.0,536.0,,18.09661712,2.666619622,32.40725555,False,,,,missing,missing,,,,,,,,24.73093655086421,24.800175592948136,12.97766639,,,0
Sudan,SDN,2012,37632919967.0,16.973,699000000.0,,,132.2,574.7,,35.55905741,3.572958333,27.46950347,False,,,,missing,missing,,,,,,,,24.351145035325764,24.73093655086421,18.09661712,,,0
Sudan,SDN,2013,43024018082.0,16.273,460000000.0,,,136.0,591.3,,36.52234491,4.756760547,30.56751847,False,,,,missing,missing,,,,,,,,24.485024356749886,24.351145035325764,35.55905741,,,0
Sudan,SDN,2014,49516748618.0,15.41,439000000.0,,,177.7,683.6,,36.90664279,5.736866667,29.93584988,False,,,,missing,missing,,,,,,,,24.62557680521079,24.485024356749886,36.52234491,,,0
Sudan,SDN,2015,51726758677.0,14.39,195000000.0,,,192.0,741.0,12.0,16.90957061,6.025732598,30.64682098,False,,,,missing,missing,,,,,,,,24.669241060522005,24.62557680521079,36.90664279,,,0
Sudan,SDN,2016,42630376000.0,13.656,203000000.0,,,208.0,799.0,14.09999994,17.75025383,6.211713646,23.1126135,False,,,,missing,missing,,,,,,,,24.47583288776439,24.669241060522005,16.90957061,12.0,,0
Sudan,SDN,2017,41283617976.0,13.0,29000000.0,,,211.0,812.0,18.60000038,32.3516261,6.68336,22.72835913,False,,,,missing,missing,,,,,,,,24.443731599046583,24.47583288776439,17.75025383,14.09999994,,0
Sudan,SDN,2018,32333780383.0,12.347,13000000.0,,,217.0,836.0,,63.29250735,24.3289109,17.40852328,False,,,,missing,missing,,,,,,,,24.19937835296445,24.443731599046583,32.3516261,18.60000038,,0
Sudan,SDN,2022,51666875363.0,7.53,,,399575.4111,,,,138.8084602,546.75885,31.18595533,False,,,,missing,missing,,,,,,,,24.66808270447326,24.19937835296445,63.29250735,,,0
Senegal,SEN,2014,19797253440.0,5.849,280000000.0,,,221.5,963.1,17.70000076,-1.090255074,493.7573299,49.0184715,False,,,,missing,missing,,,,,,,,23.708809049873548,,,,,0
Senegal,SEN,2015,17774766696.0,6.757,261000000.0,,,231.5,1006.6,21.70000076,0.135211934,591.211698,40.67775901,False,,,,missing,missing,,,,,,,,23.601045687148734,23.708809049873548,-1.090255074,17.70000076,,0
Senegal,SEN,2016,19040312333.0,4.455,277000000.0,,114842.6518,278.3,1210.0,25.66480064,0.837284943,592.6056151,40.83808909,False,,,,missing,missing,,,,,,,,23.669824270219202,23.601045687148734,0.135211934,21.70000076,,0
Senegal,SEN,2017,20996562944.0,4.078,295000000.0,,,313.9,1364.9,29.64310074,1.318153148,580.6567496,41.94970631,False,,,,missing,missing,,,,,,,,23.767624591941214,23.669824270219202,0.837284943,25.66480064,,0
Senegal,SEN,2019,23403995992.0,2.863,,,181978.1934,,,43.37969971,1.760111512,585.9110132,39.23246619,False,,,,missing,missing,,,,,,,,23.87617261361961,23.767624591941214,1.318153148,29.64310074,,0
Singapore,SGP,2010,239808000000.0,4.12,18700000000.0,,,3175.0,11641.7,71.0,2.828845276,1.363508333,62.64765901,False,,,,missing,missing,,,,,,,,26.203104440117635,,,,,0
Singapore,SGP,2011,279356000000.0,3.89,21420000000.0,,,3225.6,13171.2,71.0,5.251156246,1.257775877,67.32023368,False,,,,missing,missing,,,,,,,,26.355752791052986,26.203104440117635,2.828845276,71.0,,0
Singapore,SGP,2012,295093000000.0,3.72,23139000000.0,,,3402.1,14496.0,72.0,4.580844794,1.249676204,67.65204357,False,,,,missing,missing,,,,,,,,26.410556397841344,26.355752791052986,5.251156246,71.0,,0
Singapore,SGP,2013,307576000000.0,3.86,24407000000.0,,,3616.8,15568.0,80.90209961,2.364397937,1.2513,68.56249686,False,,,,missing,missing,,,,,,,,26.451988048126893,26.410556397841344,4.580844794,72.0,,0
Singapore,SGP,2014,314864000000.0,3.74,25547000000.0,,,3202.0,15095.2,79.02923586,1.033169559,1.26705,68.07951722,False,,,,missing,missing,,,,,,,,26.475406636511146,26.451988048126893,2.364397937,80.90209961,,0
Singapore,SGP,2015,307999000000.0,3.79,23658000000.0,2.62761,617900.0,2923.2,15231.5,79.012957,-0.521975612,1.374825,63.84584793,False,,,,missing,missing,,,,,,,,26.453362373161468,26.475406636511146,1.033169559,79.02923586,,0
Singapore,SGP,2016,319646000000.0,4.08,23957000000.0,,,2460.5,16403.4,84.45226789,-0.52980976,1.381546364,63.40871776,False,,,,missing,missing,,,,,,,,26.490479970394006,26.453362373161468,-0.521975612,79.012957,,0
Singapore,SGP,2017,343673000000.0,4.2,24588000000.0,,,2464.1,17424.7,84.45226789,0.576763191,1.380925,63.95819557,False,,,,missing,missing,,,,,,,,26.562956460835444,26.490479970394006,-0.52980976,84.45226789,,0
Singapore,SGP,2018,377124000000.0,3.613,25346000000.0,,,2617.3,18508.3,88.16563603,0.438784215,1.348841667,64.3318998,False,,,,missing,missing,,,,,,,,26.655839882781418,26.562956460835444,0.576763191,84.45226789,,0
Singapore,SGP,2019,376162000000.0,3.1,,,,2460.5,19116.0,88.94925269,0.567829988,1.364158333,62.61152996,False,,,,missing,missing,,,,,,,,26.653285738610467,26.655839882781418,0.438784215,88.16563603,,0
Solomon Islands,SLB,2010,898128551.3,1.617,51200000.76,,,8.6,20.5,5.0,1.051481633,8.064501344,77.22174746,False,,,,missing,missing,,,,,,,,20.6158237689164,,,,,0
Solomon Islands,SLB,2011,1063898227.0,1.292,66000000.0,,,8.8,22.9,6.0,7.34270706,7.64125903,83.42685576,False,,,,missing,missing,,,,,,,,20.785205571975194,20.6158237689164,1.051481633,5.0,,0
Solomon Islands,SLB,2012,1185217634.0,0.984,68099998.47,,,7.8,23.9,6.997399807,5.912006025,7.355202847,89.04541379,False,,,,missing,missing,,,,,,,,20.89319225205452,20.785205571975194,7.34270706,6.0,,0
Solomon Islands,SLB,2013,1285905958.0,0.694,68300003.05,,6638.000002,8.0,24.4,8.0,5.391363886,7.3021351,90.26582869,False,,,,missing,missing,,,,,,,,20.974729332560674,20.89319225205452,5.912006025,6.997399807,,0
Solomon Islands,SLB,2014,1335576763.0,0.73,65599998.47,,,7.4,20.1,9.0,5.165902379,7.375345354,91.06450308,False,,,,missing,missing,,,,,,,,21.01262906770932,20.974729332560674,5.391363886,8.0,,0
Solomon Islands,SLB,2015,1307908814.0,0.736,60700000.76,,,6.8,21.6,10.00049973,-0.574469286,7.914688977,86.90171429,False,,,,missing,missing,,,,,,,,20.991695373484003,21.01262906770932,5.165902379,9.0,,0
Solomon Islands,SLB,2016,1379486291.0,0.736,74900001.53,,,6.5,23.2,11.00090027,0.512485626,7.948152938,86.01654177,False,,,,missing,missing,,,,,,,,21.044977013913662,20.991695373484003,-0.574469286,10.00049973,,0
Solomon Islands,SLB,2017,1469790526.0,0.727,72699996.95,,,7.0,25.7,15.14840031,0.48868676,7.887390369,87.34865104,False,,,,missing,missing,,,,,,,,21.108385728263336,21.044977013913662,0.512485626,11.00090027,,0
Solomon Islands,SLB,2018,1615473250.0,0.722,53000000.0,,,7.1,27.9,20.8593998,3.46147485,7.952504861,91.34804803,False,,,,missing,missing,,,,,,,,21.202893784750664,21.108385728263336,0.48868676,15.14840031,,0
Solomon Islands,SLB,2019,1619150564.0,0.746,62500000.0,,,7.3,28.9,22.48880005,1.63485544,8.173399298,88.52096429,False,,,,missing,missing,,,,,,,,21.205167505464853,21.202893784750664,3.46147485,20.8593998,,0
Solomon Islands,SLB,2020,1536143428.0,0.868,30909999.85,,,1.04,4.42,24.1984005,2.963549921,8.21341291,85.7685564,False,,,,missing,missing,,,,,,,,21.15254084491664,21.205167505464853,1.63485544,22.48880005,,0
Sierra Leone,SLE,2010,4262805967.0,4.34,22000000.0,,,17.0,39.0,0.579999983,7.185662757,3.978086667,36.04741243,False,,,,missing,missing,,,,,,,,22.173193458094275,,,,,0
Sierra Leone,SLE,2011,4861632885.0,4.388,26000000.0,,,24.0,52.0,0.899999976,6.79138292,4.349161667,37.26177763,False,,,,missing,missing,,,,,,,,22.304640202996538,22.173193458094275,7.185662757,0.579999983,,0
Sierra Leone,SLE,2012,6141666509.0,4.378,32000000.0,,,30.0,60.0,2.5,6.587762394,4.344036667,40.45865302,False,,,,missing,missing,,,,,,,,22.53836196068206,22.304640202996538,6.79138292,0.899999976,,0
Sierra Leone,SLE,2013,7502762863.0,4.376,71000000.0,,,42.0,81.0,4.0,5.52412878,4.332500833,41.3765348,False,,,,missing,missing,,,,,,,,22.738537171386117,22.53836196068206,6.587762394,2.5,,0
Sierra Leone,SLE,2014,7686138791.0,4.678,45000000.0,,6176.049129,22.3,43.7,6.057300091,4.639311714,4.524159167,40.46850899,False,,,,missing,missing,,,,,,,,22.76268438656329,22.738537171386117,5.52412878,4.0,,0
Sierra Leone,SLE,2015,6788352975.0,4.483,34000000.0,,,11.0,23.8,6.344399929,6.689435625,5.0807475,37.67801544,False,,,,missing,missing,,,,,,,,22.638474182819127,22.76268438656329,4.639311714,6.057300091,,0
Sierra Leone,SLE,2016,6084297211.0,4.182,36500000.0,,,26.4,53.7,7.680099964,10.88606094,6.290297415,32.04707281,False,,,,missing,missing,,,,,,,,22.528977061399452,22.638474182819127,6.689435625,6.344399929,,0
Sierra Leone,SLE,2017,5749846528.0,3.656,62000000.0,3.5,,19.3,51.1,9.297100067,18.2215094,7.384432222,31.14933438,False,,,,missing,missing,,,,,,,,22.472439000616856,22.528977061399452,10.88606094,7.680099964,,0
Sierra Leone,SLE,2018,6390514689.0,3.192,61000000.0,4.1,,22.1,56.5,14.42230034,16.02954477,7.93163175,32.0364452,False,,,,missing,missing,,,,,,,,22.57808064810159,22.472439000616856,18.2215094,9.297100067,,0
Sierra Leone,SLE,2019,6523577594.0,3.204,83000000.0,3.7,,26.6,63.1,15.71370029,14.80499909,9.010221144,31.20171261,False,,,,missing,missing,,,,,,,,22.59868877313448,22.57808064810159,16.02954477,14.42230034,,0
Sierra Leone,SLE,2020,6688307703.0,3.509,,5.6,,7.6,24.4,17.12080002,13.44687111,9.829926763,31.08697703,False,,,,missing,missing,,,,,,,,22.62362671989415,22.59868877313448,14.80499909,15.71370029,,0
Sierra Leone,SLE,2021,7166931485.0,3.551,,,,14.0,40.3,18.65390015,11.87395888,10.43942532,31.07320579,False,,,,missing,missing,,,,,,,,22.69274343412458,22.62362671989415,13.44687111,17.12080002,,0
El Salvador,SLV,2010,18447920000.0,4.893,280000000.0,,189066.0,165.0,1150.0,15.9,1.179335769,1.0,48.67301585,False,,,,missing,missing,,,,,,,,23.63821746395027,,,,,0
El Salvador,SLV,2011,20283780000.0,4.297,244000000.0,,189259.0,143.0,1184.0,18.89999962,5.128923767,1.0,50.51202774,False,,,,missing,missing,,,,,,,,23.73308738883338,23.63821746395027,1.179335769,15.9,,0
El Salvador,SLV,2012,21386150000.0,3.843,287000000.0,,205854.0,155.0,1255.0,20.32138772,1.729734816,1.0,52.1423531,False,,,,missing,missing,,,,,,,,23.78600935319063,23.73308738883338,5.128923767,18.89999962,,0
El Salvador,SLV,2013,21990960000.0,3.693,270000000.0,,227157.0,146.3,1282.7,23.1093,0.757669185,1.0,50.50718689,False,,,,missing,missing,,,,,,,,23.813897296767543,23.78600935319063,1.729734816,20.32138772,,0
El Salvador,SLV,2014,22593470000.0,4.154,277000000.0,2.95787,232898.0,157.7,1345.2,24.76171215,1.141344675,1.0,48.8559922,False,,,,missing,missing,,,,,,,,23.840926763420914,23.813897296767543,0.757669185,23.1093,,0
El Salvador,SLV,2015,23438240000.0,3.998,332000000.0,3.04613,249336.0,165.2,1401.6,26.80260496,-0.731384487,1.0,47.77497542,False,,,,missing,missing,,,,,,,,23.877634713511945,23.840926763420914,1.141344675,24.76171215,,0
El Salvador,SLV,2016,24191430000.0,4.418,451000000.0,3.23593,265269.0,202.4,1433.6,28.99710083,0.604049087,1.0,46.13904039,False,,,,missing,missing,,,,,,,,23.90926427515802,23.877634713511945,-0.731384487,26.80260496,,0
El Salvador,SLV,2017,24979190000.0,4.385,466000000.0,3.49848,262915.0,136.7,1556.1,33.8207289,1.012354033,1.0,44.84136701,False,,,,missing,missing,,,,,,,,23.94130891517736,23.90926427515802,0.604049087,28.99710083,,0
El Salvador,SLV,2018,26020850000.0,4.006,490000000.0,3.51677,295427.0,152.8,1677.3,43.79999924,1.090330006,1.0,45.45474052,False,,,,missing,missing,,,,,,,,23.982163976676304,23.94130891517736,1.012354033,33.8207289,,0
El Salvador,SLV,2019,26881140000.0,4.17,504000000.0,,304152.1487,112.2,1765.6,50.49119407,0.075324135,1.0,44.2782253,False,,,,missing,missing,,,,,,,,24.014690762416336,23.982163976676304,1.090330006,43.79999924,,0
El Salvador,SLV,2020,24921190000.0,5.008,162000000.0,,284247.0106,33.222,549.0,54.60136976,-0.371590212,1.0,42.55642593,False,,,,missing,missing,,,,,,,,23.938984282534523,24.014690762416336,0.075324135,50.49119407,,0
El Salvador,SLV,2021,29043140000.0,4.327,,,276490.8758,47.514,1218.9,57.26380157,3.466925853,1.0,42.94847846,False,,,,missing,missing,,,,,,,,24.092048147779497,23.938984282534523,-0.371590212,54.60136976,,0
El Salvador,SLV,2022,31870120000.0,2.999,,,301190.2827,101.022,1891.2,60.05609894,7.198616156,1.0,42.73678383,False,,,,missing,missing,,,,,,,,24.184934730665084,24.092048147779497,3.466925853,57.26380157,,0
El Salvador,SLV,2023,33853940000.0,2.992,,,319486.7144,145.4769139,,62.61989975,4.045546942,1.0,41.99513467,False,,,,missing,missing,,,,,,,,24.24532122539533,24.184934730665084,7.198616156,60.05609894,,0
El Salvador,SLV,2024,35364960000.0,3.261,,,,321.4398597,,66.47769928,0.853782293,1.0,41.50722771,False,,,,missing,missing,,,,,,,,24.28898733637194,24.24532122539533,4.045546942,62.61989975,,0
San Marino,SMR,2010,1881191925.0,,,,,889.0,1976.0,,2.585418156,0.75430899,95.95603956,False,,,,missing,missing,,,,,,,,21.355171415553066,,,,,0
San Marino,SMR,2011,1813717439.0,,,,,258.0,2038.0,49.6,2.899795843,0.718413899,98.86458229,False,,,,missing,missing,,,,,,,,21.318644409692773,21.355171415553066,2.585418156,,,0
San Marino,SMR,2012,1604701299.0,,,,,598.0,1869.0,,2.827332242,0.77833812,93.50877689,False,,,,missing,missing,,,,,,,,21.19620346966636,21.318644409692773,2.899795843,49.6,,0
San Marino,SMR,2013,1678741475.0,,,,,611.5,1905.0,,1.604392981,0.752945123,100.07377,False,,,,missing,missing,,,,,,,,21.241310227605656,21.19620346966636,2.827332242,,,0
San Marino,SMR,2014,1673911426.0,,,,,612.0,2004.0,,1.112963034,0.752728197,96.88382874,False,,,,missing,missing,,,,,,,,21.238428896024818,21.241310227605656,1.604392981,,,0
San Marino,SMR,2015,1419401071.0,,,,,472.0,1888.1,,0.145686073,0.901296423,82.58202796,False,,,,missing,missing,,,,,,,,21.073500838599045,21.238428896024818,1.112963034,,,0
Serbia,SRB,2015,41297410635.0,17.66,1254000000.0,,135411.0,,,65.3170254,1.39235822,108.811425,37.43860894,False,,,,missing,missing,,,,,,,,24.444065638458788,,,,,0
Serbia,SRB,2016,42225495910.0,15.257,1351000000.0,,139751.0,,,67.05684137,1.122313974,111.27785,36.35486295,False,,,,missing,missing,,,,,,,,24.46629004403549,24.444065638458788,1.39235822,65.3170254,,0
Serbia,SRB,2017,45972834714.0,13.477,1549000000.0,,145654.0,,,70.33083553,3.131062486,107.75885,37.88186224,False,,,,missing,missing,,,,,,,,24.5513165092967,24.46629004403549,1.122313974,67.05684137,,0
Serbia,SRB,2018,52787520249.0,12.733,1837000000.0,,155724.0,,,73.36070915,1.959840763,100.175075,40.93247585,False,,,,missing,missing,,,,,,,,24.689540640801,24.5513165092967,3.131062486,70.33083553,,0
Serbia,SRB,2019,53864693665.0,10.395,2000000000.0,,161402.0,,,77.41677362,1.849229845,105.2495583,37.6720079,False,,,,missing,missing,,,,,,,,24.709741066188304,24.689540640801,1.959840763,73.36070915,,0
Serbia,SRB,2020,55874017669.0,9.011,1179000000.0,,165788.0,,,78.36804864,1.575532901,103.1632917,38.54132136,False,,,,missing,missing,,,,,,,,24.74636530885759,24.709741066188304,1.849229845,77.41677362,,0
Serbia,SRB,2021,66159884073.0,9.843,,,166124.0,,,81.16588116,4.085102853,99.39594167,41.35863107,False,,,,missing,missing,,,,,,,,24.915340135438427,24.74636530885759,1.575532901,78.36804864,,0
Serbia,SRB,2022,66809895701.0,8.439,,,169904.0,,,83.53825397,11.98151173,111.6621833,38.34621876,False,,,,missing,missing,,,,,,,,24.925117045754003,24.915340135438427,4.085102853,81.16588116,,0
Serbia,SRB,2023,81343999280.0,8.268,,,178516.0,,,85.35746686,12.37190436,108.4026917,41.24565445,False,,,,missing,missing,,,,,,,,25.121952903662102,24.925117045754003,11.98151173,83.53825397,,0
Sao Tome and Principe,STP,2010,190021192.5,14.628,550000.0119,,,1.0,8.0,18.75,13.34005235,18.49860132,36.56408454,False,,,,missing,missing,,,,,,,,19.06264616337838,,,,,0
Sao Tome and Principe,STP,2011,226455001.2,14.229,1350000.024,,,1.3,12.2,20.16119957,14.32716676,17.62293501,41.85699366,False,,,,missing,missing,,,,,,,,19.23805681295115,19.06264616337838,13.34005235,18.75,,0
Sao Tome and Principe,STP,2015,259999643.0,10.591,,,,5.684,25.595,25.81999969,5.24587835,22.09064456,40.9303408,False,,,,missing,missing,,,,,,,,19.376190815901936,19.23805681295115,14.32716676,20.16119957,,0
Sao Tome and Principe,STP,2016,292267272.2,9.684,,,,3.2,28.9,28.0,5.430519661,22.14886063,43.22493626,False,,,,missing,missing,,,,,,,,19.49317925733996,19.376190815901936,5.24587835,25.81999969,,0
Sao Tome and Principe,STP,2017,322002845.2,8.808,,,,5.3,28.9,32.61640167,5.690296199,21.74113836,45.27515656,False,,,,missing,missing,,,,,,,,19.59007093949449,19.49317925733996,5.430519661,28.0,,0
Sao Tome and Principe,STP,2018,383717327.8,8.712,,,,4.2,33.4,37.99380112,7.868596289,20.75085924,46.3228754,False,,,,missing,missing,,,,,,,,19.765416713957737,19.59007093949449,5.690296199,32.61640167,,0
Sao Tome and Principe,STP,2021,524402455.5,9.563,,,,5.2,15.1,54.94950104,8.137770384,20.71040152,41.21252663,False,,,,missing,missing,,,,,,,,20.077769992337135,19.765416713957737,7.868596289,37.99380112,,0
Suriname,SUR,2010,4368370998.0,7.15,41000000.0,,,19.0,204.0,31.59,6.941082216,2.745416667,60.91978852,False,,,,missing,missing,,,,,,,,22.197656007221767,,,,,0
Suriname,SUR,2011,4422276622.0,7.54,49000000.0,,,23.0,220.0,32.0,17.71177964,3.268,57.0857503,False,,,,missing,missing,,,,,,,,22.209920473282207,22.197656007221767,6.941082216,31.59,,0
Suriname,SUR,2012,4980000000.0,8.1,58000000.0,,,23.0,240.0,34.68119812,5.006863194,3.3,58.28965394,False,,,,missing,missing,,,,,,,,22.32869572798297,22.209920473282207,17.71177964,32.0,,0
Suriname,SUR,2013,5145757576.0,6.6,75000000.0,,,25.0,249.0,37.40000153,1.923436041,3.3,55.91642053,False,,,,missing,missing,,,,,,,,22.36143844048525,22.32869572798297,5.006863194,34.68119812,,0
Suriname,SUR,2014,5240606061.0,6.94,90000000.0,,,22.7,251.6,40.08000183,3.383412727,3.3,54.87659114,False,,,,missing,missing,,,,,,,,22.379702989087384,22.36143844048525,1.923436041,37.40000153,,0
Suriname,SUR,2015,5126237646.0,7.22,128000000.0,,,19.0,228.0,42.76380157,6.893903592,3.416666667,53.2751683,False,,,,missing,missing,,,,,,,,22.357637824718847,22.379702989087384,3.383412727,40.08000183,,0
Suriname,SUR,2016,3317421648.0,7.917,112000000.0,,10592.61327,,,45.40000153,55.41238798,6.228630278,38.99196141,False,,,,missing,missing,,,,,,,,21.922453706107255,22.357637824718847,6.893903592,42.76380157,,0
Slovak Republic,SVK,2008,100830000000.0,9.514,2671000000.0,,114063.0,,,66.05,4.598179763,21.36141667,75.79379713,False,,,,missing,missing,,,,,,,,25.336701767351535,,,,,0
Slovak Republic,SVK,2009,89342984698.0,12.023,2251000000.0,,117960.0,,,70.0,1.615104641,0.716957702,71.87453298,False,,,,missing,missing,,,,,,,,25.21574856061769,25.336701767351535,4.598179763,66.05,,0
Slovak Republic,SVK,2010,91112160801.0,14.387,2146000000.0,,112879.0,,,75.71,0.957018133,0.75430899,66.58120301,False,,,,missing,missing,,,,,,,,25.23535712078871,25.21574856061769,1.615104641,70.0,,0
Slovak Republic,SVK,2011,99705104723.0,13.634,2450000000.0,,118136.0,,,74.43999717,3.919285991,0.718413899,70.48958838,False,,,,missing,missing,,,,,,,,25.325482713435985,25.23535712078871,0.957018133,75.71,,0
Slovak Republic,SVK,2012,94724394278.0,13.966,2309000000.0,,125925.0,,,76.70999012,3.606102635,0.77833812,64.82298461,False,,,,missing,missing,,,,,,,,25.274237399299093,25.325482713435985,3.919285991,74.43999717,,0
Slovak Republic,SVK,2013,99134277850.0,14.226,2523000000.0,2.34921,128513.0,,,77.8826,1.40047369,0.752945123,65.22706439,False,,,,missing,missing,,,,,,,,25.319741109999384,25.274237399299093,3.606102635,76.70999012,,0
Slovak Republic,SVK,2014,101713000000.0,11.536,2582000000.0,2.15213,138571.0,,,79.98430177,-0.07616533,0.752728197,64.48702227,False,,,,missing,missing,,,,,,,,25.345420958773744,25.319741109999384,1.40047369,77.8826,,0
Slovak Republic,SVK,2015,89178548717.0,11.492,2266000000.0,2.62467,140455.0,,,77.63468203,-0.325219777,0.901296423,54.53788424,False,,,,missing,missing,,,,,,,,25.213906362375738,25.345420958773744,-0.07616533,79.98430177,,0
Slovak Republic,SVK,2016,90347173229.0,9.679,2420000000.0,2.68462,143080.0,,,80.47585728,-0.520010196,0.903421436,55.6987005,False,,,,missing,missing,,,,,,,,25.226925566599796,25.213906362375738,-0.325219777,77.63468203,,0
Slovak Republic,SVK,2017,95978130735.0,8.142,2599000000.0,2.58073,148444.0,,,81.62566752,1.311945882,0.885205508,58.3404639,False,,,,missing,missing,,,,,,,,25.287386197619032,25.226925566599796,-0.520010196,80.47585728,,0
Slovak Republic,SVK,2018,106612000000.0,6.544,2823000000.0,2.74076,151881.0,,,80.44892248,2.514037129,0.846772667,62.11832531,False,,,,missing,missing,,,,,,,,25.392461912699062,25.287386197619032,1.311945882,81.62566752,,0
Slovak Republic,SVK,2019,105843000000.0,5.761,2811000000.0,2.85776,157232.0,,,82.8536605,2.664561334,0.893276257,57.10070048,False,,,,missing,missing,,,,,,,,25.38522270102261,25.392461912699062,2.514037129,80.44892248,,0
Slovak Republic,SVK,2020,107733000000.0,6.719,1291000000.0,1.45,145894.0,,,89.92090413,1.936941267,0.875506397,55.86366949,False,,,,missing,missing,,,,,,,,25.40292178086105,25.38522270102261,2.664561334,82.8536605,,0
Slovak Republic,SVK,2021,120511000000.0,6.894,,1.41,140376.0,,,88.92560523,3.149606299,0.845494139,57.71760886,False,,,,missing,missing,,,,,,,,25.515006872017832,25.40292178086105,1.936941267,89.92090413,,0
Slovak Republic,SVK,2022,115793000000.0,6.143,,2.0,144918.0,,,89.06766196,12.77414636,0.949623753,51.33180361,False,,,,missing,missing,,,,,,,,25.475069951208102,25.515006872017832,3.149606299,88.92560523,,0
Sweden,SWE,2008,514614000000.0,6.235,14622000000.0,2.65229,,,,90.0,3.437049106,6.591099167,133.1945502,False,,,,missing,missing,,,,,,,,26.96668294202057,,,,,0
Sweden,SWE,2009,434312000000.0,8.351,12075000000.0,2.77614,,,,91.0,-0.494460544,7.653819167,116.4958191,False,,,,missing,missing,,,,,,,,26.79702900677551,26.96668294202057,3.437049106,90.0,,0
Sweden,SWE,2010,492751000000.0,8.61,13973000000.0,2.54512,,,,90.0,1.157988027,7.207524167,125.2467393,False,,,,missing,missing,,,,,,,,26.92326981240387,26.79702900677551,-0.494460544,91.0,,0
Sweden,SWE,2011,570539000000.0,7.804,,2.61123,,2840.0,19405.0,92.76998606,2.961150738,6.493543333,136.1974741,False,,,,missing,missing,,,,,,,,27.069847364998793,26.92326981240387,1.157988027,90.0,,0
Sweden,SWE,2012,549740000000.0,7.976,,2.74303,,3456.0,20011.0,93.17998801,0.888377507,6.775015833,127.7453546,False,,,,missing,missing,,,,,,,,27.032711276129437,27.069847364998793,2.961150738,92.76998606,,0
Sweden,SWE,2013,584125000000.0,8.052,,2.67147,,3362.0,18803.0,94.7836,-0.04429297,6.513971667,131.9883082,False,,,,missing,missing,,,,,,,,27.093380837967,27.032711276129437,0.888377507,93.17998801,,0
Sweden,SWE,2014,577728000000.0,7.954,,2.62691,,3191.0,19945.0,92.5236065,-0.179638494,6.860785,127.203097,False,,,,missing,missing,,,,,,,,27.082369006622102,27.093380837967,-0.04429297,94.7836,,0
Sweden,SWE,2015,501602000000.0,7.432,,2.64972,268400.0,,,90.61019664,-0.046784745,8.434840833,104.9739192,False,,,,missing,missing,,,,,,,,26.941072813498003,27.082369006622102,-0.179638494,92.5236065,,0
Sweden,SWE,2016,513058000000.0,6.99,,2.73745,280900.0,,,89.65094761,0.984269245,8.561991667,103.0436182,False,,,,missing,missing,,,,,,,,26.96365473615518,26.941072813498003,-0.046784745,90.61019664,,0
Sweden,SWE,2017,535172000000.0,6.718,,2.60058,284400.0,,,93.00626697,1.794499047,8.548860833,103.5488491,False,,,,missing,missing,,,,,,,,27.005854027500973,26.96365473615518,0.984269245,89.65094761,,0
Sweden,SWE,2018,549649000000.0,6.365,,2.59829,287000.0,,,89.24696316,1.953535301,8.692518333,101.9943894,False,,,,missing,missing,,,,,,,,27.032545729630048,27.005854027500973,1.794499047,93.00626697,,0
Sweden,SWE,2019,530894000000.0,6.833,,2.43984,284500.0,,,94.49344341,1.784150974,9.458349167,90.7559538,False,,,,missing,missing,,,,,,,,26.99782821490879,27.032545729630048,1.953535301,89.24696316,,0
Sweden,SWE,2020,544266000000.0,8.291,,1.69136,249500.0,,,94.53943122,0.497367319,9.210309028,91.58884869,False,,,,missing,missing,,,,,,,,27.022703934883427,26.99782821490879,1.784150974,94.49344341,,0
Sweden,SWE,2021,631693000000.0,8.803,,1.93008,242200.0,,,94.6703163,2.163197364,8.576566716,97.51842756,False,,,,missing,missing,,,,,,,,27.171669353580235,27.022703934883427,0.497367319,94.53943122,,0
Sweden,SWE,2022,575071000000.0,7.417,,,286000.0,,,95.00970335,8.369290989,10.11425128,82.43962673,False,,,,missing,missing,,,,,,,,27.077759348381818,27.171669353580235,2.163197364,94.6703163,,0
Sweden,SWE,2023,578991000000.0,7.611,,,299100.0,,,95.70327461,8.548624897,10.6101613,80.26872318,False,,,,missing,missing,,,,,,,,27.084552770357146,27.077759348381818,8.369290989,95.00970335,,0
Eswatini,SWZ,2008,3235921171.0,27.891,59000000.0,1.36487,,,,6.85,12.65746019,8.261223333,42.6235744,False,,,,missing,missing,,,,,,,,21.897579475833584,,,,,0
Eswatini,SWZ,2009,3525213502.0,27.488,98000000.0,1.54996,,,,8.94,7.448234234,8.473674158,45.49746435,False,,,,missing,missing,,,,,,,,21.98320683931974,21.897579475833584,12.65746019,6.85,,0
Eswatini,SWZ,2010,4360714359.0,26.856,87000000.0,1.45438,,129.0,1343.0,11.04,4.509236918,7.321221961,53.55668935,False,,,,missing,missing,,,,,,,,22.195901724693762,21.98320683931974,7.448234234,8.94,,0
Eswatini,SWZ,2011,4722912047.0,26.105,35000000.0,1.19562,,135.0,1328.0,18.13,6.107427146,7.261132132,55.80586955,False,,,,missing,missing,,,,,,,,22.275691405413017,22.195901724693762,4.509236918,11.04,,0
Eswatini,SWZ,2012,4747813067.0,25.226,53000000.0,1.07246,,128.0,1279.0,20.78179932,8.939646828,8.209968627,54.43778562,False,,,,missing,missing,,,,,,,,22.28094994202577,22.275691405413017,6.107427146,18.13,,0
Eswatini,SWZ,2013,4463396204.0,24.556,48000000.0,0.95517,,130.0,1299.0,24.70000076,5.621306235,9.655056069,47.98773476,False,,,,missing,missing,,,,,,,,22.21917579391653,22.28094994202577,8.939646828,20.78179932,,0
Eswatini,SWZ,2014,4285065665.0,23.931,62000000.0,0.94373,,155.0,1325.0,25.0,5.681348858,10.85265557,45.07755204,False,,,,missing,missing,,,,,,,,22.178401713266133,22.21917579391653,5.621306235,24.70000076,,0
Eswatini,SWZ,2015,3908217914.0,23.431,64000000.0,1.09478,,210.3,1255.9,25.64299965,4.951244937,12.75893088,40.75550247,False,,,,missing,missing,,,,,,,,22.086347330575432,22.178401713266133,5.681348858,25.0,,0
Eswatini,SWZ,2016,3722306117.0,22.718,33000000.0,0.90679,,181.5,1278.7,28.56999969,7.847274591,14.70961089,38.16749023,False,,,,missing,missing,,,,,,,,22.037609237082737,22.086347330575432,4.951244937,25.64299965,,0
Eswatini,SWZ,2017,4462640651.0,24.543,74000000.0,1.25407,,190.5,1342.6,35.33160019,6.221375289,13.32380142,44.88536776,False,,,,missing,missing,,,,,,,,22.219006501986847,22.037609237082737,7.847274591,28.56999969,,0
Eswatini,SWZ,2018,4643751059.0,26.471,43000000.0,1.18346,,179.6,1277.2,39.38100052,4.815061675,13.23392647,46.54405841,False,,,,missing,missing,,,,,,,,22.25878829447877,22.219006501986847,6.221375289,35.33160019,,0
Eswatini,SWZ,2019,4617018959.0,28.222,33000000.0,1.18396,,185.0,1225.0,43.93389893,2.598016203,14.45178923,42.31195396,False,,,,missing,missing,,,,,,,,22.253015086808944,22.25878829447877,4.815061675,39.38100052,,0
Eswatini,SWZ,2020,4134677810.0,32.978,36400001.53,0.73489,,49.4,345.4,49.01300049,,16.47025587,37.15785405,False,,,,missing,missing,,,,,,,,22.142675244611226,22.253015086808944,2.598016203,43.93389893,,0
Eswatini,SWZ,2021,4807069277.0,34.153,,0.69022,14187.45643,71.0,210.7,53.99530029,,14.78343514,39.8781667,False,,,,missing,missing,,,,,,,,22.29335343744567,22.142675244611226,,49.01300049,,0
Eswatini,SWZ,2022,4746660274.0,36.472,,0.9,,85.4,502.5,57.34370041,,16.36228306,36.62092665,False,,,,missing,missing,,,,,,,,22.280707107491562,22.29335343744567,,53.99530029,,0
Eswatini,SWZ,2023,4621191262.0,34.61,,1.2,8521.641655,,,61.33330154,,18.45359249,33.20767332,False,,,,missing,missing,,,,,,,,22.25391835772049,22.280707107491562,,57.34370041,,0
Eswatini,SWZ,2024,4858885841.0,34.643,,1.3,,,,63.40309906,,18.31768683,33.0675101,False,,,,missing,missing,,,,,,,,22.30407499775378,22.25391835772049,,61.33330154,,0
Seychelles,SYC,2010,981616542.3,,63000000.0,,,10.0,175.0,41.0,-2.404638751,12.06775664,57.60716251,False,Visitors Workcation Program,,,missing,missing,,,,,,,,20.70471130360284,,,,,0
Seychelles,SYC,2011,1058918707.0,,65000000.0,,,7.0,194.0,43.16400146,2.559267722,12.38103191,55.6000934,False,Visitors Workcation Program,,,missing,missing,,,,,,,,20.780514136690947,20.70471130360284,-2.404638751,41.0,,0
Seychelles,SYC,2012,1089407839.0,,58000000.0,,,6.0,208.0,47.07600021,7.110370623,13.70403121,55.41346575,False,Visitors Workcation Program,,,missing,missing,,,,,,,,20.808900118592017,20.780514136690947,2.559267722,43.16400146,,0
Seychelles,SYC,2013,1333160407.0,,62000000.0,,,8.0,230.0,50.40000153,4.338938483,12.05831667,65.90975907,False,Visitors Workcation Program,,,missing,missing,,,,,,,,21.0108182062371,20.808900118592017,7.110370623,47.07600021,,0
Seychelles,SYC,2014,1387577870.0,,65000000.0,,,8.9,232.7,51.25469971,1.385834546,12.74703333,60.79038546,False,Visitors Workcation Program,,,missing,missing,,,,,,,,21.050825524532577,21.0108182062371,4.338938483,50.40000153,,0
Seychelles,SYC,2015,1432403352.0,,54000000.0,,,10.4,276.2,54.25960159,4.041944107,13.313925,60.28294528,False,Visitors Workcation Program,,,missing,missing,,,,,,,,21.08261953621427,21.050825524532577,1.385834546,51.25469971,,0
Seychelles,SYC,2016,1568513348.0,,92000000.0,,,9.4,303.2,56.51470184,-1.015481917,13.31911667,57.50153172,False,Visitors Workcation Program,,,missing,missing,,,,,,,,21.173394095600237,21.08261953621427,4.041944107,54.25960159,,0
Seychelles,SYC,2017,1675370641.0,,104000000.0,,,9.1,349.9,62.55310059,2.856795756,13.64784167,56.98635816,False,Visitors Workcation Program,,,missing,missing,,,,,,,,21.239300255953985,21.173394095600237,-1.015481917,56.51470184,,0
Seychelles,SYC,2018,1784313927.0,,101000000.0,,,9.9,361.9,69.23660278,3.702918391,13.91111667,57.46178777,False,Visitors Workcation Program,,,missing,missing,,,,,,,,21.302299823672996,21.239300255953985,2.856795756,62.55310059,,0
Seychelles,SYC,2019,1868690097.0,,109000000.0,,9922.421681,8.7,384.2,76.63420105,1.807094008,14.03325,55.93815583,False,Visitors Workcation Program,,,missing,missing,,,,,,,,21.34850353947244,21.302299823672996,3.702918391,69.23660278,,0
Seychelles,SYC,2020,1382551752.0,,39000000.0,,7812.664742,1.9,114.8,79.25170135,1.20266464,17.61651876,45.21348736,False,Visitors Workcation Program,,,missing,missing,,,,,,,,21.047196724294864,21.34850353947244,1.807094008,76.63420105,,0
Seychelles,SYC,2021,1487173795.0,,,,,1.9,182.9,81.99530029,9.76909937,16.92052257,49.97664268,False,Visitors Workcation Program,,,missing,missing,,,,,,,,21.12014337385586,21.047196724294864,1.20266464,79.25170135,,0
Seychelles,SYC,2022,2018346589.0,,,,,6.2,332.0,84.83380127,2.626036329,14.27279453,57.10188277,False,Visitors Workcation Program,,,missing,missing,,,,,,,,21.42554449289185,21.12014337385586,9.76909937,81.99530029,,0
Syrian Arab Republic,SYR,2010,61390830875.0,8.61,1598000000.0,,,442.0,9457.0,20.7,4.397413832,11.225,,False,,,,missing,missing,,,,,,,,24.840526326664644,,,,,0
Chad,TCD,2010,14058506664.0,0.911,,,,22.0,71.0,1.700000048,-2.077865746,494.7942622,49.22214898,False,,,,missing,missing,,,,,,,,23.366493506023776,,,,,0
Chad,TCD,2011,16685349674.0,0.92,,,,12.0,77.0,1.899999976,2.029240537,471.2486257,54.77603602,False,,,,missing,missing,,,,,,,,23.53779690631702,23.366493506023776,-2.077865746,1.700000048,,0
Chad,TCD,2012,17892228570.0,0.886,,,,29.0,86.0,2.099999905,7.516623647,510.5563385,55.61701997,False,,,,missing,missing,,,,,,,,23.607632297418647,23.53779690631702,2.029240537,1.899999976,,0
Chad,TCD,2020,14932897821.0,1.695,,,,3.3,10.4,8.343099594,4.464144372,575.5860045,39.65927014,False,,,,missing,missing,,,,,,,,23.42683252350165,23.607632297418647,7.516623647,2.099999905,,0
Chad,TCD,2021,16871937698.0,1.53,,,,17.4,33.1,9.653699875,-0.77284437,554.530675,38.8636644,False,,,,missing,missing,,,,,,,,23.54891758748923,23.42683252350165,4.464144372,8.343099594,,0
Togo,TGO,2015,5755457836.0,2.204,53000000.0,,,123.0,249.0,7.1199998860000004,2.585003908,591.211698,39.95662243,False,,,,missing,missing,,,,,,,,22.47341443043034,,,,,0
Togo,TGO,2016,6071167584.0,2.968,55000000.0,,,184.0,338.0,11.31000042,1.285448471,592.6056151,39.96952292,False,,,,missing,missing,,,,,,,,22.526816776732833,22.47341443043034,2.585003908,7.1199998860000004,,0
Togo,TGO,2017,6387424240.0,3.744,57000000.0,,,331.0,514.0,12.36022497,-0.981889869,580.6567496,39.92723402,False,,,,missing,missing,,,,,,,,22.577596931740533,22.526816776732833,1.285448471,11.31000042,,0
Togo,TGO,2018,7029215766.0,2.9,65000000.0,,,245.2,573.1,15.5,0.927755426,555.4464584,41.17528828,False,,,,missing,missing,,,,,,,,22.673340981211943,22.577596931740533,-0.981889869,12.36022497,,0
Togo,TGO,2019,6992654019.0,2.036,61000000.0,,,507.1,876.3,20.72730064,0.67465277,585.9110132,37.30778544,False,,,,missing,missing,,,,,,,,22.66812600911172,22.673340981211943,0.927755426,15.5,,0
Tajikistan,TJK,2012,7633036903.0,7.022,36500000.0,,,2.0,244.0,14.51000023,5.83116601,4.737708333,35.5516306,False,,,,missing,missing,,,,,,,,22.755751624416327,,,,,0
Tajikistan,TJK,2013,8448411318.0,7.019,42500000.0,,,2.0,208.0,16.0,5.009646453,4.764233333,35.2295952,False,,,,missing,missing,,,,,,,,22.857244250935313,22.755751624416327,5.83116601,14.51000023,,0
Tajikistan,TJK,2014,9112605459.0,7.024,,,,31.0,213.0,17.48999977,6.104427651,4.937566667,34.31594417,False,,,,missing,missing,,,,,,,,22.932924507218335,22.857244250935313,5.009646453,16.0,,0
Tajikistan,TJK,2015,8271431485.0,7.033,,,,22.0,414.0,18.97999954,5.714559496,6.163116667,32.16016285,False,,,,missing,missing,,,,,,,,22.836073424715234,22.932924507218335,6.104427651,17.48999977,,0
Tajikistan,TJK,2016,6992416097.0,7.036,24600000.38,,,29.0,345.0,20.46999931,6.004580823,7.835675,27.06757871,False,,,,missing,missing,,,,,,,,22.66809198396947,22.836073424715234,5.714559496,18.97999954,,0
Tajikistan,TJK,2017,7536402853.0,7.035,15100000.38,4.65583,,35.0,432.0,21.95999908,,8.549741667,27.49275048,False,,,,missing,missing,,,,,,,,22.743010829930757,22.66809198396947,6.004580823,20.46999931,,0
Tajikistan,TJK,2018,7764999999.0,7.028,24200000.76,3.77435,,5.4,1034.8,32.59999847,,9.151216667,27.18345306,False,,,,missing,missing,,,,,,,,22.772892293418277,22.743010829930757,,21.95999908,,0
Tajikistan,TJK,2019,8300813599.0,7.026,28399999.62,4.3023,,,,22.68630028,,9.530366667,25.17424873,False,,,,missing,missing,,,,,,,,22.839619370920833,22.772892293418277,,32.59999847,,0
Tajikistan,TJK,2020,8133963551.0,7.576,10800000.19,2.3837,,,,27.54409981,,10.32194167,22.83308434,False,,,,missing,missing,,,,,,,,22.819314163354278,22.839619370920833,,22.68630028,,0
Tajikistan,TJK,2021,8937805347.0,7.687,,3.37083,,,,36.70560074,,11.30885,22.49793639,False,,,,missing,missing,,,,,,,,22.913555909082238,22.819314163354278,,27.54409981,,0
Tajikistan,TJK,2022,10713525200.0,7.051,,3.37083,55457.0,,,48.91429901,,11.031075,23.31203912,False,,,,missing,missing,,,,,,,,23.094772817574782,22.913555909082238,,36.70560074,,0
Timor-Leste,TLS,2013,1395727421.0,3.57,57000000.0,,5090.056936,,,11.0,11.08490851,1.0,46.94286831,False,,,,missing,missing,,,,,,,,21.056681565058106,,,,,0
Timor-Leste,TLS,2021,3625024341.0,2.344,,,13249.7216,,,35.04199982,3.697920947,1.0,39.33932185,False,,,,missing,missing,,,,,,,,22.011126839989124,21.056681565058106,11.08490851,11.0,,0
Timor-Leste,TLS,2022,3208599889.0,1.537,,,4508.0,,,,7.005309454,1.0,40.90223495,False,,,,missing,missing,,,,,,,,21.88910050728672,22.011126839989124,3.697920947,35.04199982,,0
Tonga,TON,2010,366887375.0,1.501,21600000.38,,,4.6,47.1,16.0,3.534912392,1.905987842,76.50014071,False,,,,missing,missing,,,,,,,,19.720565478812517,,,,,0
Tonga,TON,2011,414143828.5,1.594,23399999.62,,,5.3,46.0,25.0,6.27075303,1.72895071,79.29255211,False,,,,missing,missing,,,,,,,,19.84172388329182,19.720565478812517,3.534912392,16.0,,0
Tonga,TON,2012,471122971.3,1.638,28500000.0,,,4.7,47.4,30.0,1.147538537,1.719507016,87.74580588,False,,,,missing,missing,,,,,,,,19.97062970346642,19.84172388329182,6.27075303,25.0,,0
Tonga,TON,2013,451788498.3,1.75,29100000.38,,,5.2,48.2,32.75400162,0.775629322,1.773713119,82.41207542,False,,,,missing,missing,,,,,,,,19.928724704170808,19.97062970346642,1.147538537,30.0,,0
Tonga,TON,2014,440997738.0,1.914,30100000.38,,,5.5,50.4,35.95439911,2.510876333,1.846773685,77.52352613,False,,,,missing,missing,,,,,,,,19.904550304146266,19.928724704170808,0.775629322,32.75400162,,0
Tonga,TON,2015,437525514.2,2.022,32400001.53,,,4.3,53.8,38.65129852,-1.05399832,2.105763257,75.36653079,False,,,,missing,missing,,,,,,,,19.896645580232935,19.904550304146266,2.510876333,35.95439911,,0
Tonga,TON,2016,420828262.3,2.048,23799999.24,,,4.8,59.1,39.95000076,2.578155152,2.215661104,67.36284067,False,,,,missing,missing,,,,,,,,19.857735380392878,19.896645580232935,-1.05399832,38.65129852,,0
Tonga,TON,2017,459976850.3,2.137,37700000.76,,,4.8,62.5,46.20080185,7.517062836,2.205972697,70.08958253,False,,,,missing,missing,,,,,,,,19.946686720746264,19.857735380392878,2.578155152,39.95000076,,0
Tonga,TON,2018,493530783.0,2.248,41200000.76,,1254.827199,4.3,54.0,48.80789948,5.03209692,2.236571476,73.1321725,False,,,,missing,missing,,,,,,,,20.017095791792148,19.946686720746264,7.517062836,46.20080185,,0
Tonga,TON,2019,506031239.0,2.165,44000000.0,,,3.8,67.3,51.56299973,1.179543348,2.28948563,73.97800758,False,,,,missing,missing,,,,,,,,20.04210896250023,20.017095791792148,5.03209692,48.80789948,,0
Tonga,TON,2020,506571467.9,2.712,38000000.0,,,0.4,9.0,54.47370148,-0.349737697,2.299561508,71.77788689,False,,,,missing,missing,,,,,,,,20.043175973179885,20.04210896250023,1.179543348,51.56299973,,0
Tonga,TON,2021,519306352.8,2.111,,,1406.052485,,0.2,57.549,5.640511406,2.264959601,71.03543344,False,,,,missing,missing,,,,,,,,20.068004542130822,20.043175973179885,-0.349737697,54.47370148,,0
Tonga,TON,2022,556514555.4,2.002,,,,0.7,18.4,61.60739899,10.97136529,2.327929827,72.61590314,False,,,,missing,missing,,,,,,,,20.137203883593894,20.068004542130822,5.640511406,57.549,,0
Tonga,TON,2023,591139749.4,1.652,,,1478.977669,,,64.13140106,6.351129803,2.363698818,72.3626105,False,,,,missing,missing,,,,,,,,20.19756301002325,20.137203883593894,10.97136529,61.60739899,,0
Trinidad and Tobago,TTO,2010,22157920592.0,4.033,97000000.0,,,74.0,388.0,48.5,10.54920032,6.375508333,54.63400441,False,,,,missing,missing,,,,,,,,23.82146085832153,,,,,0
Trinidad and Tobago,TTO,2011,25433007437.0,3.425,188000000.0,,,103.0,431.0,55.2,5.107132893,6.409300706,61.62305212,False,,,,missing,missing,,,,,,,,23.959313672738254,23.82146085832153,10.54920032,48.5,,0
Trinidad and Tobago,TTO,2012,27147349937.0,3.718,223000000.0,,,105.0,455.0,57.5,9.260281371,6.429602656,63.77063777,False,,,,missing,missing,,,,,,,,24.024545270348735,23.959313672738254,5.107132893,55.2,,0
Trinidad and Tobago,TTO,2013,28560537057.0,2.683,116000000.0,,,65.1,434.0,59.90000153,5.199817405,6.442629398,67.11031314,False,,,,missing,missing,,,,,,,,24.075291778757798,24.024545270348735,9.260281371,57.5,,0
Trinidad and Tobago,TTO,2014,29474180005.0,2.477,168000000.0,,,92.6,412.8,62.40000153,5.684418146,6.409094578,68.40672839,False,,,,missing,missing,,,,,,,,24.106780462965897,24.075291778757798,5.199817405,59.90000153,,0
Trinidad and Tobago,TTO,2015,26841141793.0,2.428,253000000.0,,,92.9,439.8,65.09999847,4.661215981,6.377441667,66.67870623,False,,,,missing,missing,,,,,,,,24.013201688867863,24.106780462965897,5.684418146,62.40000153,,0
Trinidad and Tobago,TTO,2016,23624322193.0,3.207,230000000.0,,,89.6,409.9,67.80000305,3.070667425,6.668966667,61.80699343,False,,,,missing,missing,,,,,,,,23.88554261967126,24.013201688867863,4.661215981,65.09999847,,0
Trinidad and Tobago,TTO,2017,23830750901.0,3.389,147000000.0,,,82.8,394.7,70.59999847,1.880384402,6.779525,61.66950664,False,,,,missing,missing,,,,,,,,23.89424263830337,23.88554261967126,3.070667425,67.80000305,,0
Trinidad and Tobago,TTO,2018,23883058083.0,3.497,149000000.0,,,81.6,375.4,72.76029968,1.018569302,6.770750898,61.28187077,False,,,,missing,missing,,,,,,,,23.896435177698912,23.89424263830337,1.880384402,70.59999847,,0
Trinidad and Tobago,TTO,2019,23477745792.0,3.523,133000000.0,,,82.0,388.6,74.98670197,1.00054293,6.754326683,58.71444653,False,,,,missing,missing,,,,,,,,23.87931882184604,23.896435177698912,1.018569302,72.76029968,,0
Trinidad and Tobago,TTO,2020,20888515184.0,4.206,42000000.0,4.8,39600.0,14.0,95.3,77.28130341,0.598986331,6.751052687,57.17490448,False,,,,missing,missing,,,,,,,,23.762465332152452,23.87931882184604,1.00054293,74.98670197,,0
Trinidad and Tobago,TTO,2021,24222963263.0,4.446,,5.5,44100.0,8.0,40.6,84.36576986,2.059227469,6.758530049,58.10805582,False,,,,missing,missing,,,,,,,,23.91056691535792,23.762465332152452,0.598986331,77.28130341,,0
Trinidad and Tobago,TTO,2022,28341164301.0,4.383,,7.4,54300.0,30.0,226.5,81.69760132,5.828386385,6.754128961,62.93064773,False,,,,missing,missing,,,,,,,,24.06758115367486,23.91056691535792,2.059227469,84.36576986,,0
Trinidad and Tobago,TTO,2023,25036993423.0,3.361,,7.3,46900.0,41.0,,81.9681015,4.629302424,6.750262379,52.83534286,False,,,,missing,missing,,,,,,,,23.94362030500276,24.06758115367486,5.828386385,81.69760132,,0
Trinidad and Tobago,TTO,2024,25633544529.0,3.318,,7.7,50900.0,38.0,,82.15989685,0.526884626,6.750123249,51.4919077,False,,,,missing,missing,,,,,,,,23.96716766385869,23.94362030500276,4.629302424,81.9681015,,0
Tunisia,TUN,2018,42686504460.0,15.459,954000000.0,4.13982,,,,64.19081023,7.30759176,2.646866667,30.63912853,False,,,,missing,missing,,,,,,,,24.47714865242421,,,,,0
Tunisia,TUN,2019,41905642419.0,17.153,889000000.0,4.49446,273097.6788,,,66.6999983,6.720075329,2.934433333,28.24274735,False,,,,missing,missing,,,,,,,,24.458686318746075,24.47714865242421,7.30759176,64.19081023,,0
Tunisia,TUN,2020,42491780918.0,17.651,407000000.0,1.69938,298099.0,,,68.55639648,5.634151159,2.812358333,29.7754147,False,,,,missing,missing,,,,,,,,24.472576504009787,24.458686318746075,6.720075329,66.6999983,,0
Tunisia,TUN,2021,47073234359.0,16.632,,1.94018,283922.0,,,68.31552226,5.706350208,2.794466667,31.39534545,False,,,,missing,missing,,,,,,,,24.574970403807995,24.472576504009787,5.634151159,68.55639648,,0
Tunisia,TUN,2022,44929920093.0,15.3,,3.10558,330234.0,,,,8.306461244,3.1036,27.22671252,False,,,,missing,missing,,,,,,,,24.528369781549266,24.574970403807995,5.706350208,68.31552226,,0
Tunisia,TUN,2023,48205328303.0,15.106,,4.88767,317293.0,,,,9.328995975,3.106166667,28.11748789,False,,,,missing,missing,,,,,,,,24.598735397598634,24.528369781549266,8.306461244,,,0
Tuvalu,TUV,2011,39196957.49,,11449999.81,,,0.3,1.2,16.5,0.500580743,,114.4887708,False,,,,missing,missing,,,,,,,,17.484109686697465,,,,,0
Tuvalu,TUV,2012,39345579.47,,11500000.0,,,0.3,1.1,18.70000076,,,113.5017798,False,,,,missing,missing,,,,,,,,17.48789418776245,17.484109686697465,0.500580743,16.5,,0
Tuvalu,TUV,2013,38615890.63,,6900000.095,,,0.6,1.3,21.20000076,,,107.1097922,False,,,,missing,missing,,,,,,,,17.469174424072754,17.48789418776245,,18.70000076,,0
Tuvalu,TUV,2014,38760982.65,,7500000.0,,,0.6,1.4,24.10000038,,,103.2176274,False,,,,missing,missing,,,,,,,,17.47292469683266,17.469174424072754,,21.20000076,,0
Tuvalu,TUV,2015,36811936.08,,9399999.619,,,1.1,2.4,27.29999924,,,88.9314479,False,,,,missing,missing,,,,,,,,17.42133270054907,17.47292469683266,,24.10000038,,0
Tuvalu,TUV,2016,41629064.22,,11399999.62,,,1.2,2.5,31.0,,,94.28519083,False,,,,missing,missing,,,,,,,,17.544309140417433,17.42133270054907,,27.29999924,,0
Tuvalu,TUV,2017,45276595.35,,10100000.38,,109.0,,,35.20000076,,,98.34353059,False,,,,missing,missing,,,,,,,,17.628300797998644,17.544309140417433,,31.0,,0
Tuvalu,TUV,2018,48015259.88,,10800000.19,,,1.5,3.1,,,,100.5592251,False,,,,missing,missing,,,,,,,,17.68702943251483,17.628300797998644,,35.20000076,,0
Tuvalu,TUV,2019,54123198.57,,9800000.191,,,2.2,3.7,,,,97.18848233,False,,,,missing,missing,,,,,,,,17.806773460961683,17.68702943251483,,,,0
Tuvalu,TUV,2020,51746594.31,,,,,0.4,0.6,,,,96.63209481,False,,,,missing,missing,,,,,,,,17.761869177509368,17.806773460961683,,,,0
Tuvalu,TUV,2021,60196405.71,,,,,0.02,0.04,,,,108.838767,False,,,,missing,missing,,,,,,,,17.913123202682634,17.761869177509368,,,,0
Tuvalu,TUV,2022,59065982.09,,,,98.0,0.123,0.244,,,,100.2112315,False,,,,missing,missing,,,,,,,,17.89416571750156,17.913123202682634,,,,0
Tanzania,TZA,2010,32012892919.0,3.03,861000000.0,,,56.0,783.0,2.900000095,6.200155956,1395.625,35.59145359,False,,,,missing,missing,,,,,,,,24.18940456232098,,,,,0
Tanzania,TZA,2011,34657140096.0,3.47,928000000.0,,,47.0,868.0,3.200000048,12.69096947,1557.433333,35.06237439,False,,,,missing,missing,,,,,,,,24.268769604730807,24.18940456232098,6.200155956,2.900000095,,0
Tanzania,TZA,2012,39650394363.0,3.223,1003000000.0,,,56.0,1077.0,3.950000048,16.00109385,1571.698333,41.37154635,False,,,,missing,missing,,,,,,,,24.40336673108121,24.268769604730807,12.69096947,3.200000048,,0
Tanzania,TZA,2013,45648857242.0,2.93,1101000000.0,,,66.0,1096.0,4.400000095,7.870723646,1597.555833,44.25373628,False,,,,missing,missing,,,,,,,,24.544244410640104,24.40336673108121,16.00109385,3.950000048,,0
Tanzania,TZA,2014,49986726461.0,2.125,1185000000.0,,989659.1611,68.3,1140.1,7.0,6.13161433,1653.230833,46.04528039,False,,,,missing,missing,,,,,,,,24.63502333635095,24.544244410640104,7.870723646,4.400000095,,0
Tanzania,TZA,2015,47413919817.0,2.009,1288000000.0,,,76.2,1137.1,10.0,5.58816953,1991.390833,40.52714266,False,,,,missing,missing,,,,,,,,24.582181689561036,24.63502333635095,6.13161433,7.0,,0
Tanzania,TZA,2016,49774409374.0,1.931,992000000.0,,,67.1,1284.3,13.50423285,5.174766293,2177.086667,39.14284271,False,,,,missing,missing,,,,,,,,24.630766820909646,24.582181689561036,5.58816953,10.0,,0
Tanzania,TZA,2017,53274884533.0,1.854,873000000.0,,,58.0,1327.0,14.46339989,5.318716052,2228.856667,39.90603612,False,,,,missing,missing,,,,,,,,24.698730847551925,24.630766820909646,5.174766293,13.50423285,,0
Tanzania,TZA,2018,57003712892.0,1.792,818000000.0,,,76.1,1505.6,15.49069977,3.494458489,2263.781667,37.50554273,False,,,,missing,missing,,,,,,,,24.766382241115686,24.698730847551925,5.318716052,14.46339989,,0
Tanzania,TZA,2019,61026731926.0,1.735,738200012.2,,,64.6,1526.8,16.59090042,3.46428058,2288.206667,35.65953377,False,,,,missing,missing,,,,,,,,24.83457783342083,24.766382241115686,3.494458489,15.49069977,,0
Tanzania,TZA,2020,66068737786.0,1.792,,,773303.8031,19.5,620.9,19.48139954,3.290290628,2294.146151,33.95769419,False,,,,missing,missing,,,,,,,,24.913961518613196,24.83457783342083,3.46428058,16.59090042,,0
Tanzania,TZA,2021,70655628148.0,1.876,,,,92.7,1026.9,22.87540054,3.690919588,2297.764226,33.20438039,False,,,,missing,missing,,,,,,,,24.981083605296142,24.913961518613196,3.290290628,19.48139954,,0
Uganda,UGA,2010,26673441431.0,3.623,464000000.0,,,184.0,946.0,4.300000191,3.976552885,2177.557507,39.37196587,False,,,,missing,missing,,,,,,,,24.006934204348518,,,,,0
Uganda,UGA,2011,27871725241.0,3.523,540000000.0,,,160.0,1151.0,4.599999905,16.56434962,2522.802033,36.84842328,False,,,,missing,missing,,,,,,,,24.050878579681864,24.006934204348518,3.976552885,4.300000191,,0
Uganda,UGA,2012,27305915911.0,3.551,642000000.0,,,210.0,1197.0,4.800000191,12.67903772,2504.563078,39.13601028,False,,,,missing,missing,,,,,,,,24.030369215697895,24.050878579681864,16.56434962,4.599999905,,0
Uganda,UGA,2013,28915786517.0,1.91,349000000.0,,,296.0,1206.0,5.099999905,4.905208757,2586.889569,40.01626977,False,,,,missing,missing,,,,,,,,24.08765352918959,24.030369215697895,12.67903772,4.800000191,,0
Uganda,UGA,2014,32612397257.0,2.357,342000000.0,,,271.5,1266.0,5.400000095,3.07570669,2599.788201,41.98926655,False,,,,missing,missing,,,,,,,,24.20795833698651,24.08765352918959,4.905208757,5.099999905,,0
Uganda,UGA,2015,32387183730.0,2.681,278000000.0,,,322.0,1302.8,5.699999809,5.589686063,3240.64542,39.40403914,False,,,,missing,missing,,,,,,,,24.201028617599775,24.20795833698651,3.07570669,5.400000095,,0
Uganda,UGA,2016,29203988696.0,3.002,309000000.0,3.7,,289.9,1322.5,5.9,5.706375046,3420.098007,34.76180705,False,,,,missing,missing,,,,,,,,24.097571136069913,24.201028617599775,5.589686063,5.699999809,,0
Uganda,UGA,2017,30744473841.0,3.428,365000000.0,,,492.2,1402.4,7.417900085,5.209717059,3611.224458,35.46030638,False,,,,missing,missing,,,,,,,,24.14897610256091,24.097571136069913,5.706375046,5.9,,0
Uganda,UGA,2018,32927025620.0,3.249,497000000.0,,,432.1,1505.7,9.326299667,2.61601191,3727.068995,34.2623698,False,,,,missing,missing,,,,,,,,24.217559604930873,24.14897610256091,5.209717059,7.417900085,,0
Uganda,UGA,2019,35353061003.0,3.057,596000000.0,3.64006,573508.0,630.9,1542.6,11.72579956,2.867588034,3704.049072,33.67656892,False,,,,missing,missing,,,,,,,,24.288650816855597,24.217559604930873,2.61601191,9.326299667,,0
Uganda,UGA,2020,37600368242.0,3.819,268000000.0,,,302.9,473.1,7.4,3.313322895,3718.248923,33.4002034,False,,,,missing,missing,,,,,,,,24.350279680964515,24.288650816855597,2.867588034,11.72579956,,0
Uganda,UGA,2021,40529788749.0,3.416,,,610806.0,128.2,512.9,10.0,2.204572048,3587.051707,32.87962395,False,,,,missing,missing,,,,,,,,24.42530306535987,24.350279680964515,3.313322895,7.4,,0
Uganda,UGA,2022,45565333211.0,2.885,,2.4,610806.0,,,9.636899948,7.19578886,3689.817386,32.99627658,False,,,,missing,missing,,,,,,,,24.542413027739485,24.42530306535987,2.204572048,10.0,,0
Uganda,UGA,2023,48768955863.0,2.754,,3.2,803691.0,,,9.286999702,5.350948043,3726.14046,32.33056956,False,,,,missing,missing,,,,,,,,24.610359797027666,24.542413027739485,7.19578886,9.636899948,,0
Ukraine,UKR,2010,141209000000.0,8.1,4134000000.0,,,762.0,21203.0,23.3,9.372931051,7.935639417,35.9579393,False,,,,missing,missing,,,,,,,,25.673506899351057,,,,,0
Ukraine,UKR,2011,169334000000.0,7.851,4829000000.0,,,704.0,21415.0,28.70826284,7.955724663,7.967562833,40.0663421,False,,,,missing,missing,,,,,,,,25.855138932856907,25.673506899351057,9.372931051,23.3,,0
Ukraine,UKR,2012,182592000000.0,7.529,5536000000.0,,,374.0,23013.0,35.27,0.568727972,7.991029333,41.36528823,False,,,,missing,missing,,,,,,,,25.930519992537445,25.855138932856907,7.955724663,28.70826284,,0
Ukraine,UKR,2013,190499000000.0,7.17,6300000000.0,,,168.0,24671.0,40.954129,-0.238948626,7.993,37.87567338,False,,,,missing,missing,,,,,,,,25.972912782155557,25.930519992537445,0.568727972,35.27,,0
Ukraine,UKR,2014,133504000000.0,9.27,5470000000.0,,,50.5,12711.5,46.23597546,12.07185629,11.88665942,29.11170593,False,,,,missing,missing,,,,,,,,25.617397276884663,25.972912782155557,-0.238948626,40.954129,,0
Ukraine,UKR,2015,91030967789.0,9.14,5408000000.0,,,41.0,12428.0,48.88464368,48.69986464,21.84469777,21.10974396,False,,,,missing,missing,,,,,,,,25.234465590946147,25.617397276884663,12.07185629,46.23597546,,0
Ukraine,UKR,2016,93355869404.0,9.35,6306000000.0,,,35.5,13333.2,53.0009696,13.9127102,25.55133412,19.8668126,False,,,,missing,missing,,,,,,,,25.259684580201284,25.234465590946147,48.69986464,48.88464368,,0
Ukraine,UKR,2017,112091000000.0,9.5,7536000000.0,,,93.5,14229.7,58.88947945,14.43832275,26.5966063,22.57514867,False,,,,missing,missing,,,,,,,,25.442576878342063,25.259684580201284,13.9127102,53.0009696,,0
Ukraine,UKR,2018,130891000000.0,8.799,8287000000.0,,,54.2,14104.1,62.55315539,10.95185594,27.20049233,24.36550154,False,,,,missing,missing,,,,,,,,25.59763075272391,25.442576878342063,14.43832275,58.88947945,,0
Ukraine,UKR,2019,153883000000.0,8.194,8907000000.0,,407.0,48.0,13437.8,70.1248443,7.886717456,25.84558933,25.46062921,False,,,,missing,missing,,,,,,,,25.75945841035141,25.59763075272391,10.95185594,62.55315539,,0
Ukraine,UKR,2020,156618000000.0,9.475,4823000000.0,,379.0,14.29,3141.1,75.03790912,2.732492094,26.95752438,23.87081039,False,,,,missing,missing,,,,,,,,25.777075556426464,25.75945841035141,7.886717456,70.1248443,,0
Ukraine,UKR,2021,199766000000.0,9.834,,,351.0,40.257,3973.2,79.21829353,9.363139177,27.28618938,26.76138355,False,,,,missing,missing,,,,,,,,26.020412518510106,25.777075556426464,2.732492094,75.03790912,,0
Ukraine,UKR,2022,161990000000.0,,,,,2.429,2173.2,80.47429657,20.18363666,32.3423016,28.43816078,False,,,,missing,missing,,,,,,,,25.810800441878456,26.020412518510106,9.363139177,79.21829353,,0
Ukraine,UKR,2024,190741000000.0,,,,,0.459,,82.47489929,6.501984647,40.15208272,28.93100973,False,,,,missing,missing,,,,,,,,25.97418232382224,25.810800441878456,20.18363666,80.47429657,,0
United States,USA,2008,14769900000000.0,5.784,119135000000.0,2.71192,,,,74.0,3.839100297,1.0,100.0,False,,,,missing,missing,,,,,,,,30.323612441968212,,,,,0
United States,USA,2009,14478100000000.0,9.254,115123000000.0,2.59589,,,,71.0,-0.355546266,1.0,100.0,False,,,,missing,missing,,,,,,,,30.303658278807003,30.323612441968212,3.839100297,74.0,,0
United States,USA,2010,15049000000000.0,9.633,123831000000.0,2.62993,,5773.412904,26362.616,71.69,1.640043442,1.0,100.0,False,,,,missing,missing,,,,,,,,30.34233265973313,30.303658278807003,-0.355546266,71.0,,0
United States,USA,2011,15599700000000.0,8.949,130606000000.0,2.71303,,5993.32251,28539.631,69.72946076,3.156841569,1.0,100.0,False,,,,missing,missing,,,,,,,,30.378272799229894,30.34233265973313,1.640043442,71.69,,0
United States,USA,2012,16254000000000.0,8.069,138167000000.0,2.72392,,6134.465232,30070.908,74.7,2.069337265,1.0,100.0,False,,,,missing,missing,,,,,,,,30.41936014825956,30.378272799229894,3.156841569,69.72946076,,0
United States,USA,2013,16843200000000.0,7.375,132322000000.0,2.81766,,6467.991046,33688.677,71.4,1.464832656,1.0,100.0,False,,,,missing,missing,,,,,,,,30.454968130443472,30.41936014825956,2.069337265,74.7,,0
United States,USA,2014,17550700000000.0,6.168,140228000000.0,2.78754,,6459.470315,35295.842,73.0,1.622222977,1.0,100.0,False,,,,missing,missing,,,,,,,,30.49611495108488,30.454968130443472,1.464832656,71.4,,0
United States,USA,2015,18206000000000.0,5.28,144669000000.0,2.88548,,7275.93464,38700.15,74.55420245,0.118627136,1.0,100.0,False,,,,missing,missing,,,,,,,,30.532772326011646,30.49611495108488,1.622222977,73.0,,0
United States,USA,2016,18695100000000.0,4.869,147640000000.0,2.88621,,6863.272432,38129.404,85.54442129,1.261583206,1.0,100.0,False,,,,missing,missing,,,,,,,,30.559282573367124,30.532772326011646,0.118627136,74.55420245,,0
United States,USA,2017,19477300000000.0,4.355,158287000000.0,2.9547,,6963.914798,38905.524,87.27488917,2.130110004,1.0,100.0,False,,,,missing,missing,,,,,,,,30.60027080084046,30.559282573367124,1.261583206,85.54442129,,0
United States,USA,2018,20533100000000.0,3.896,176818000000.0,2.9604,,6979.493175,39883.361,88.49890317,2.442583297,1.0,100.0,False,,,,missing,missing,,,,,,,,30.653059334098984,30.60027080084046,2.130110004,87.27488917,,0
United States,USA,2019,21381000000000.0,3.669,186079000000.0,3.01889,,6988.0,40393.0,89.43028486,1.812210075,1.0,100.0,False,,,,missing,missing,,,,,,,,30.69352379311639,30.653059334098984,2.442583297,88.49890317,,0
United States,USA,2020,21060500000000.0,8.055,48837000000.0,2.1474,,1625.1,7593.9,90.34470367,1.233584396,1.0,100.0,False,,,,missing,missing,,,,,,,,30.678420364042957,30.69352379311639,1.812210075,89.43028486,,0
United States,USA,2021,23315100000000.0,5.349,,2.76457,,1128.5,9174.9,91.2684021,4.697858864,1.0,100.0,False,,,,missing,missing,,,,,,,,30.780122335263915,30.678420364042957,1.233584396,90.34470367,,0
United States,USA,2022,25604800000000.0,3.65,,2.96,,,,92.72850037,8.002799821,1.0,100.0,False,,,,missing,missing,,,,,,,,30.873800949838138,30.780122335263915,4.697858864,91.2684021,,0
United States,USA,2023,27292200000000.0,3.638,,3.03,,,,93.52559662,4.116338384,1.0,100.0,False,,,,missing,missing,,,,,,,,30.937622063009645,30.873800949838138,8.002799821,92.72850037,,0
Uzbekistan,UZB,2010,49765676402.0,5.36,,,,75.0,975.0,15.89999962,,,31.9138242,False,,,,missing,missing,,,,,,,,24.630591354474102,,,,,0
Uzbekistan,UZB,2011,60178909297.0,4.96,,,,76.6,1393.1,18.6,13.77974465,,35.09319158,False,,,,missing,missing,,,,,,,,24.82058778397277,24.630591354474102,,15.89999962,,0
Uzbekistan,UZB,2012,67517349212.0,4.87,,,,87.5,1895.1,23.60000038,13.20880267,,37.4075065,False,,,,missing,missing,,,,,,,,24.9356504271625,24.82058778397277,13.77974465,18.6,,0
Uzbekistan,UZB,2013,73180037915.0,4.86,,,,140.0,1969.0,26.79999924,11.84143336,2094.988465,38.39210177,False,,,,missing,missing,,,,,,,,25.01618851464338,24.9356504271625,13.20880267,23.60000038,,0
Uzbekistan,UZB,2014,80845385809.0,5.09,1509000000.0,,,145.4,1862.0,35.5,9.283093562,2310.948159,40.46984967,False,,,,missing,missing,,,,,,,,25.115804350332876,25.01618851464338,11.84143336,26.79999924,,0
Uzbekistan,UZB,2015,86196264755.0,5.15,1902000000.0,,205350.0,139.4,1917.7,42.79999924,8.751881967,2567.987213,41.22597176,False,,,,missing,missing,,,,,,,,25.179892681368603,25.115804350332876,9.283093562,35.5,,0
Uzbekistan,UZB,2016,86138288644.0,5.16,1832000000.0,,186362.0,173.2,2027.0,46.79130173,8.130886695,2965.253499,39.79277674,False,,,,missing,missing,,,,,,,,25.179219849228517,25.179892681368603,8.751881967,42.79999924,,0
Uzbekistan,UZB,2017,69703222283.0,5.83,2107000000.0,,210213.0,185.4,2690.1,48.69999885,13.87574254,5113.878946,28.01996671,False,,,,missing,missing,,,,,,,,24.967512384390336,25.179219849228517,8.130886695,46.79130173,,0
Uzbekistan,UZB,2018,58695899092.0,5.392,2722000000.0,,229679.0,122.1,5346.2,55.20000067,17.52417965,8069.606237,22.30458739,False,,,,missing,missing,,,,,,,,24.795635699193483,24.967512384390336,13.87574254,48.69999885,,0
Uzbekistan,UZB,2019,67293639798.0,4.936,2753000000.0,,268562.0,128.4,6748.5,70.39999865,14.52573596,8836.7875,23.89238799,False,,,,missing,missing,,,,,,,,24.93233156390088,24.795635699193483,17.52417965,55.20000067,,0
Uzbekistan,UZB,2020,66443265418.0,5.293,1062000000.0,0.51941,241071.0,,,71.09999824,12.86772974,10054.26133,23.40682531,False,,,,missing,missing,,,,,,,,24.919614268858236,24.93233156390088,14.52573596,70.39999865,,0
Uzbekistan,UZB,2021,77340060003.0,5.364,,1.00047,235291.0,,,76.59043014,10.84923975,10609.46439,24.42264952,False,,,,missing,missing,,,,,,,,25.07147789895924,24.919614268858236,12.86772974,71.09999824,,0
Uzbekistan,UZB,2022,90095926567.0,4.456,,1.61359,244224.0,,,83.90000012,11.4466437,11050.14542,24.96593734,False,,,,missing,missing,,,,,,,,25.22414079040551,25.07147789895924,10.84923975,76.59043014,,0
Uzbekistan,UZB,2023,102642000000.0,4.434,,1.35587,245727.0,,,89.01361047,9.956590713,11734.83342,25.82475985,False,,,,missing,missing,,,,,,,,25.35451304264462,25.22414079040551,11.4466437,83.90000012,,0
St. Vincent and the Grenadines,VCT,2010,720447888.9,19.924,,,,14.0,72.0,33.70000076,0.747109026,2.7,62.03747056,False,,,,missing,missing,,,,,,,,20.395383644486998,,,,,0
St. Vincent and the Grenadines,VCT,2011,713796370.4,20.006,,,,14.0,74.0,36.70000076,3.186031116,2.7,60.58960049,False,,,,missing,missing,,,,,,,,20.386108284109675,20.395383644486998,0.747109026,33.70000076,,0
St. Vincent and the Grenadines,VCT,2012,730032592.6,19.833,,,,13.0,74.0,40.0,2.598444141,2.7,61.09847649,False,,,,missing,missing,,,,,,,,20.408599738507306,20.386108284109675,3.186031116,36.70000076,,0
St. Vincent and the Grenadines,VCT,2013,764781259.3,19.356,,,,12.9,71.7,43.5,0.805127804,2.7,60.83914853,False,,,,missing,missing,,,,,,,,20.45510041534789,20.408599738507306,2.598444141,40.0,,0
St. Vincent and the Grenadines,VCT,2014,770900000.0,19.237,34000000.0,,,12.7,70.7,47.4,0.193858561,2.7,59.0728004,False,,,,missing,missing,,,,,,,,20.46306922142949,20.45510041534789,0.805127804,43.5,,0
St. Vincent and the Grenadines,VCT,2015,786555555.6,19.135,40000000.0,,,13.0,75.4,49.40000153,-1.73361195,2.7,59.40567889,False,,,,missing,missing,,,,,,,,20.48317391445875,20.46306922142949,0.193858561,47.4,,0
St. Vincent and the Grenadines,VCT,2016,814303703.7,19.029,41000000.0,,,13.5,78.7,51.5,-0.149641648,2.7,56.74519808,False,,,,missing,missing,,,,,,,,20.51784395475073,20.48317391445875,-1.73361195,49.40000153,,0
St. Vincent and the Grenadines,VCT,2017,844040740.7,19.024,38000000.0,,,13.7,76.4,53.70000076,2.153336488,2.7,58.84191725,False,,,,missing,missing,,,,,,,,20.55371132236679,20.51784395475073,-0.149641648,51.5,,0
St. Vincent and the Grenadines,VCT,2018,884329629.6,19.005,40000000.0,,,14.3,80.1,56.0,2.324144854,2.7,57.3738107,False,,,,missing,missing,,,,,,,,20.60034043526079,20.55371132236679,2.153336488,53.70000076,,0
St. Vincent and the Grenadines,VCT,2019,910481481.5,19.248,40000000.0,,,16.9,83.9,59.57630157,0.913069725,2.7,56.98075118,False,,,,missing,missing,,,,,,,,20.62948411810028,20.60034043526079,2.324144854,56.0,,0
St. Vincent and the Grenadines,VCT,2020,864566666.7,20.635,13000000.0,,,3.8,26.6,63.38100052,-0.628131309,2.7,54.45277249,False,,,,missing,missing,,,,,,,,20.57773897601949,20.62948411810028,0.913069725,59.57630157,,0
St. Vincent and the Grenadines,VCT,2021,888677777.8,20.356,,,,3.8,24.3,68.83339691,1.572729325,2.7,53.33826719,False,,,,missing,missing,,,,,,,,20.605245273107442,20.57773897601949,-0.628131309,63.38100052,,0
St. Vincent and the Grenadines,VCT,2022,989188888.9,19.277,,,,8.0,59.1,74.75479889,5.660097792,2.7,53.75629747,False,,,,missing,missing,,,,,,,,20.712395861138422,20.605245273107442,1.572729325,68.83339691,,0
"Venezuela, RB",VEN,2010,393192000000.0,7.112,2944000000.0,,,124.0,526.0,37.37,28.18746471,2.582060317,82.52282532,False,,,,missing,missing,,,,,,,,26.697563879132485,,,,,0
"Venezuela, RB",VEN,2011,316482000000.0,6.902,3994000000.0,,,147.1,594.7,40.22,26.09021232,4.2893,62.50396544,False,,,,missing,missing,,,,,,,,26.480532204875452,26.697563879132485,28.18746471,37.37,,0
"Venezuela, RB",VEN,2012,372592000000.0,6.601,4592000000.0,,,221.6,987.9,49.05008307,21.06899563,4.2893,,False,,,,missing,missing,,,,,,,,26.64374982413729,26.480532204875452,26.09021232,40.22,,0
"Venezuela, RB",VEN,2013,258931000000.0,7.54,5417000000.0,,,259.1,985.6,54.90000153,40.63942752,6.047961842,,False,,,,missing,missing,,,,,,,,26.279827453886288,26.64374982413729,21.06899563,49.05008307,,0
"Venezuela, RB",VEN,2014,214690000000.0,6.821,4118000000.0,,,190.1,856.6,57.0,62.16864998,6.2842,,False,,,,missing,missing,,,,,,,,26.092460964127884,26.279827453886288,40.63942752,54.90000153,,0
"Venezuela, RB",VEN,2015,125449000000.0,6.139,3249000000.0,,,257.4,789.4,58.0,121.7380853,6.2842,,False,,,,missing,missing,,,,,,,,25.555165138423764,26.092460964127884,62.16864998,57.0,,0
"Venezuela, RB",VEN,2016,112915000000.0,5.319,2920000000.0,,,140.7,601.3,60.0,254.9485348,9.257344444,,False,,,,missing,missing,,,,,,,,25.449901160215678,25.555165138423764,121.7380853,58.0,,0
"Venezuela, RB",VEN,2017,115883000000.0,5.045,,,,131.1,427.3,,,9.975,,False,,,,missing,missing,,,,,,,,25.475846898362985,25.449901160215678,254.9485348,60.0,,0
British Virgin Islands,VGB,2010,,,,30.27512,,17.0,330.0,37.0,,,,False,,,,missing,missing,,,,,,,,,,,,,0
British Virgin Islands,VGB,2011,,,,30.35111,,21.0,338.0,37.4,,,,False,,,,missing,missing,,,,,,,,,,,37.0,,0
British Virgin Islands,VGB,2012,,,,30.32917,,21.0,351.0,37.6,,,,False,,,,missing,missing,,,,,,,,,,,37.4,,0
British Virgin Islands,VGB,2013,,,,30.76,,23.0,366.0,,,,,False,,,,missing,missing,,,,,,,,,,,37.6,,0
British Virgin Islands,VGB,2014,,,,30.86,,,,,,,,False,,,,missing,missing,,,,,,,,,,,,,0
British Virgin Islands,VGB,2015,,,,30.81,,,,,,,,False,,,,missing,missing,,,,,,,,,,,,,0
British Virgin Islands,VGB,2016,,,,37.0,,,,77.70142968,,,,False,,,,missing,missing,,,,,,,,,,,,,0
British Virgin Islands,VGB,2017,,,,32.405,,,,77.70426829,,,,False,,,,missing,missing,,,,,,,,,,,77.70142968,,0
British Virgin Islands,VGB,2018,,,,33.2025,,,,,,,,False,,,,missing,missing,,,,,,,,,,,77.70426829,,0
Vietnam,VNM,2010,147201000000.0,1.114,1470000000.0,,,1024.0,5050.0,30.65,9.207466488,18612.91667,31.23201426,False,,,,missing,missing,,,,,,,,25.71506483669637,,,,,0
Vietnam,VNM,2011,172595000000.0,0.999,1710000000.0,,2767076.617,1003.0,6014.0,35.07,18.67773228,20509.75,33.71730737,False,,,,missing,missing,,,,,,,,25.874213646462348,25.71506483669637,9.207466488,30.65,,0
Vietnam,VNM,2012,195591000000.0,1.027,1856000000.0,,2848022.864,1166.0,6848.0,36.79999924,9.094703396,20828.0,34.266693,False,,,,missing,missing,,,,,,,,25.999291581218593,25.874213646462348,18.67773228,35.07,,0
Vietnam,VNM,2013,213709000000.0,1.316,2050000000.0,6.06,2947121.119,1267.0,7572.0,38.5,6.592674759,20933.41667,34.91234391,False,,,,missing,missing,,,,,,,,26.087881113499343,25.999291581218593,9.094703396,36.79999924,,0
Vietnam,VNM,2014,233451000000.0,1.256,2650000000.0,6.14,3063064.164,1322.0,7874.0,41.0,4.084554466,21148.0,34.89689875,False,,,,missing,missing,,,,,,,,26.17623804192668,26.087881113499343,6.592674759,38.5,,0
Vietnam,VNM,2015,239258000000.0,1.848,3595000000.0,6.33,3191070.133,,,45.0,0.631200905,21697.5675,33.59892211,False,,,,missing,missing,,,,,,,,26.200808304546985,26.17623804192668,4.084554466,41.0,,0
Vietnam,VNM,2016,257096000000.0,1.848,4500000000.0,6.96,3241504.316,,,53.0,2.66824817,21935.00083,32.65936119,False,,,,missing,missing,,,,,,,,26.272715392948644,26.200808304546985,0.631200905,45.0,,0
Vietnam,VNM,2017,281354000000.0,1.874,5040000000.0,7.9,,,,58.14,3.520256888,22370.08667,32.23769186,False,,,,missing,missing,,,,,,,,26.362879499891864,26.272715392948644,2.66824817,53.0,,0
Vietnam,VNM,2018,310106000000.0,1.161,5910000000.0,8.39,3616409.795,,,69.84792868,3.539628059,22602.05,32.19100113,False,,,,missing,missing,,,,,,,,26.46018001146286,26.362879499891864,3.520256888,58.14,,0
Vietnam,VNM,2019,334365000000.0,1.681,6460000000.0,9.2,3725505.044,,,68.66158021,2.795823675,23050.24167,31.19788756,False,,,,missing,missing,,,,,,,,26.535499047607416,26.46018001146286,3.539628059,69.84792868,,0
Vietnam,VNM,2020,346616000000.0,2.103,4360000000.0,3.58,3670054.485,,,70.30000012,3.220934367,23208.36833,30.44140593,False,,,,missing,missing,,,,,,,,26.571483375886054,26.535499047607416,2.795823675,68.66158021,,0
Vietnam,VNM,2021,366475000000.0,2.383,,1.97,3367400.901,,,74.20999985,1.834715548,23159.78259,30.74299684,False,,,,missing,missing,,,,,,,,26.627196143122507,26.571483375886054,3.220934367,70.30000012,,0
Vietnam,VNM,2022,413445000000.0,1.57,,,3639631.147,,,78.58999918,3.1565075,23271.2125,29.83322084,False,,,,missing,missing,,,,,,,,26.747790331680715,26.627196143122507,1.834715548,74.20999985,,0
Vietnam,VNM,2023,433858000000.0,1.645,,,3907287.138,,,78.08,3.252892827,23787.31917,28.7538545,False,,,,missing,missing,,,,,,,,26.795983128568743,26.747790331680715,3.1565075,78.58999918,,0
Vanuatu,VUT,2010,670712979.7,4.681,34000000.0,,,9.6,97.2,8.0,2.762694695,96.90583333,102.98995,False,,,,missing,missing,,,,,,,,20.32385185335028,,,,,0
Vanuatu,VUT,2011,770153588.2,4.811,39000000.0,,,9.9,93.9,9.199999809,0.873793105,89.46916667,112.3415436,False,,,,missing,missing,,,,,,,,20.462100518116273,20.32385185335028,2.762694695,8.0,,0
Vanuatu,VUT,2012,747839697.7,4.936,43000000.0,,,11.3,108.2,10.59799957,1.347403629,92.6375,106.0215332,False,,,,missing,missing,,,,,,,,20.432699205083836,20.462100518116273,0.873793105,9.199999809,,0
Vanuatu,VUT,2013,758304466.2,5.038,46000000.0,,,9.1,110.1,11.30000019,1.458933718,94.5425,105.218563,False,,,,missing,missing,,,,,,,,20.446595533407216,20.432699205083836,1.347403629,10.59799957,,0
Vanuatu,VUT,2014,773717010.5,5.137,41000000.0,,,8.0,108.7,18.79999924,0.798863838,97.07166667,102.1429718,False,,,,missing,missing,,,,,,,,20.46671674518985,20.446595533407216,1.458933718,11.30000019,,0
Vanuatu,VUT,2015,759690181.0,5.168,34000000.0,,,8.7,89.9,22.35140038,2.483268757,108.9891667,95.13067787,False,,,,missing,missing,,,,,,,,20.44842125155117,20.46671674518985,0.798863838,18.79999924,,0
Vanuatu,VUT,2016,804323576.9,5.197,28000000.0,,,8.5,95.1,,0.842069084,108.475,96.61704682,False,,,,missing,missing,,,,,,,,20.505512205009254,20.44842125155117,2.483268757,22.35140038,,0
Vanuatu,VUT,2017,880043284.4,5.247,19000000.0,,,8.3,109.1,,3.084526244,107.8208333,100.0717234,False,,,,missing,missing,,,,,,,,20.595481651045077,20.505512205009254,0.842069084,,,0
Vanuatu,VUT,2018,914727908.1,5.353,21000000.0,,,7.6,115.7,,2.330963796,110.165,98.85794256,False,,,,missing,missing,,,,,,,,20.634137210820384,20.595481651045077,3.084526244,,,0
Vanuatu,VUT,2019,936526267.6,5.444,32000000.0,,5466.571172,8.0,120.6,,2.762520194,114.7325,96.63828806,False,,,,missing,missing,,,,,,,,20.657688128146997,20.634137210820384,2.330963796,,,0
Vanuatu,VUT,2020,909421043.5,4.046,22000000.0,,4626.382215,1.1,22.0,,5.329350731,115.38,96.94080435,False,,,,missing,missing,,,,,,,,20.628318739069865,20.657688128146997,2.762520194,,,0
Vanuatu,VUT,2022,1055031361.0,5.077,,,,1.8,30.4,,6.679305819,115.3539167,93.89609234,False,,,,missing,missing,,,,,,,,20.77683632949898,20.628318739069865,5.329350731,,,0
Samoa,WSM,2008,641346191.7,5.538,21600000.38,2.10536,,,,5.031599998,11.56590684,2.64417628,68.30233489,False,,,,missing,missing,,,,,,,,20.279079949749104,,,,,0
Samoa,WSM,2009,628006115.4,5.646,20000000.0,5.93516,,,,6.0,6.324953362,2.73077851,66.833677,False,,,,missing,missing,,,,,,,,20.258060462283147,20.279079949749104,11.56590684,5.031599998,,0
Samoa,WSM,2010,680260907.2,5.621,25200000.76,5.94588,,12.0,130.0,7.0,0.777007269,2.484656585,67.39758419,False,,,,missing,missing,,,,,,,,20.337986969604195,20.258060462283147,6.324953362,6.0,,0
Samoa,WSM,2011,744097050.2,5.68,22299999.24,5.00594,,11.0,128.0,11.0,5.235415915,2.317472012,69.55477634,False,,,,missing,missing,,,,,,,,20.427682028107515,20.337986969604195,0.777007269,7.0,,0
Samoa,WSM,2012,773141661.2,8.752,22299999.24,4.12531,2607.963377,33.0,135.0,12.92249966,2.049018835,2.29231195,73.69910055,False,,,,missing,missing,,,,,,,,20.46597285133961,20.427682028107515,5.235415915,11.0,,0
Samoa,WSM,2013,797736334.3,8.772,13899999.62,4.71747,,12.0,125.0,15.30000019,0.610085721,2.310900035,74.69091556,False,,,,missing,missing,,,,,,,,20.497288692671923,20.46597285133961,2.049018835,12.92249966,,0
Samoa,WSM,2014,796683519.6,8.72,4099999.905,4.45779,,13.4,131.7,21.20000076,-0.406816088,2.331768846,72.83481238,False,,,,missing,missing,,,,,,,,20.495968068307594,20.497288692671923,0.610085721,15.30000019,,0
Samoa,WSM,2015,824150498.7,8.901,2900000.095,5.19432,,11.7,139.1,,0.724470135,2.560873688,71.88525751,False,,,,missing,missing,,,,,,,,20.52986371524975,20.495968068307594,-0.406816088,21.20000076,,0
Samoa,WSM,2016,843924796.7,9.063,2099999.905,5.21456,,12.2,145.9,,1.304718693,2.564929673,67.52591612,False,,,,missing,missing,,,,,,,,20.553573945154266,20.52986371524975,0.724470135,,,0
Samoa,WSM,2017,884844384.5,9.4,3900000.095,5.36671,5037.981323,14.3,157.5,,1.749896775,2.554377116,68.58991,False,,,,missing,missing,,,,,,,,20.60092235078795,20.553573945154266,1.304718693,,,0
Samoa,WSM,2018,878448433.4,8.649,4099999.905,4.99849,,9.6,172.4,,4.197458887,2.587279951,66.97742019,False,,,,missing,missing,,,,,,,,20.593667765405314,20.60092235078795,1.749896775,,,0
Samoa,WSM,2019,912950466.1,7.858,5199999.809,4.80039,,13.3,180.8,,0.98232657,2.648826322,65.55922509,False,,,,missing,missing,,,,,,,,20.632192183089632,20.593667765405314,4.197458887,,,0
Samoa,WSM,2020,868884903.0,7.467,1799999.952,5.10718,,1.3,23.9,,-1.568912477,2.664960845,63.54225507,False,,,,missing,missing,,,,,,,,20.582721226816737,20.632192183089632,0.98232657,,,0
Samoa,WSM,2021,859724936.1,6.664,,5.45139,,,2.6,,3.133204732,2.556092342,63.32239054,False,,,,missing,missing,,,,,,,,20.57212305430736,20.582721226816737,-1.568912477,,,0
Samoa,WSM,2022,889554711.8,5.048,,4.40606,4752.601533,3.3,50.6,,10.96188223,2.688997647,59.8128551,False,,,,missing,missing,,,,,,,,20.60623157166651,20.57212305430736,3.133204732,,,0
Samoa,WSM,2023,1044909500.0,4.92,,3.69091,,,,,7.921646848,2.73843913,58.7951821,False,,,,missing,missing,,,,,,,,20.767196115742127,20.60623157166651,10.96188223,,,0
Zambia,ZMB,2010,20265559484.0,13.19,167000000.0,,,442.0,815.0,3.0,8.501761334,4.7975,46.84517617,False,,,,missing,missing,,,,,,,,23.732188705034428,,,,,0
Zambia,ZMB,2011,23459515276.0,10.548,223000000.0,,,570.6,920.1,3.5,6.429396811,4.861666667,50.32908932,False,,,,missing,missing,,,,,,,,23.878542018236203,23.732188705034428,8.501761334,3.0,,0
Zambia,ZMB,2012,25503060420.0,7.85,303000000.0,,,473.6,858.6,4.099999905,6.575899708,5.1475,51.45124478,False,,,,missing,missing,,,,,,,,23.96206429837998,23.878542018236203,6.429396811,3.5,,0
Zambia,ZMB,2013,28037239463.0,7.272,357000000.0,,,535.3,914.7,4.8,6.977676055,5.396483333,52.36039698,False,,,,missing,missing,,,,,,,,24.056799444301948,23.96206429837998,6.575899708,4.099999905,,0
Zambia,ZMB,2014,27141023558.0,6.576,378000000.0,,,434.0,947.0,6.5,7.806875536,6.154166667,49.6172464,False,,,,missing,missing,,,,,,,,24.024312204643454,24.056799444301948,6.977676055,4.8,,0
Zambia,ZMB,2015,21251216799.0,5.951,400000000.0,,,582.1,931.7,8.8,10.11059289,8.631666667,38.82811517,False,,,,missing,missing,,,,,,,,23.779679991806894,24.024312204643454,7.806875536,6.5,,0
Zambia,ZMB,2016,20958412538.0,5.244,423000000.0,,,548.5,956.3,10.30000019,17.86973008,10.3075,37.39673817,False,,,,missing,missing,,,,,,,,23.765805955840168,23.779679991806894,10.11059289,8.8,,0
Zambia,ZMB,2017,25873601261.0,4.529,410000000.0,,,599.1,1009.2,12.19999981,6.577311542,9.5175,43.73905131,False,,,,missing,missing,,,,,,,,23.97648902952489,23.765805955840168,17.86973008,10.30000019,,0
Zambia,ZMB,2018,26311507274.0,5.032,478000000.0,,,626.4,1071.7,14.2999971,7.494571927,10.45833333,42.527131,False,,,,missing,missing,,,,,,,,23.993272219373242,23.97648902952489,6.577311542,12.19999981,,0
Zambia,ZMB,2019,23308667781.0,5.538,511000000.0,,,580.4,1266.4,14.47189999,9.150316443,12.89,37.45424923,False,,,,missing,missing,,,,,,,,23.872091136108573,23.993272219373242,7.494571927,14.2999971,,0
Zambia,ZMB,2020,18137764931.0,6.032,474000000.0,,141211.1157,214.6,501.5,14.64579964,15.73306047,18.34409265,30.14107904,False,,,,missing,missing,,,,,,,,23.621262061859134,23.872091136108573,9.150316443,14.47189999,,0
Zambia,ZMB,2021,22096416932.0,5.197,,,140768.0893,211.1,554.3,14.82190037,22.02076762,20.01848659,32.17669268,False,,,,missing,missing,,,,,,,,23.81868130255191,23.621262061859134,15.73306047,14.64579964,,0
Zambia,ZMB,2022,29163782140.0,5.993,,,177686.5765,,,15.0,10.99320392,16.93759433,37.68436076,False,,,,missing,missing,,,,,,,,24.09619343869399,23.81868130255191,22.02076762,14.82190037,,0
Zambia,ZMB,2023,27577956471.0,5.861,,,171945.5022,,,16.45070076,10.88453169,20.21201787,32.6130364,False,,,,missing,missing,,,,,,,,24.04028261196889,24.09619343869399,10.99320392,15.0,,0
Zimbabwe,ZWE,2010,12047750000.0,5.469,203000000.0,,,343.0,2239.0,6.400000095,3.022670025,,51.78510099,False,,,,missing,missing,,,,,,,,23.21214375745665,,,,,0
Zimbabwe,ZWE,2011,14109000000.0,5.368,317000000.0,,,417.0,2423.0,8.399999619,3.466129728,,52.03353763,False,,,,missing,missing,,,,,,,,23.370078728577433,23.21214375745665,3.022670025,6.400000095,,0
Zimbabwe,ZWE,2012,17123500000.0,5.057,387000000.0,,,369.0,1794.0,12.0,3.725326661,,54.52654203,False,,,,missing,missing,,,,,,,,23.56371762601749,23.370078728577433,3.466129728,8.399999619,,0
Zimbabwe,ZWE,2013,19100750000.0,4.948,441000000.0,,,237.4,1832.6,15.5,1.634950415,,55.03599369,False,,,,missing,missing,,,,,,,,23.672993438243772,23.56371762601749,3.725326661,12.0,,0
Zimbabwe,ZWE,2014,19505500000.0,4.774,451000000.0,,,184.4,1880.0,16.36473996,-0.19778481,,53.73968121,False,,,,missing,missing,,,,,,,,23.69396231402918,23.672993438243772,1.634950415,15.5,,0
Zimbabwe,ZWE,2015,19973250000.0,5.399,557000000.0,,,159.9,2056.6,22.74279976,-2.430968424,,52.38398563,False,,,,missing,missing,,,,,,,,23.71765971524892,23.69396231402918,-0.19778481,16.36473996,,0
Zimbabwe,ZWE,2016,20559250000.0,5.896,406000000.0,,,142.2,2167.7,23.12000084,-1.543669601,,50.32240912,False,,,,missing,missing,,,,,,,,23.746576798268794,23.71765971524892,-2.430968424,22.74279976,,0
Zimbabwe,ZWE,2017,51035657371.0,6.35,337000000.0,,,165.6,2423.0,24.39999962,0.893962316,,48.94120097,False,,,,missing,missing,,,,,,,,24.65579038950661,23.746576798268794,-1.543669601,23.12000084,,0
Zimbabwe,ZWE,2018,34141666667.0,6.788,269000000.0,,,302.4,2579.9,25.0,10.61886587,,86.89748645,False,,,,missing,missing,,,,,,,,24.253784371721,24.65579038950661,0.893962316,24.39999962,,0
Zimbabwe,ZWE,2019,33357695635.0,7.373,257000000.0,,,220.6,2294.3,26.5883007,255.3049908,,52.43788362,False,,,,missing,missing,,,,,,,,24.230554336361674,24.253784371721,10.61886587,25.0,,0
Zimbabwe,ZWE,2020,31980334561.0,8.617,157000000.0,,,100.6,639.3,29.29856532,557.2018174,51.32901312,49.29118752,False,,,,missing,missing,,,,,,,,24.188387005867227,24.230554336361674,255.3049908,26.5883007,,0
Zimbabwe,ZWE,2021,41287673690.0,9.54,,,,105.7,380.8,32.5923996,98.54610509,88.55244726,54.14454937,False,,,,missing,missing,,,,,,,,24.443829834496736,24.188387005867227,557.2018174,29.29856532,,0
Zimbabwe,ZWE,2022,40757561709.0,10.087,,,,174.4,1043.8,36.25650024,104.7051706,374.9543626,47.01372454,False,,,,missing,missing,,,,,,,,24.430907222829564,24.443829834496736,98.54610509,32.5923996,,0
