Data Source,World Development Indicators,,,,,,,,,,,,,,,,,,,,,,,,,,,,,,,,,,,,,,,,,,,,,,,,,,,,,,,,,,,,,,,,,,,,
Last Updated Date,7/1/26,,,,,,,,,,,,,,,,,,,,,,,,,,,,,,,,,,,,,,,,,,,,,,,,,,,,,,,,,,,,,,,,,,,,
,,,,,,,,,,,,,,,,,,,,,,,,,,,,,,,,,,,,,,,,,,,,,,,,,,,,,,,,,,,,,,,,,,,,,
Country Name,Country Code,Indicator Name,Indicator Code,1960,1961,1962,1963,1964,1965,1966,1967,1968,1969,1970,1971,1972,1973,1974,1975,1976,1977,1978,1979,1980,1981,1982,1983,1984,1985,1986,1987,1988,1989,1990,1991,1992,1993,1994,1995,1996,1997,1998,1999,2000,2001,2002,2003,2004,2005,2006,2007,2008,2009,2010,2011,2012,2013,2014,2015,2016,2017,2018,2019,2020,2021,2022,2023,2024,2025
Aruba,ABW,Price level index (GDP),PA.NUS.GDP.PLI,,,,,,,,,,,,,,,,,,,,,,,,,,,,,,,51.5849816,52.69921789,53.49449693,55.02558809,57.26290683,57.98034235,58.79382718,59.93808917,63.17972254,63.66250981,62.89736941,64.97486606,66.81795134,67.52216158,67.60160692,68.86799189,69.13556325,70.78984396,72.41205487,73.19398883,71.4304441,72.78997805,73.67411276,71.90080218,73.28050201,76.3303791,75.97846867,75.78975662,76.57014458,79.50903983,78.8775769,76.1985246,74.05195156,73.43484923,74.62571695,
Africa Eastern and Southern,AFE,Price level index (GDP),PA.NUS.GDP.PLI,,,,,,,,,,,,,,,,,,,,,,,,,,,,,,,,,,,,,,,,,,,,,,,,,,,,,,,,,,,,,,,,,,
Afghanistan,AFG,Price level index (GDP),PA.NUS.GDP.PLI,,,,,,,,,,,,,,,,,,,,,,,,,,,,,,,,,,,,,,,,,21.50217398,18.55142964,19.31490066,20.56658991,22.82379654,23.62115385,24.44376249,29.23370744,28.62110743,28.78043161,31.7535786,34.78632957,32.76038697,29.86474656,28.09878811,24.7614251,23.58967077,22.49639103,20.20071241,19.22219174,19.93718578,16.62633021,16.83082831,18.77698348,18.64195148,
Africa Western and Central,AFW,Price level index (GDP),PA.NUS.GDP.PLI,,,,,,,,,,,,,,,,,,,,,,,,,,,,,,,,,,,,,,,,,,,,,,,,,,,,,,,,,,,,,,,,,,
Angola,AGO,Price level index (GDP),PA.NUS.GDP.PLI,,,,,,,,,,,,,,,,,,,,,,,,,,,,,,,36.16248937,32.70618102,26.60696349,23.74136998,17.64783304,18.75749694,22.04484797,20.52896714,16.49540052,15.05361032,21.19411774,19.46917834,23.55569891,26.22886295,30.4247767,39.62407505,48.69612552,52.24548112,62.5807016,50.43398642,55.34037097,68.77726405,69.15114671,66.89223189,62.65116134,45.14081597,26.41763166,34.85420027,34.54899988,29.08799783,22.47681089,25.9967839,38.39090939,30.21545545,27.30761653,30.52747135
Albania,ALB,Price level index (GDP),PA.NUS.GDP.PLI,,,,,,,,,,,,,,,,,,,,,,,,,,,,,,,28.25213608,20.57404111,12.85496946,20.83133425,29.88444519,32.81859174,33.43024014,26.39582573,26.93558657,29.76220946,29.17246886,29.80368815,30.57291793,36.92471979,43.73529196,45.58658956,45.28077709,49.35024393,53.11549006,46.6596014,42.5341016,43.46854118,40.35274119,41.74702605,40.66550955,33.9038882,34.14270258,35.47924655,39.17315473,36.91418092,37.00918764,39.76575393,35.03834078,39.20193206,42.59646734,46.05875859
Andorra,AND,Price level index (GDP),PA.NUS.GDP.PLI,,,,,,,,,,,,,,,,,,,,,,,,,,,,,,,78.5409243,79.69427154,84.39211425,69.32926933,66.98805826,73.96715887,72.0761864,62.66138276,61.63893371,59.75090808,65.18671683,63.72412143,68.39429298,82.78331187,91.34749773,91.59219201,92.77426827,101.7574153,109.5754169,103.4146791,97.47717154,100.4760094,91.20388328,93.11780848,91.47326928,76.19252285,75.55961483,76.61881617,77.50935228,71.78382749,71.71606996,71.50535054,61.9552137,65.20766802,65.46525622,68.23387099
Arab World,ARB,Price level index (GDP),PA.NUS.GDP.PLI,,,,,,,,,,,,,,,,,,,,,,,,,,,,,,,,,,,,,,,,,,,,,,,,,,,,,,,,,,,,,,,,,,
United Arab Emirates,ARE,Price level index (GDP),PA.NUS.GDP.PLI,,,,,,,,,,,,,,,,,,,,,,,,,,,,,,,30.19609864,29.44513599,29.30921806,28.99655887,28.31582759,28.8180616,29.93370468,29.14603582,27.58461777,29.49629121,32.14822703,30.70168006,31.37187013,32.01738894,33.82952698,38.22190191,41.51385738,45.48487938,52.89561699,44.58946687,52.62595443,57.9062865,59.57712655,60.83568647,60.27274977,60.70107367,61.04149338,62.22601567,60.86204716,57.55542005,56.88181047,64.33130528,67.62578526,63.89515432,63.36163095,
Argentina,ARG,Price level index (GDP),PA.NUS.GDP.PLI,,,,,,,,,,,,,,,,,,,,,,,,,,,,,,,60.28427017,71.71540388,78.33538784,73.1791622,73.61714865,74.38754711,73.01191009,71.4412314,69.44251805,67.2159934,66.40892447,64.23486689,25.81713658,30.37005885,35.00687492,37.63627078,39.54154681,43.66576857,51.7696129,50.36582203,57.48742109,66.49719553,66.64662395,65.0493382,62.77457743,68.74477828,63.16578659,62.14434419,48.1467071,42.33553755,38.11667374,40.82853972,46.84656561,47.15220088,45.83956017,45.71840673
Armenia,ARM,Price level index (GDP),PA.NUS.GDP.PLI,,,,,,,,,,,,,,,,,,,,,,,,,,,,,,,23.01803976,23.12604158,23.89030254,24.15108106,24.56080192,25.12435969,25.34769468,24.75923023,26.35673293,24.51778608,23.44964936,23.1893421,22.62719775,22.99213516,25.81743557,30.11250322,33.619852,41.51330315,48.26262631,41.40810325,42.86474056,43.93278434,39.26766382,38.92347121,39.56476006,35.99929073,33.34280097,32.0657414,32.58402375,30.69781253,29.02617185,29.42637041,34.3034769,37.8580676,37.43477584,38.2723496
American Samoa,ASM,Price level index (GDP),PA.NUS.GDP.PLI,,,,,,,,,,,,,,,,,,,,,,,,,,,,,,,,,,,,,,,,,,,,,,,,,,,,,,,,,,,,,,,,,,
Antigua and Barbuda,ATG,Price level index (GDP),PA.NUS.GDP.PLI,,,,,,,,,,,,,,,,,,,,,,,,,,,,,,,58.40818663,58.25292028,58.62434075,58.59312197,59.42671347,59.9805089,60.91108118,61.39356814,62.33873921,62.70508206,62.25767051,62.14325714,61.972198,60.48106017,60.28055052,61.18242785,60.01546781,60.98548163,62.66776627,62.97473439,63.21871232,62.64358097,67.96447692,69.16888514,71.67074265,76.61328509,77.6572018,79.19768051,74.51177526,71.17119542,68.70605769,67.38499359,67.21161703,69.02007289,69.14162941,69.26466095
Australia,AUS,Price level index (GDP),PA.NUS.GDP.PLI,,,,,,,,,,,,,,,,,,,,,,,,,,,,,,,105.1080674,105.8656124,102.1449698,92.21760821,89.99681771,97.29002079,99.64757235,102.3405035,88.22993963,81.27271588,82.41168255,71.27211412,69.92800997,78.75294118,97.08166169,104.3684434,105.0690402,112.04114,132.420225,106.2331946,132.425617,148.9802941,158.8137089,148.4638326,133.3455434,122.610283,105.5604731,111.4336223,113.9741264,104.3658709,95.93846426,104.1686911,98.58757083,90.01790305,89.58941128,90.54043646
Austria,AUT,Price level index (GDP),PA.NUS.GDP.PLI,,,,,,,,,,,,,,,,,,,,,,,,,,,,,,,111.3437008,108.7033589,116.850864,110.8123743,113.2720154,127.974205,121.3666493,105.0240162,102.5688084,98.46772549,83.80038255,82.66606802,85.08244015,100.4732857,109.2358941,109.7211731,108.0082431,118.9592754,125.6648771,117.6243728,111.6823492,115.7235406,104.5365733,105.8617655,106.1202441,88.62933207,85.99873424,87.55130789,90.39061247,82.65438538,83.2431382,85.19869824,72.40172729,76.1898638,76.89782864,81.96411785
Azerbaijan,AZE,Price level index (GDP),PA.NUS.GDP.PLI,,,,,,,,,,,,,,,,,,,,,,,,,,,,,,,23.17745399,13.57965593,1.427323017,6.403292112,5.931928519,13.34627318,17.00142307,19.70509754,19.8784954,18.80420618,19.04826224,18.34914434,18.03866847,18.72856529,19.91435916,23.02526657,26.31361749,32.16421527,42.17700017,34.7506108,39.13846821,48.56484539,46.86630328,45.60787574,44.92720615,36.4869265,26.69742765,28.96911514,31.01350821,28.81956276,27.89521568,26.89047947,34.46166794,30.13391977,29.00874355,28.37994872
Burundi,BDI,Price level index (GDP),PA.NUS.GDP.PLI,,,,,,,,,,,,,,,,,,,,,,,,,,,,,,,41.57739342,39.49760479,35.4686763,32.0261975,32.13296344,36.96610799,34.27579866,38.3312384,33.24334767,29.93901757,25.91066937,25.00958701,22.19622868,20.94848453,22.69824928,26.62239558,27.9266131,27.99422793,31.11473306,32.82094145,35.31516381,36.5965335,36.26517798,34.16565159,34.58782338,35.23420966,30.47798385,31.09208343,29.84906044,26.9811392,26.70106967,25.58865367,27.40850387,21.77007592,18.12452081,18.73500397
Belgium,BEL,Price level index (GDP),PA.NUS.GDP.PLI,,,,,,,,,,,,,,,,,,,,,,,,,,,,,,,110.23479,107.3505021,115.2949812,108.8466651,112.5024114,126.5859332,120.8586319,104.5820929,103.9723272,99.26087632,83.10730369,79.93144238,82.57695345,99.10955878,110.5107696,110.9464776,109.7972203,120.4384324,127.5056746,118.5135466,110.9372964,115.7982886,105.6272304,107.0683607,106.3084927,88.76080935,86.45035071,87.62191296,90.5091803,82.37451675,81.80008764,85.14736731,73.51890659,76.06357163,76.23075756,81.35223198
Benin,BEN,Price level index (GDP),PA.NUS.GDP.PLI,,,,,,,,,,,,,,,,,,,,,,,,,,,,,,,43.24789047,40.67917508,32.96878313,40.82641643,27.21715675,34.12933128,34.96195134,31.2274293,32.14986521,32.98273492,29.16337252,28.20197121,30.36108024,36.70730815,39.61141371,40.0623018,40.04477873,42.72170755,47.87513308,46.26979536,43.83334424,46.77649256,45.67294959,46.540145,45.10156323,36.78146143,35.55683111,36.55623315,38.84053993,35.91072228,36.9906554,38.06413732,32.94945504,33.72980889,33.44694225,34.42632641
Burkina Faso,BFA,Price level index (GDP),PA.NUS.GDP.PLI,,,,,,,,,,,,,,,,,,,,,,,,,,,,,,,59.72259537,53.54134245,55.91928688,50.32511323,28.80874217,33.51070429,32.22225111,28.19422916,29.77423693,33.03538997,27.76517337,27.37418712,29.32841886,34.91622991,37.4247269,37.64956308,36.61678157,39.88257625,45.83807,44.24306464,43.11768288,47.34566891,46.53595,46.24540167,46.03945757,37.25067638,35.27244398,34.71849348,37.49851888,34.26511144,34.6632976,36.01689784,31.2811604,31.61955185,33.86690204,37.36039203
Bangladesh,BGD,Price level index (GDP),PA.NUS.GDP.PLI,,,,,,,,,,,,,,,,,,,,,,,,,,,,,,,41.20235526,37.73122655,35.83552587,34.96746373,33.55276864,35.12421982,35.33799701,34.53904665,33.64539027,32.51115196,31.4290402,29.59238717,28.44473204,29.27668447,29.31950088,28.47405061,26.75915937,26.98480348,28.74505524,30.4133721,32.01762814,32.87343646,29.98659092,31.09953276,33.0036171,34.82020463,36.01738725,37.09252545,35.79575368,35.22003128,33.86525435,33.36683388,32.15076911,27.86378286,26.84479117,25.58024543
Bulgaria,BGR,Price level index (GDP),PA.NUS.GDP.PLI,,,,,,,,,,,,,,,,,,,,,,,,,,,,,,,31.4984957,12.2487377,14.56417024,18.18255707,15.67217913,29.18014035,21.46691661,23.67499083,29.46783681,28.59928289,25.23816367,25.44433801,26.88119349,32.31363042,36.84421406,37.89586964,39.65922911,45.92853476,50.68455909,49.25692661,45.83499715,49.84951268,45.52109975,46.14936995,44.85636629,38.46836257,37.70812272,38.97047775,41.04497121,38.68497993,39.34196527,41.88383226,38.5457127,40.83004417,41.9277731,45.73152663
Bahrain,BHR,Price level index (GDP),PA.NUS.GDP.PLI,,,,,,,,,,,,,,,,,,,,,,,,,,,,,,,34.72796699,32.95957422,31.08680396,29.44815783,30.9462927,30.64136055,30.14966872,29.9147146,27.49450867,27.8310464,31.11239818,29.4037492,29.9423928,31.88862958,34.46669582,38.00893276,40.13223618,42.36973815,46.2931629,40.03095342,44.29908942,47.52087704,46.61871903,47.93040436,48.71502064,49.41069477,50.18037629,49.387299,50.63054726,48.16249885,45.55511269,49.40036129,49.41068567,45.60622024,44.20213929,43.09572712
"Bahamas, The",BHS,Price level index (GDP),PA.NUS.GDP.PLI,,,,,,,,,,,,,,,,,,,,,,,,,,,,,,,98.14857529,97.36507949,98.91363862,95.80013608,95.84531654,94.63031041,93.843647,94.03112941,95.82142259,99.16223971,97.86048605,96.04347969,98.31937915,97.52931348,96.11029637,97.90003007,95.75781797,95.98036941,95.56782882,93.99762344,92.50442716,89.85634446,91.99780322,91.24680426,91.83968254,95.58718135,94.83126699,92.97978282,92.66082644,93.14524531,96.22905254,97.7568686,95.02954831,97.72363827,95.63156555,
Bosnia and Herzegovina,BIH,Price level index (GDP),PA.NUS.GDP.PLI,,,,,,,,,,,,,,,,,,,,,,,,,,,,,,,205.7147178,173.3439743,140.081585,107.2624855,32.68647677,41.03371115,39.00520792,36.98448943,35.16183209,36.036135,32.26854425,32.2267593,34.44054939,41.36377733,45.35751766,45.99882212,46.09273629,51.15055109,56.38526564,52.19411594,49.5993283,51.04443114,46.37614582,46.58061035,46.61653399,39.3590345,38.20758595,39.22350455,40.70260317,37.26631119,37.44859274,39.89434478,35.35858203,37.05899007,37.37038584,40.21747825
Belarus,BLR,Price level index (GDP),PA.NUS.GDP.PLI,,,,,,,,,,,,,,,,,,,,,,,,,,,,,,,32.69129738,33.87475454,33.72067436,34.25036017,34.84236426,35.64234035,35.3342084,30.38064231,29.86021116,22.70712684,22.02147372,19.94795626,22.08969039,24.71604643,28.03677209,32.43859173,35.00103831,38.43727143,45.9175814,38.13891407,39.34180552,39.41061382,38.38427572,42.06404713,43.81431133,32.90619929,28.26177967,31.41970367,31.75893019,30.66047041,26.30578613,27.12567488,28.12542147,25.58930131,25.94678353,29.6095785
Belize,BLZ,Price level index (GDP),PA.NUS.GDP.PLI,,,,,,,,,,,,,,,,,,,,,,,,,,,,,,,66.85463364,63.1366889,63.84650765,63.53457268,63.83847023,65.83330759,66.42297228,64.30745509,65.14581117,63.1701876,62.65473384,60.09939569,59.59113191,56.04450124,55.74648273,55.67647704,55.75136228,56.34869656,57.26083276,55.50655099,56.0269292,57.56141543,61.6191758,62.53889666,64.57510241,64.52477447,65.33507643,66.57258272,63.30253482,58.77749324,54.3479383,52.43101716,52.51636155,54.0327889,53.46317801,52.55652582
Bermuda,BMU,Price level index (GDP),PA.NUS.GDP.PLI,,,,,,,,,,,,,,,,,,,,,,,,,,,,,,,87.34033812,89.91604712,90.38640329,92.88156139,92.72184338,94.61246316,120.1946459,122.9116151,124.8778408,126.4749717,118.434274,114.2403387,122.1445454,123.1631818,125.5656048,129.9813164,132.8730829,137.8739857,142.1784825,142.781584,144.221789,139.6796823,144.9238903,142.2048652,140.2467377,138.0702972,135.2374123,131.1136246,131.666863,127.2723317,125.6383657,122.1463203,114.3551828,117.0478001,119.8120622,
Bolivia,BOL,Price level index (GDP),PA.NUS.GDP.PLI,,,,,,,,,,,,,,,,,,,,,,,,,,,,,,,29.88936162,30.14917178,30.63144669,29.15887369,28.44878682,29.88560304,30.97701164,31.08861209,31.38254978,30.04281392,29.04880719,27.0858818,25.27007097,24.66658718,25.02986679,25.29611883,28.08189466,29.95676969,35.18865811,35.18797696,37.83498283,42.97143289,43.89987272,43.55336665,43.15805385,41.89029913,40.22141208,38.85075601,39.10295525,38.1919099,37.37575928,35.80255895,34.29123886,33.13020783,34.28233997,39.98908591
Brazil,BRA,Price level index (GDP),PA.NUS.GDP.PLI,,,,,,,,,,,,,,,,,,,,,,,,,,,,,,,38.59407314,32.87797904,30.96796414,32.35380278,42.68937156,58.74768932,62.3943958,61.60936036,59.37907168,40.4601076,41.42811279,34.14026715,29.69804002,31.53049329,34.80831895,43.56713215,50.50107596,58.47061208,66.25637134,64.81117609,78.9060777,88.06736459,82.39011859,79.24327006,77.55579055,60.29237126,61.75245807,69.23878997,60.14495886,56.19119034,43.93467569,44.1063638,46.70157958,48.96689451,46.0890724,45.71823161
Barbados,BRB,Price level index (GDP),PA.NUS.GDP.PLI,,,,,,,,,,,,,,,,,,,,,,,,,,,,,,,81.32942866,82.20538587,82.54338238,84.34472541,84.40636801,83.5130538,84.09341152,83.42582677,89.67872246,92.34774809,89.61113168,89.61437363,89.04420112,88.29460694,90.99364576,94.11007332,95.0344621,100.4963719,100.3782785,97.93759201,100.4618561,100.9443521,106.1162818,107.2389,108.5927228,106.4563806,105.8407495,110.0221872,108.1113338,109.719193,115.9412384,119.2101717,111.1196583,110.3894944,109.6072159,109.5426087
Brunei Darussalam,BRN,Price level index (GDP),PA.NUS.GDP.PLI,,,,,,,,,,,,,,,,,,,,,,,,,,,,,,,33.70151998,32.95999673,33.49373443,32.27836769,32.62690086,37.54010246,36.69918778,34.49885865,26.03290533,27.98372259,27.54289547,24.62878275,24.23442784,25.96676636,30.3755637,36.04166183,40.26600065,43.27385803,52.38355402,39.69676886,43.92303156,56.06165223,53.82847527,52.86469559,50.50936455,48.83780943,47.04220853,45.45156797,47.56512241,43.87160578,38.45127148,39.62612176,44.78967313,38.6480738,36.83314515,34.87468198
Bhutan,BTN,Price level index (GDP),PA.NUS.GDP.PLI,,,,,,,,,,,,,,,,,,,,,,,,,,,,,,,32.36349993,26.2477337,24.52792179,22.09880602,23.62493573,24.24283036,23.55475111,25.51044645,24.57765154,24.6567183,24.796455,24.32949058,24.45662529,25.93377508,27.08886541,28.73858084,28.92035036,32.29957994,31.80660477,29.66852893,33.61380392,35.13314921,32.07511063,30.92165461,30.5629027,28.92201513,27.96265493,29.41822538,28.40709054,27.70820273,25.58442316,26.52992257,24.64128135,23.60859822,23.8033697,22.92938324
Botswana,BWA,Price level index (GDP),PA.NUS.GDP.PLI,,,,,,,,,,,,,,,,,,,,,,,,,,,,,,,46.53828516,43.57382615,43.53285911,41.86288349,40.49526379,41.1592471,39.13858828,36.78183405,34.55490032,35.56880262,35.99387189,33.30115589,30.62940001,39.64895394,44.82973851,46.03468213,42.12050097,41.29684054,39.84744595,43.49523843,48.73820053,53.44448016,51.78420498,48.94529797,47.47192189,43.42008471,41.58866612,45.25263095,46.92793642,44.93786058,41.3496532,43.47224973,41.69844453,37.22071072,37.11255112,37.57922869
Central African Republic,CAF,Price level index (GDP),PA.NUS.GDP.PLI,,,,,,,,,,,,,,,,,,,,,,,,,,,,,,,80.86127263,75.19309038,80.53508312,71.01405431,44.1180044,52.82230178,48.82153343,42.41022523,41.32043881,40.63471917,37.37735311,35.59774823,36.12995554,42.95077232,43.95273284,44.40818634,44.92777408,48.62250606,54.81686661,52.03426218,50.92164142,54.48532651,51.25809253,51.32988317,58.63687387,47.64426117,46.87287757,48.91590571,50.25778566,45.61421301,43.41023997,43.61898939,38.38190186,39.42189651,40.80528244,42.32752235
Canada,CAN,Price level index (GDP),PA.NUS.GDP.PLI,,,,,,,,,,,,,,,,,,,,,,,,,,,,,,,106.4268941,108.0460854,101.6054439,94.18905511,88.38957235,88.09516176,88.53480015,86.69124657,79.86963263,80.15144376,82.70129958,78.77408316,78.33639202,87.4867604,94.74273636,100.1521703,106.2466502,112.8551345,115.68791,105.1761876,118.5959515,125.3367475,124.5398147,118.8191054,111.3701013,97.59582927,91.05546112,93.40245924,93.11075502,91.78972659,89.60120834,92.79156495,87.97808761,84.42993589,84.01532077,83.44741276
Central Europe and the Baltics,CEB,Price level index (GDP),PA.NUS.GDP.PLI,,,,,,,,,,,,,,,,,,,,,,,,,,,,,,,,,,,,,,,,,,,,,,,,,,,,,,,,,,,,,,,,,,
Switzerland,CHE,Price level index (GDP),PA.NUS.GDP.PLI,,,,,,,,,,,,,,,,,,,,,,,,,,,,,,,139.1395767,137.436053,139.9416868,133.116608,142.4739343,162.5940803,152.6860032,127.0607042,126.0589047,120.0130475,105.9130744,104.8009599,109.6984473,127.3597683,136.0480901,135.4439447,127.5209762,127.6061313,137.8495984,135.1075269,140.5991046,157.3684528,144.4059306,141.5980123,139.9071697,128.374893,121.977962,120.619077,120.5528267,114.0911172,117.6717054,115.6335086,103.3598039,111.1879932,110.5002134,111.9551897
Channel Islands,CHI,Price level index (GDP),PA.NUS.GDP.PLI,,,,,,,,,,,,,,,,,,,,,,,,,,,,,,,,,,,,,,,,,,,,,,,,,,,,,,,,,,,,,,,,,,
Chile,CHL,Price level index (GDP),PA.NUS.GDP.PLI,,,,,,,,,,,,,,,,,,,,,,,,,,,,,,,55.97450605,57.27835234,60.25043828,58.42314751,61.95776776,70.2676489,67.55377384,67.4697913,61.24039018,55.81664323,53.89479253,46.68396046,43.72729132,44.57638491,52.70721025,59.60210486,60.07861962,61.96379033,65.23718738,63.31009018,70.50421038,71.99891023,71.33661257,70.64322312,64.42282517,59.79051722,58.69262327,61.24622998,61.88273052,56.59789859,51.73321006,55.71301431,49.8047848,51.49141254,46.18395585,47.63739429
China,CHN,Price level index (GDP),PA.NUS.GDP.PLI,,,,,,,,,,,,,,,,,,,,,,,,,,,,,,,32.14876316,30.23618908,28.82365579,25.75583961,28.3110489,32.52375053,34.17019953,34.24479407,33.62752013,32.7553859,32.70527464,32.6948238,32.40404864,32.61741526,33.98177211,34.52939265,35.80780844,39.4315104,45.68261308,46.14247811,49.18932987,54.54598746,56.08507613,58.44632668,60.12446754,60.72294846,58.30841243,59.77509784,61.88205251,58.76350859,58.17696125,61.83011837,56.32426252,51.39342553,48.98066409,47.25672026
Cote d'Ivoire,CIV,Price level index (GDP),PA.NUS.GDP.PLI,,,,,,,,,,,,,,,,,,,,,,,,,,,,,,,48.90929595,45.96179798,47.8829449,46.41395313,33.92779229,41.0451309,41.28968061,36.96959801,38.11798974,35.73489276,30.77837316,31.19563349,33.91730242,41.09297928,42.90373298,42.14710532,41.82546784,45.82081647,50.83610644,48.49330139,46.2290876,50.27294944,47.00930421,49.35478811,48.87728459,41.20948417,41.11102355,41.88112467,43.08588106,38.82553894,39.3179644,40.62693251,34.73116525,35.78508057,35.51773665,37.15599756
Cameroon,CMR,Price level index (GDP),PA.NUS.GDP.PLI,,,,,,,,,,,,,,,,,,,,,,,,,,,,,,,60.41075622,58.40855634,60.08682317,76.70394249,41.98650889,48.02650892,46.20840237,42.26640981,41.79233219,39.05806608,33.60529112,32.65650964,34.89193778,41.73137867,44.75132416,43.98634501,44.05554334,47.04766297,51.98304589,50.76118939,47.99637656,50.65416934,47.36170499,48.65677379,48.19747105,40.45561386,39.74966757,39.7111354,40.15934561,36.67025763,35.6344652,34.88697065,30.93348639,31.77105036,32.69563319,34.07794051
"Congo, Dem. Rep.",COD,Price level index (GDP),PA.NUS.GDP.PLI,,,,,,,,,,,,,,,,,,,,,,,,,,,,,,,28.57427694,31.07100022,29.01252896,42.62046351,23.60657892,22.26303088,22.58985026,24.83053544,25.48026844,19.88629274,84.63533801,32.9461787,36.97775619,35.17059521,36.96975999,41.3574769,46.87081018,49.87330295,56.32397153,45.59157483,53.84904492,57.86497551,63.28038406,60.52329029,56.92349707,54.46291451,48.39518372,43.51670411,49.4028891,47.71989407,44.67583444,42.48068956,43.2563924,38.11740681,38.00232469,42.02346831
"Congo, Rep.",COG,Price level index (GDP),PA.NUS.GDP.PLI,,,,,,,,,,,,,,,,,,,,,,,,,,,,,,,37.35784341,34.35872318,35.24155867,31.81607128,21.72651907,24.47402289,27.67057566,25.02410852,20.02125758,24.47825001,30.50085124,24.89751629,25.43358064,28.56783419,35.73426587,42.04447194,45.84856253,52.00738128,63.66636719,47.30678489,57.49302996,65.62378607,61.60923801,63.37853368,62.81390273,51.73451551,52.1185683,49.75956647,48.17344569,43.50697192,41.78582073,40.17367937,39.43218826,36.14361104,35.44215731,34.69342938
Colombia,COL,Price level index (GDP),PA.NUS.GDP.PLI,,,,,,,,,,,,,,,,,,,,,,,,,,,,,,,34.71395284,33.83560739,37.77216221,39.82331116,45.30880888,47.76177182,48.2698097,50.36328732,45.70686312,41.18896843,37.70710836,35.66016754,34.16781356,31.15631863,35.63596571,40.98588125,41.40066263,48.13590072,53.76735573,50.64913843,59.01872809,63.21604468,67.0515816,64.78228507,61.30277857,46.86835352,42.48884643,44.99483369,44.73250895,39.99943819,34.40695148,35.79698191,32.03435364,32.95073247,35.43359534,37.81564118
Comoros,COM,Price level index (GDP),PA.NUS.GDP.PLI,,,,,,,,,,,,,,,,,,,,,,,,,,,,,,,58.40488243,60.06213102,59.60934055,55.63777652,41.75337328,48.30431307,47.64442742,41.46710844,41.12201545,40.3498769,36.38343626,37.05784219,39.99829118,49.23661347,52.95607552,51.14475128,53.05309777,59.21840818,64.3105621,61.21237465,58.44569721,61.95670341,55.6357058,56.60407067,55.00104424,45.07145148,43.49989122,42.53751438,46.62395922,45.86111422,46.82279453,46.03391788,41.3182564,44.23965224,45.89654996,48.50477716
Cabo Verde,CPV,Price level index (GDP),PA.NUS.GDP.PLI,,,,,,,,,,,,,,,,,,,,,,,,,,,,,,,80.24528152,79.77205065,78.51176846,96.87233701,65.97694163,67.79306539,65.52117538,56.65257863,52.96727723,53.30193943,44.53171507,44.48564349,45.8633578,56.5833947,56.8693875,54.21293458,55.48191676,59.72183252,65.02654314,62.02221323,59.27646807,62.68594406,59.1449674,62.20828925,62.11174669,50.41808995,49.09654513,49.05761829,54.25387327,50.66972669,51.64811381,51.67504832,45.60663891,46.77680843,46.2256094,47.64759263
Costa Rica,CRI,Price level index (GDP),PA.NUS.GDP.PLI,,,,,,,,,,,,,,,,,,,,,,,,,,,,,,,36.37348662,43.46368487,46.27096252,47.04983571,48.33727844,50.17404456,49.03461979,49.36423754,49.44967144,48.7699882,48.38840698,48.65804225,48.07807241,47.0850874,47.31293787,47.51026192,48.67439101,51.83046112,55.62399665,55.66869789,63.93925266,68.13731193,70.01646041,70.9242744,66.55864733,66.84517378,62.96839145,60.08528931,58.56465177,55.20523468,56.08200692,53.82198776,51.95515032,58.6051481,59.75276955,59.0573265
Caribbean small states,CSS,Price level index (GDP),PA.NUS.GDP.PLI,,,,,,,,,,,,,,,,,,,,,,,,,,,,,,,,,,,,,,,,,,,,,,,,,,,,,,,,,,,,,,,,,,
Cuba,CUB,Price level index (GDP),PA.NUS.GDP.PLI,,,,,,,,,,,,,,,,,,,,,,,,,,,,,,,,,,,,,,,,,,,,,,,,,,,,32.19387115,,,,,,,,,,,,,,
Curacao,CUW,Price level index (GDP),PA.NUS.GDP.PLI,,,,,,,,,,,,,,,,,,,,,,,,,,,,,,,,,,,,,,,,,72.364115,72.03737335,71.22588109,70.97840321,70.07356565,70.72890955,70.76058421,70.96088563,74.42326843,75.29845935,76.46251767,74.00121103,78.90475686,79.45151086,80.59480462,80.54786599,80.10327009,77.86547671,77.64729042,75.68094317,75.03821197,71.45165065,70.04133459,69.16554134,69.73841157,
Cayman Islands,CYM,Price level index (GDP),PA.NUS.GDP.PLI,,,,,,,,,,,,,,,,,,,,,,,,,,,,,,,,,,,,,,,,,,,,,,,115.8190308,116.2290293,117.5073479,117.4998678,115.8494384,112.9850019,116.0290689,118.013816,119.32771,119.3251441,118.456403,117.6957952,116.7850493,121.3995687,124.5318721,116.5710654,113.0725002,113.2021348,113.1146115,
Cyprus,CYP,Price level index (GDP),PA.NUS.GDP.PLI,,,,,,,,,,,,,,,,,,,,,,,,,,,,,,,72.23176218,71.57730388,76.62926881,70.873281,73.83192279,89.2693625,87.40901421,80.05061764,80.45239414,77.75086454,67.56395723,64.81827659,68.31778728,83.4183656,91.71426268,89.90067611,89.07151846,95.004451,102.0430177,95.08894567,92.84460679,97.24541544,90.81574906,91.28378568,90.29980967,73.57638246,68.88534636,69.49640597,72.32634666,65.83625872,66.08162336,69.14981726,59.47244575,61.16721488,61.38120368,64.7051253
Czechia,CZE,Price level index (GDP),PA.NUS.GDP.PLI,,,,,,,,,,,,,,,,,,,,,,,,,,,,,,,30.89422938,24.78790243,28.393081,32.54602614,36.25614382,42.02322155,44.47109986,40.7037377,43.32647485,41.16193027,37.12229664,37.65827893,44.16291778,50.25714488,56.13916062,60.78494745,63.80764397,70.2487028,81.51919844,71.5088496,71.60808975,75.4146013,67.92337632,65.32902358,61.19816934,52.5960872,51.45820737,53.15198848,56.93315897,52.75290475,52.34871231,57.94719726,53.41613649,56.65400842,55.2324549,59.3798693
Germany,DEU,Price level index (GDP),PA.NUS.GDP.PLI,,,,,,,,,,,,,,,,,,,,,,,,,,,,,,,114.988137,111.6312316,122.1377583,116.9699515,118.9457635,134.3483008,126.6072264,109.7263704,107.6636657,101.6877559,87.08650363,83.27482741,86.35518238,101.3520843,108.8607332,108.5743707,106.4447714,114.7286097,120.6609257,113.0761268,106.7558534,109.7889394,101.1444743,102.9004607,102.1533408,86.33363895,83.30641379,84.13673357,86.85306323,80.3497232,80.73453289,83.58390289,72.49429026,75.80276963,75.85993401,80.22688177
Djibouti,DJI,Price level index (GDP),PA.NUS.GDP.PLI,,,,,,,,,,,,,,,,,,,,,,,,,,,,,,,,,,,,,,,,,,,,,,,,,,,,52.65096591,54.71439528,55.17781511,55.66686427,55.72575581,56.6488251,55.99990869,53.47283407,52.55963005,51.4725376,50.76940261,47.32816904,46.75599944,45.42182724,46.20941275
Dominica,DMA,Price level index (GDP),PA.NUS.GDP.PLI,,,,,,,,,,,,,,,,,,,,,,,,,,,,,,,68.77058114,71.61030301,73.08623523,73.3071127,77.25782465,76.26444465,77.33855727,77.12599998,78.20615267,79.07083679,75.94100477,75.81672014,76.57311481,70.61487855,70.19804997,66.55308632,65.82455353,64.91831663,64.17934616,69.30579014,69.10979283,69.27516725,68.93666415,69.30738129,67.29745781,68.49237229,67.99968876,64.78042073,61.15044046,59.2434318,54.95562377,52.9851207,49.59630934,48.82582603,48.77866325,48.38189936
Denmark,DNK,Price level index (GDP),PA.NUS.GDP.PLI,,,,,,,,,,,,,,,,,,,,,,,,,,,,,,,147.5171283,141.6204174,149.1628204,136.4290782,138.3010722,155.7606561,150.159415,131.7144977,129.2558053,125.4634041,107.2403286,104.4451266,108.4475154,131.2822381,141.2214785,142.8977972,139.3847111,149.9143781,155.8252682,144.1424761,135.008797,139.0741885,130.5855493,130.9550896,130.578486,108.5829097,105.171603,104.0707235,107.1481467,98.03498517,97.29301308,100.0183696,86.28585308,87.88273405,87.7544029,92.49211393
Dominican Republic,DOM,Price level index (GDP),PA.NUS.GDP.PLI,,,,,,,,,,,,,,,,,,,,,,,,,,,,,,,34.84410897,36.15716505,37.54111573,38.49872998,41.13287576,43.30177199,44.00059937,43.58654497,43.73257876,41.57019174,42.64880267,42.87494839,42.8296365,33.57861996,33.24412216,47.20994218,44.41524676,46.72479099,48.55672062,47.91111179,48.71758866,49.8219534,51.06574055,49.43321068,48.2476922,45.93966729,43.97714342,44.00228261,43.80690782,41.39785707,37.55715046,38.66547869,41.0376286,41.1056639,39.43077242,38.50552213
Algeria,DZA,Price level index (GDP),PA.NUS.GDP.PLI,,,,,,,,,,,,,,,,,,,,,,,,,,,,,,,34.90721589,25.17954879,25.39327623,26.36267528,22.18570281,20.5513051,21.79024052,21.74569698,20.46485185,19.73735321,20.94443281,19.87002844,19.22052616,21.14066188,24.64198134,26.40096618,28.61827367,31.28491047,37.91040609,31.0255009,34.59375569,40.41231537,41.78042551,41.60932441,41.47702646,33.93162692,32.92927514,33.75437829,33.3442709,32.16442464,29.5313225,28.69971634,31.32773424,31.89431047,32.60162266,32.55632378
East Asia & Pacific (excluding high income),EAP,Price level index (GDP),PA.NUS.GDP.PLI,,,,,,,,,,,,,,,,,,,,,,,,,,,,,,,,,,,,,,,,,,,,,,,,,,,,,,,,,,,,,,,,,,
Early-demographic dividend,EAR,Price level index (GDP),PA.NUS.GDP.PLI,,,,,,,,,,,,,,,,,,,,,,,,,,,,,,,,,,,,,,,,,,,,,,,,,,,,,,,,,,,,,,,,,,
East Asia & Pacific,EAS,Price level index (GDP),PA.NUS.GDP.PLI,,,,,,,,,,,,,,,,,,,,,,,,,,,,,,,,,,,,,,,,,,,,,,,,,,,,,,,,,,,,,,,,,,
Europe & Central Asia (excluding high income),ECA,Price level index (GDP),PA.NUS.GDP.PLI,,,,,,,,,,,,,,,,,,,,,,,,,,,,,,,,,,,,,,,,,,,,,,,,,,,,,,,,,,,,,,,,,,
Europe & Central Asia,ECS,Price level index (GDP),PA.NUS.GDP.PLI,,,,,,,,,,,,,,,,,,,,,,,,,,,,,,,,,,,,,,,,,,,,,,,,,,,,,,,,,,,,,,,,,,
Ecuador,ECU,Price level index (GDP),PA.NUS.GDP.PLI,,,,,,,,,,,,,,,,,,,,,,,,,,,,,,,30.06388819,31.08454042,31.69978753,31.78384294,35.79000316,36.88577537,36.76239754,38.67117052,36.79483965,26.73941058,24.13012028,29.86065839,32.78120341,35.7621399,37.05122253,39.00824008,41.13974426,42.8837853,48.42372892,46.79419729,50.39959443,52.75723338,54.9960872,54.08551474,54.12311039,54.939296,54.38260953,52.85397172,51.72707438,49.47022498,47.39949107,44.87394691,42.87792427,42.23292839,43.07409743,42.52207034
"Egypt, Arab Rep.",EGY,Price level index (GDP),PA.NUS.GDP.PLI,,,,,,,,,,,,,,,,,,,,,,,,,,,,,,,20.63869325,17.17325747,17.99246197,19.00758501,19.94315978,21.63845617,22.75305807,24.59090524,24.91049973,24.76682006,25.05895289,22.92257535,19.41400409,17.39645312,15.96964298,16.86782839,18.34968002,20.25688194,23.1508153,25.53614181,27.7794452,28.82301705,28.96869702,28.78329815,30.55048354,30.32999574,30.6650168,21.52953135,20.15292276,22.17186611,23.05110841,24.56736762,24.15716747,18.64492736,17.45892451,15.2732386
Euro area,EMU,Price level index (GDP),PA.NUS.GDP.PLI,,,,,,,,,,,,,,,,,,,,,,,,,,,,,,,,,,,,,,,,,,,,,,,,,,,,,,,,,,,,,,,,,,
Eritrea,ERI,Price level index (GDP),PA.NUS.GDP.PLI,,,,,,,,,,,,,,,,,,,,,,,,,,,,,,,,,23.18180381,19.57344242,19.87191804,20.85086296,22.48629231,20.27689272,21.39655159,19.49348046,20.17859166,19.32720633,17.91012573,21.52883529,26.3357861,24.65566349,26.63102093,27.81827619,31.68002145,40.77555985,33.74828219,39.5266211,41.46634469,39.42379799,39.2115643,37.53940888,37.40041047,35.77239003,32.90773729,31.11717853,33.26227594,32.759396,,,,
Spain,ESP,Price level index (GDP),PA.NUS.GDP.PLI,,,,,,,,,,,,,,,,,,,,,,,,,,,,,,,100.8731636,102.3519616,108.3837153,89.03137665,86.03080363,94.99292768,94.86995928,82.23227273,80.6081969,78.7832608,68.31213899,66.95708435,70.19107233,85.89104467,95.27993209,95.73374173,92.43203743,100.3559954,106.7565506,100.1909873,96.39696856,99.40356128,89.2897292,89.62140529,87.9944451,73.75375989,71.1344644,71.26469437,74.61246974,67.63092551,69.2484946,69.60071903,58.89279814,60.17324788,60.84136381,64.52102015
Estonia,EST,Price level index (GDP),PA.NUS.GDP.PLI,,,,,,,,,,,,,,,,,,,,,,,,,,,,,,,,,,46.19952368,47.24856521,48.37261998,49.05683444,46.15351668,48.43631105,49.22614991,43.19174422,43.67746845,45.79871904,54.85636856,61.32931677,62.5951996,65.35001882,75.42800438,79.83814267,71.80675188,67.84258323,71.21243074,66.94558397,69.38407385,69.99737782,59.64519397,58.42777012,60.42754987,63.62475088,59.18549786,58.84617197,63.17015996,59.00579026,61.9552867,62.36308252,66.05372928
Ethiopia,ETH,Price level index (GDP),PA.NUS.GDP.PLI,,,,,,,,,,,,,,,,,,,,,,,,,,,,,,,62.85186232,72.39831958,60.4046672,43.89001531,32.67095698,33.35585371,32.49619079,31.12423032,29.01896714,26.80097185,25.8004532,23.26708177,21.52585922,23.69943838,23.8730177,25.33879083,27.32786563,30.787773,37.44554157,40.99187475,33.20625638,31.23761111,38.3469649,38.63451382,37.04532697,36.62289937,34.54290372,34.73496834,35.30262095,35.38429208,34.47709167,34.50028261,34.52673124,34.465016,34.44034815,25.7540885
European Union,EUU,Price level index (GDP),PA.NUS.GDP.PLI,,,,,,,,,,,,,,,,,,,,,,,,,,,,,,,,,,,,,,,,,,,,,,,,,,,,,,,,,,,,,,,,,,
Finland,FIN,Price level index (GDP),PA.NUS.GDP.PLI,,,,,,,,,,,,,,,,,,,,,,,,,,,,,,,156.2994869,145.1293927,129.2350677,100.7498699,109.8638589,134.1300381,128.3505048,113.2885122,110.3099688,105.728967,90.86380188,89.80916131,94.38083393,113.3506419,121.0706295,121.8491871,119.6677338,128.0900854,134.1512832,124.9810132,119.4115425,125.007047,116.7224084,120.2420964,120.5229197,100.7158107,97.50654176,97.56570558,100.8235189,92.50531327,91.61692053,93.5002342,81.181415,83.29498808,81.60553425,85.22276322
Fiji,FJI,Price level index (GDP),PA.NUS.GDP.PLI,,,,,,,,,,,,,,,,,,,,,,,,,,,,,,,43.7283245,44.99541033,45.9137527,46.88675115,48.74149763,50.26422461,50.88617249,50.22431789,38.77663372,41.16572106,35.48906728,33.50476996,35.46722806,43.21227196,47.04298392,49.85070157,49.00759803,52.84873563,53.52044383,43.94927595,46.13556577,52.97200204,51.94806861,50.76682187,49.4150716,43.44335054,44.75582462,45.4527812,46.0113175,45.01486258,43.11795504,43.95025218,41.71050318,40.43467391,41.52944196,40.65478257
France,FRA,Price level index (GDP),PA.NUS.GDP.PLI,,,,,,,,,,,,,,,,,,,,,,,,,,,,,,,123.5294543,118.1521916,125.6081784,116.4711605,117.4351371,129.4204232,125.8088216,108.9194201,106.9066044,101.5387603,85.90076984,81.66135081,85.16574519,105.1935049,116.3328544,114.0156483,112.3615298,121.7809527,129.7021008,120.305842,113.3322035,117.1136864,108.474836,107.795771,107.2850736,89.72564176,86.34331318,86.99776411,89.29976479,79.02975081,79.16012977,83.25841276,71.89468437,73.36667142,73.73597882,76.56969135
Faroe Islands,FRO,Price level index (GDP),PA.NUS.GDP.PLI,,,,,,,,,,,,,,,,,,,,,,,,,,,,,,,,,,,,,,,,,,,,,,,,,124.6058209,119.650346,120.5110878,122.5137711,108.7995598,112.0073638,113.1087544,98.04938221,104.7073938,105.2664296,106.0973501,101.3577587,100.9607967,101.4444503,89.10947258,90.85358212,90.35927065,
"Micronesia, Fed. Sts.",FSM,Price level index (GDP),PA.NUS.GDP.PLI,,,,,,,,,,,,,,,,,,,,,,,,,,,,,,,86.89158231,88.33687693,88.98608271,89.5440632,89.96473572,89.42884517,89.45678102,88.50366326,90.15363321,88.17878227,87.12618541,86.15205285,84.911946,82.96028033,81.57588795,80.73008505,79.59507832,79.74910718,82.81217229,86.23015038,88.29884376,87.92939602,92.30094791,91.33815454,92.72397418,86.89716086,89.09451125,94.66376924,100.5944471,95.72436573,91.04298141,88.6870916,90.6163877,92.17877541,95.49382286,95.86508066
Gabon,GAB,Price level index (GDP),PA.NUS.GDP.PLI,,,,,,,,,,,,,,,,,,,,,,,,,,,,,,,53.91043652,44.60733866,46.58236271,34.27516547,30.96928286,34.19164746,37.20627545,32.35977753,26.02830664,29.31136071,31.82761539,28.29641703,29.66896122,34.72932742,40.07864408,46.67600425,50.20810888,55.6139654,70.54649723,54.47408514,59.62847764,69.12116577,63.59196386,63.44120611,61.94672424,49.2584421,47.70107381,46.7791272,49.40549671,46.65421835,45.62923095,44.16753796,42.0683572,37.56274836,38.20568213,37.1901448
United Kingdom,GBR,Price level index (GDP),PA.NUS.GDP.PLI,,,,,,,,,,,,,,,,,,,,,,,,,,,,,,,115.6921165,118.5197531,118.0879256,100.2879424,100.5295378,112.5000789,111.2081123,116.0178454,119.3559126,117.4274389,106.5776971,99.97855189,103.3988309,113.620898,125.9450751,128.658,128.1766329,141.8773509,128.9873162,110.5662876,108.5391561,113.1238271,110.8344266,108.6901435,114.926765,105.8063988,92.97474446,88.10794219,91.74637764,85.47695192,83.77517367,92.00471084,78.04433143,82.12269096,84.88504894,89.1581592
Georgia,GEO,Price level index (GDP),PA.NUS.GDP.PLI,,,,,,,,,,,,,,,,,,,,,,,,,,,,,,,28.01663849,28.08071176,29.0741844,29.403818,29.90200911,30.58918641,31.03640446,31.31279302,30.91429708,22.96221334,24.07502775,23.65511975,23.2936274,24.17604618,28.57638686,31.62415248,33.8720433,38.47674004,46.35726024,40.23882472,42.55460981,48.10540977,45.03681326,43.64038993,41.03694171,33.30674781,31.7130346,32.20914118,31.98032714,28.27218583,25.61366477,26.87513271,29.9666695,33.01235756,32.62529793,32.9482868
Ghana,GHA,Price level index (GDP),PA.NUS.GDP.PLI,,,,,,,,,,,,,,,,,,,,,,,,,,,,,,,52.8052111,54.39804659,49.74917062,43.11892338,37.29103315,41.63984006,41.92583892,39.31817765,40.31836879,39.28159348,23.91384429,23.98615142,26.22236432,30.25710617,32.46698411,35.96206768,38.92212174,43.17204426,44.82613548,38.59507262,43.68208206,45.84832981,41.69518498,44.00738947,35.3427905,33.18531816,38.16502979,38.91513872,39.65181019,36.42881882,36.30470476,37.00621301,30.94056318,31.52209773,30.04836207,37.82872342
Gibraltar,GIB,Price level index (GDP),PA.NUS.GDP.PLI,,,,,,,,,,,,,,,,,,,,,,,,,,,,,,,,,,,,,,,,,,,,,,,,,,,,,,,,,,,,,,,,,,
Guinea,GIN,Price level index (GDP),PA.NUS.GDP.PLI,,,,,,,,,,,,,,,,,,,,,,,,,,,,,,,69.40092087,73.96566812,76.28789946,70.8237201,68.8104741,70.34420131,69.26678808,63.31133771,57.28808472,52.48718206,43.33120015,38.61683003,37.70174102,42.65807511,42.81729815,32.56423987,30.76342764,41.74078597,43.59752924,42.26626268,40.6510906,37.33687606,39.07057264,40.63268705,40.84674501,38.72956205,31.56955815,31.02229756,32.81017179,33.20665218,31.62383902,33.29848609,34.87677563,35.86303114,37.07303995,38.04228553
"Gambia, The",GMB,Price level index (GDP),PA.NUS.GDP.PLI,,,,,,,,,,,,,,,,,,,,,,,,,,,,,,,29.98135427,28.32439496,29.12292302,29.19377911,28.21635136,28.84511976,28.39879142,27.84535316,27.05431184,25.99789257,23.15588019,21.25248672,19.13646984,16.68947448,29.98461353,31.80991445,31.82816952,36.50940611,41.14060864,35.59343166,35.33717713,34.42446822,33.54196716,32.58331659,29.37392393,31.12753373,32.29811185,31.5123611,30.57024926,30.48187992,28.46269805,28.14788653,27.26745308,26.82460536,25.03376615,24.8016528
Guinea-Bissau,GNB,Price level index (GDP),PA.NUS.GDP.PLI,,,,,,,,,,,,,,,,,,,,,,,,,,,,,,,79.03602255,76.67313197,65.25734281,65.35052936,61.6703349,62.3632983,58.43151886,53.562466,57.82180027,47.8443404,31.25776932,30.75845781,33.05578456,38.55684936,39.02648033,39.02441378,36.58588793,41.20891388,48.9257111,44.35003622,43.81974476,48.88964268,45.33021937,46.21365488,44.78459077,37.28833755,37.2547363,37.61736691,39.287829,36.09717082,36.19618309,36.73667385,31.64647567,32.63150664,32.27371202,34.12493991
Equatorial Guinea,GNQ,Price level index (GDP),PA.NUS.GDP.PLI,,,,,,,,,,,,,,,,,,,,,,,,,,,,,,,51.42655599,49.71415044,43.81432046,38.93051932,24.20799025,28.39938371,27.43603269,20.5306724,13.74587428,18.07277143,22.39858113,18.7288854,19.08916304,22.59162249,28.29957499,39.18273977,43.31892064,47.41295991,59.66218039,44.52089929,52.43143021,63.13217154,57.67231187,58.41760349,57.21200663,46.55808427,44.76536129,42.36073623,44.00376852,41.35917952,42.14380656,41.2903243,41.8440301,39.9385298,41.02275793,41.00420967
Greece,GRC,Price level index (GDP),PA.NUS.GDP.PLI,,,,,,,,,,,,,,,,,,,,,,,,,,,,,,,72.11994841,72.67601421,77.99964247,72.49197384,74.56839888,83.97455508,85.13236127,78.26544365,74.70044967,71.75659668,61.84001641,59.87489387,62.68841761,77.49930506,86.39983784,88.20301449,86.96365344,98.42499182,104.1222805,98.20467763,95.74087138,99.2690984,87.96472665,83.84223245,81.18933268,67.57710163,65.15010342,64.96129934,66.70704215,60.56043645,60.5650629,61.59853464,52.94254681,54.77987997,55.75190261,59.53564755
Grenada,GRD,Price level index (GDP),PA.NUS.GDP.PLI,,,,,,,,,,,,,,,,,,,,,,,,,,,,,,,61.20874169,63.1555093,64.2254392,63.91996622,64.58057734,65.18558107,65.72478075,65.76371462,66.16302106,65.97147124,66.24706516,66.1774094,65.40726108,64.09148277,63.68084202,63.28214765,64.23291065,63.98912604,67.70631512,67.28461381,66.79568112,65.59239935,67.06996699,66.2964039,65.30839831,65.79275655,65.97196154,64.83035176,63.11806043,63.61863348,62.45024557,62.89817669,59.68454835,60.11930867,57.92501122,56.71741154
Greenland,GRL,Price level index (GDP),PA.NUS.GDP.PLI,,,,,,,,,,,,,,,,,,,,,,,,,,,,,,,89.51993742,86.47918635,90.98460973,83.60182151,83.83276508,95.1400524,91.15136882,79.06439742,77.81525508,74.48183671,64.18481534,63.03790763,67.46994824,84.47107425,89.96375058,84.32957672,84.34301541,89.66451161,92.04130987,91.81207559,88.21761596,93.15701225,87.68380958,89.86993346,89.26737293,79.7918769,81.79069423,84.59534464,88.25098843,82.95337476,84.32790062,83.88789146,73.48587327,74.13793893,,
Guatemala,GTM,Price level index (GDP),PA.NUS.GDP.PLI,,,,,,,,,,,,,,,,,,,,,,,,,,,,,,,22.3351291,25.62589645,26.52741171,27.22477841,29.18045436,30.74106492,31.36071253,33.5261036,34.42635983,30.87317549,30.68151532,31.89198321,33.59325194,33.89919668,34.97540692,37.30154036,38.14462347,39.41458513,42.94128308,40.95581586,43.0908847,46.70953499,45.28074126,44.72964207,44.78933716,43.58074989,44.12508241,45.23972006,43.76226353,41.9491325,40.90130678,41.54387918,41.18095565,41.84549295,42.73516345,43.41741286
Guam,GUM,Price level index (GDP),PA.NUS.GDP.PLI,,,,,,,,,,,,,,,,,,,,,,,,,,,,,,,,,,,,,,,,,,,,,,,,,,,,,,,,,,,,,,,,,,
Guyana,GUY,Price level index (GDP),PA.NUS.GDP.PLI,,,,,,,,,,,,,,,,,,,,,,,,,,,,,,,43.73235601,35.05311264,34.08970897,37.41959342,40.53494449,43.09332662,44.48315712,43.73684992,42.13341457,39.07023861,39.73172481,37.96410454,37.68929198,38.06208492,38.69269353,40.06312115,40.98737283,44.49165851,47.51918487,47.69830887,49.0731383,49.147485,51.23258525,49.61578698,49.10429704,49.44057947,50.97850475,50.46600268,48.61067096,48.37881038,40.28502906,43.12473361,45.11683394,37.37840188,36.96863485,33.1094181
High income,HIC,Price level index (GDP),PA.NUS.GDP.PLI,,,,,,,,,,,,,,,,,,,,,,,,,,,,,,,,,,,,,,,,,,,,,,,,,,,,,,,,,,,,,,,,,,
"Hong Kong SAR, China",HKG,Price level index (GDP),PA.NUS.GDP.PLI,,,,,,,,,,,,,,,,,,,,,,,,,,,,,,,73.88695139,78.18916274,84.34668956,89.54803804,93.30465135,95.08031443,98.88473783,102.7039279,102.7582961,97.02210374,91.2567971,87.57872466,83.30305624,76.90244911,72.1879009,69.9841163,67.60996378,67.59955449,67.2974213,66.93533229,66.16195389,67.22301275,70.43340496,71.75939729,73.95290852,75.71352292,77.04907661,77.89355128,79.70007796,78.99032979,79.24253266,75.5416428,71.18369283,70.64554588,72.03813535,70.8543561
Honduras,HND,Price level index (GDP),PA.NUS.GDP.PLI,,,,,,,,,,,,,,,,,,,,,,,,,,,,,,,138.8503802,105.5533507,105.4842037,92.17006942,68.52552366,61.26499302,50.25502564,46.83059666,45.93624206,42.11330899,42.22596004,42.79984241,41.71935845,40.98542457,40.48716506,40.72150468,41.47772503,43.05949446,45.51583442,48.72144239,50.38732765,53.16110367,52.93455043,50.30128206,48.87564241,46.8714853,44.49043492,42.93107918,43.75066121,43.25596148,42.85504602,44.09408329,44.13737181,44.92403659,45.53054118,45.71430278
Heavily indebted poor countries (HIPC),HPC,Price level index (GDP),PA.NUS.GDP.PLI,,,,,,,,,,,,,,,,,,,,,,,,,,,,,,,,,,,,,,,,,,,,,,,,,,,,,,,,,,,,,,,,,,
Croatia,HRV,Price level index (GDP),PA.NUS.GDP.PLI,,,,,,,,,,,,,,,,,,,,,,,,,,,,,,,56.36272304,50.5311611,31.68171154,35.67138591,44.13201984,61.21698264,60.18483539,55.90514645,57.7636146,52.99433874,46.40604382,46.03852422,48.6867228,59.81899633,66.17769373,67.59211289,65.24125928,70.29931907,75.59242512,71.09939909,68.1738471,69.33012229,62.48195192,63.01837215,62.47951508,51.72195344,49.68520949,49.84910732,51.89912665,47.07154642,46.86824098,48.16876106,43.83488911,46.44822314,48.53592801,53.20108096
Haiti,HTI,Price level index (GDP),PA.NUS.GDP.PLI,,,,,,,,,,,,,,,,,,,,,,,,,,,,,,,35.34781527,37.64963001,25.26107529,21.71226289,27.8626274,32.23049192,31.41024964,34.52575,37.26527904,39.9050053,36.82295511,33.58177392,32.07190009,24.83978876,29.41977114,31.96137164,33.103773,37.18861943,40.17900407,41.91894642,44.88932349,45.90445597,48.10255065,47.91564885,47.47442006,46.63595424,40.52294805,41.78128142,46.80615337,41.77270672,41.58073689,58.54778715,53.87557747,51.51669941,65.01844544,85.97407234
Hungary,HUN,Price level index (GDP),PA.NUS.GDP.PLI,,,,,,,,,,,,,,,,,,,,,,,,,,,,,,,36.24706834,40.24254232,45.23451195,46.04316457,47.1096472,48.89749254,48.38322545,46.77893315,45.6230501,44.08506623,38.99971224,39.93841616,45.81546967,54.39917577,63.32834663,65.6019165,62.51220685,72.9969672,76.11576502,63.07525142,60.80794572,61.80987093,55.80687815,55.87046291,55.63802524,47.45366543,46.89977042,49.56997036,51.47536845,47.75240487,46.05193833,48.9380376,41.66179922,47.88803737,48.01271265,51.98379113
IBRD only,IBD,Price level index (GDP),PA.NUS.GDP.PLI,,,,,,,,,,,,,,,,,,,,,,,,,,,,,,,,,,,,,,,,,,,,,,,,,,,,,,,,,,,,,,,,,,
IDA & IBRD total,IBT,Price level index (GDP),PA.NUS.GDP.PLI,,,,,,,,,,,,,,,,,,,,,,,,,,,,,,,,,,,,,,,,,,,,,,,,,,,,,,,,,,,,,,,,,,
IDA total,IDA,Price level index (GDP),PA.NUS.GDP.PLI,,,,,,,,,,,,,,,,,,,,,,,,,,,,,,,,,,,,,,,,,,,,,,,,,,,,,,,,,,,,,,,,,,
IDA blend,IDB,Price level index (GDP),PA.NUS.GDP.PLI,,,,,,,,,,,,,,,,,,,,,,,,,,,,,,,,,,,,,,,,,,,,,,,,,,,,,,,,,,,,,,,,,,
Indonesia,IDN,Price level index (GDP),PA.NUS.GDP.PLI,,,,,,,,,,,,,,,,,,,,,,,,,,,,,,,19.00233729,18.89012853,19.03840684,21.55239856,21.96763476,22.71907647,23.27646681,20.73775678,10.4430849,14.98581781,16.4626996,15.10361278,17.35568132,19.49012838,19.76895193,20.1855367,23.67055318,25.69222318,28.06822319,28.19577576,36.69957887,40.05222744,38.11292489,36.15038214,34.18955264,32.79192686,34.31363488,35.54463786,33.95111265,34.26320268,32.85516381,33.60624014,33.12291307,31.60602407,29.90099654,28.65054088
IDA only,IDX,Price level index (GDP),PA.NUS.GDP.PLI,,,,,,,,,,,,,,,,,,,,,,,,,,,,,,,,,,,,,,,,,,,,,,,,,,,,,,,,,,,,,,,,,,
Isle of Man,IMN,Price level index (GDP),PA.NUS.GDP.PLI,,,,,,,,,,,,,,,,,,,,,,,,,,,,,,,,,,,,,,,,,,,,,,,,,,,,,,,,,,,,,,,,,,
India,IND,Price level index (GDP),PA.NUS.GDP.PLI,,,,,,,,,,,,,,,,,,,,,,,,,,,,,,,30.61809294,24.66180393,24.39113242,22.04238914,23.71015995,23.76530305,23.66420809,23.66474234,22.3293789,22.02731237,21.17552719,20.47510315,20.60323051,22.10631723,23.27707466,24.19256679,24.89168635,29.1296769,27.31679342,28.17256274,32.03452394,32.44799375,29.65618055,28.5748664,29.93078252,29.19792904,29.43736535,31.73628073,29.28167373,28.54775928,27.37535339,27.82122579,25.50003131,24.70757755,24.18219969,23.00390862
Not classified,INX,Price level index (GDP),PA.NUS.GDP.PLI,,,,,,,,,,,,,,,,,,,,,,,,,,,,,,,,,,,,,,,,,,,,,,,,,,,,,,,,,,,,,,,,,,
Ireland,IRL,Price level index (GDP),PA.NUS.GDP.PLI,,,,,,,,,,,,,,,,,,,,,,,,,,,,,,,102.0987365,97.83622766,103.9602037,92.69880219,93.48374558,101.1318182,101.7299647,99.61891117,96.81540877,97.39939117,87.15457388,86.82653586,92.85505617,113.5694083,123.3026879,125.8654837,122.8536902,131.2383475,138.905059,125.6477192,112.6519783,115.7428888,105.7473582,107.7406541,108.8096611,89.83570544,87.92009666,89.7424375,93.5568696,88.90228456,88.57114039,88.92965254,75.96924546,80.04988468,80.1929195,84.84941679
"Iran, Islamic Rep.",IRN,Price level index (GDP),PA.NUS.GDP.PLI,,,,,,,,,,,,,,,,,,,,,,,,,,,,,,,31.7643748,28.74944493,24.7579628,13.06382163,14.66466433,18.82541535,21.70715712,19.92086818,18.68106803,18.64360771,16.57983351,18.33386841,16.93399537,18.05259689,20.82471643,23.44601978,25.5738682,30.31423041,34.44540519,34.55955628,37.96413536,43.41242135,49.70279364,40.01245321,36.81222872,36.17836891,37.58262623,38.17529351,31.2124094,28.70213512,21.18152817,28.9915942,26.91242289,26.66974995,26.07765252,19.92150099
Iraq,IRQ,Price level index (GDP),PA.NUS.GDP.PLI,,,,,,,,,,,,,,,,,,,,,,,,,,,,,,,,,,,,13.46643165,9.638708487,15.55412652,11.31254033,16.97067861,18.63191876,13.3931591,13.07695123,13.47770262,14.29933728,18.63577565,22.26871402,29.01747404,38.97094109,31.78495374,36.61317341,44.72993248,44.97695356,45.33751373,47.45804768,47.56717598,47.74045999,46.69782793,46.92123242,46.30619572,40.62055696,38.23899263,45.31795254,40.67836208,41.9294035,37.91796556
Iceland,ISL,Price level index (GDP),PA.NUS.GDP.PLI,,,,,,,,,,,,,,,,,,,,,,,,,,,,,,,115.4644567,119.5687458,123.9851614,104.9847921,101.9358405,111.1851088,111.4568286,103.88765,108.0327728,109.5545273,107.744828,90.63857383,99.39310857,120.7353518,132.916842,152.1722421,144.8490995,167.5753431,130.2214186,98.60689236,108.7342446,116.556529,109.5016135,112.1489625,118.6529163,107.6230413,115.9077524,129.4250551,130.1662498,113.0996665,105.7831704,112.2839884,99.71879784,99.93284802,102.7545226,117.8497606
Israel,ISR,Price level index (GDP),PA.NUS.GDP.PLI,,,,,,,,,,,,,,,,,,,,,,,,,,,,,,,84.65132427,87.0182967,88.35988776,83.31659659,86.28424828,92.17079002,93.32149011,91.87925436,88.05849846,84.65929898,84.24430383,81.24464417,73.08615813,79.52082739,78.87284694,82.8249883,85.37836079,90.86392736,107.7816332,101.5012588,106.7325403,110.2465188,102.5787912,106.3368314,110.1305086,100.9542901,98.6445837,104.2248953,105.4060084,107.0791056,108.839607,113.233419,102.4814931,94.25876186,94.65528017,101.0380202
Italy,ITA,Price level index (GDP),PA.NUS.GDP.PLI,,,,,,,,,,,,,,,,,,,,,,,,,,,,,,,111.7422431,112.3068519,115.3571092,91.68438538,90.70425072,92.27540711,100.0958715,91.42405639,89.19203747,85.94922191,74.35875326,73.11579124,77.86695616,94.28493347,105.974631,106.3870111,103.3385455,110.9027832,115.2622236,107.5297745,102.5240333,105.6058355,96.06763184,97.92201022,98.26176341,81.95905152,77.54343343,77.93613952,80.44886502,72.46336112,72.22014621,73.96337493,62.26571292,65.0868569,64.90245533,68.96004591
Jamaica,JAM,Price level index (GDP),PA.NUS.GDP.PLI,,,,,,,,,,,,,,,,,,,,,,,,,,,,,,,38.21491334,33.56339665,27.71240659,38.06921773,36.84912129,42.53923404,47.01276008,53.11047268,55.1135238,54.39224236,53.42424973,52.64025252,53.71745687,49.3046042,51.12692107,54.29661085,54.31274776,55.93283408,59.25713239,54.43327274,59.52832891,62.64149217,63.78260522,59.37507879,56.97033981,56.34469252,53.29989376,53.55603125,55.58493237,55.60795431,54.26929497,53.93389637,55.75078548,59.57033809,60.06522747,60.21193471
Jordan,JOR,Price level index (GDP),PA.NUS.GDP.PLI,,,,,,,,,,,,,,,,,,,,,,,,,,,,,,,27.39938203,27.23958669,28.47118081,28.09898399,29.15321763,29.00547604,28.73076886,28.59551295,29.97561704,29.44704093,28.67561005,28.26185681,28.08600155,28.1336354,28.24486463,27.93568003,29.98595873,30.66902222,37.16282717,37.61767259,39.82407073,40.97678712,42.81448538,43.91764767,45.83190936,45.08442882,45.57352643,43.87900863,45.84447599,44.22613433,41.98722017,45.55950702,43.69465611,42.84707699,42.5794458,42.33639949
Japan,JPN,Price level index (GDP),PA.NUS.GDP.PLI,,,,,,,,,,,,,,,,,,,,,,,,,,,,,,,129.5783248,138.6371947,146.5876308,163.955322,174.9737016,185.251919,156.6033567,139.1085495,127.1100078,142.252912,143.5407111,123.1310174,114.6634487,120.3980454,124.2202629,117.5413453,107.0163887,102.1810341,113.0479675,123.1508206,127.2587333,134.6426432,130.6847686,103.7983398,97.26961064,85.48082932,96.99116574,93.70198527,94.32678594,94.69940867,94.35021507,90.39396857,72.18513257,66.78838514,62.40662844,64.86796391
Kazakhstan,KAZ,Price level index (GDP),PA.NUS.GDP.PLI,,,,,,,,,,,,,,,,,,,,,,,,,,,,,,,19.93867759,20.05372231,20.69948076,20.92113669,21.27579731,21.76402027,21.95640377,22.36407837,22.51265317,16.47424036,15.90743136,16.59965971,16.55595077,18.59036707,23.11665277,27.04762107,33.61092792,38.89603862,47.01542463,39.89882074,47.16858351,55.98801606,56.24876678,56.74153188,51.87265589,45.34761183,32.46987171,37.3047249,37.7448069,32.96398197,30.23953689,30.30305959,31.36118495,33.41233129,34.56537976,33.16996511
Kenya,KEN,Price level index (GDP),PA.NUS.GDP.PLI,,,,,,,,,,,,,,,,,,,,,,,,,,,,,,,36.93886051,33.49452147,33.24556701,22.67433572,26.88213923,31.91568723,30.79502416,32.80599512,33.75056156,29.76466671,28.50412846,27.45446641,27.22217638,29.39994726,29.41602081,31.35258662,34.35310013,38.735766,42.58631775,42.25601278,41.42554745,39.85566388,45.13112748,44.13087575,44.13812455,40.48362055,39.67995227,39.91823563,41.62818418,41.82312932,40.22191267,38.61047381,35.86294873,30.72623432,32.08368212,33.67848543
Kyrgyz Republic,KGZ,Price level index (GDP),PA.NUS.GDP.PLI,,,,,,,,,,,,,,,,,,,,,,,,,,,,,,,23.81524184,23.91459567,24.71481263,24.98877908,25.41370558,25.99640245,26.22851537,22.69159902,20.45804983,14.76833737,15.01836324,15.52800805,16.10052429,17.63073002,18.4871659,19.97607727,21.65189019,26.05772261,31.87829324,28.09868505,28.5131371,34.08426175,32.56413175,31.73393626,29.90700864,26.62055524,23.9646502,24.65603772,26.86345648,26.80879078,23.74245348,23.53355334,26.45370912,29.27426648,30.63841651,33.41790893
Cambodia,KHM,Price level index (GDP),PA.NUS.GDP.PLI,,,,,,,,,,,,,,,,,,,,,,,,,,,,,,,13.63897261,17.96598793,19.90043163,18.99091318,31.42302587,34.52295939,32.62351357,30.27857864,25.92005933,25.56096319,23.60761032,24.12661593,24.27423346,24.2002263,25.09936249,25.79782453,26.65713273,28.51325839,31.28743084,30.68461268,31.86459218,33.78675253,33.28613152,33.55634563,34.76535769,34.89951216,35.28120699,36.16496888,36.25922578,36.16963084,35.031642,34.81474377,33.6097815,32.67171931,32.92460076,33.62438609
Kiribati,KIR,Price level index (GDP),PA.NUS.GDP.PLI,,,,,,,,,,,,,,,,,,,,,,,,,,,,,,,40.96138682,47.41137229,55.7482517,52.26430568,57.03743089,55.61924585,64.89310132,62.08247145,54.89693589,58.15481948,51.61173775,45.17453743,50.47169336,64.65869331,68.61175272,71.86674796,65.00820415,75.47673186,81.28365458,76.61529744,88.26498842,99.19113795,97.21716802,86.47137397,83.32994961,70.9707729,70.75868938,72.40238516,71.76014682,63.37447779,64.5191259,73.52469771,62.06012928,62.4010321,68.42694746,64.99665057
St. Kitts and Nevis,KNA,Price level index (GDP),PA.NUS.GDP.PLI,,,,,,,,,,,,,,,,,,,,,,,,,,,,,,,55.05240757,55.08297792,56.70859036,56.49837841,58.78680815,58.03068392,57.35541275,59.21364627,60.19522248,61.00537648,60.73246254,61.73285968,62.90122509,62.71313776,63.35207537,60.42867248,66.92650249,69.28215427,68.89389884,70.57343972,70.16433076,72.63681182,74.73840569,75.45403282,75.57071307,75.63510627,75.80280499,75.95006625,74.36745255,72.64153604,69.01483624,68.26562793,65.93763323,66.38780792,68.66065544,68.58320581
"Korea, Rep.",KOR,Price level index (GDP),PA.NUS.GDP.PLI,,,,,,,,,,,,,,,,,,,,,,,,,,,,,,,79.52064261,80.96356654,80.12479139,80.88505113,85.52182338,93.39554332,91.43592015,78.94611481,55.37647637,63.49952604,66.07246355,58.61147258,61.52817431,66.36876004,69.43591481,77.03420274,80.82866775,82.88931182,71.29624235,64.85793967,72.67815904,77.1124386,75.86813852,79.36943485,82.81202329,75.81957571,73.98636566,77.15509759,77.70404603,72.72856862,70.26884597,72.54395146,62.73251817,62.11774038,59.35763968,57.38933072
Kuwait,KWT,Price level index (GDP),PA.NUS.GDP.PLI,,,,,,,,,,,,,,,,,,,,,,,,,,,,,,,35.55413233,34.83095565,33.600192,29.53218041,27.67556093,28.28414682,31.98073031,29.56706659,24.11045187,28.10604326,32.87121749,29.67276826,31.00279492,32.53029336,35.67717551,42.51318835,48.21389746,49.99120806,61.5306789,47.31877057,52.15498917,62.21103998,63.53440929,64.63924347,64.92682091,66.01278852,65.27059278,62.38013648,62.42457736,62.53648435,60.86595881,67.16153909,72.64884688,64.22343182,61.85260818,57.22261829
Latin America & Caribbean (excluding high income),LAC,Price level index (GDP),PA.NUS.GDP.PLI,,,,,,,,,,,,,,,,,,,,,,,,,,,,,,,,,,,,,,,,,,,,,,,,,,,,,,,,,,,,,,,,,,
Lao PDR,LAO,Price level index (GDP),PA.NUS.GDP.PLI,,,,,,,,,,,,,,,,,,,,,,,,,,,,,,,19.83517892,21.85018641,22.20112497,24.10652252,25.36980124,26.52422133,25.88093357,22.19691805,15.47089417,16.15139294,17.76868113,16.78750187,15.51473815,16.50731245,17.6768733,18.49845828,20.86622481,23.07914816,27.08245837,26.82967157,29.84720818,33.21020945,32.70408497,34.71193207,34.16465667,34.85031113,34.15716981,34.05856105,33.99430473,33.43984961,32.65071499,31.26132298,23.34731798,22.22658805,21.69533796,22.39009668
Lebanon,LBN,Price level index (GDP),PA.NUS.GDP.PLI,,,,,,,,,,,,,,,,,,,,,,,,,,,,,,,26.40259543,28.2383165,29.54095786,35.40644249,38.75930061,43.53860275,44.88307126,50.23671921,52.47089154,52.44599446,50.22495556,48.36981072,49.97359304,49.78096873,47.87883831,45.93014702,44.94853175,45.13393987,47.61657454,52.19181165,51.86350669,52.32184454,52.14818706,50.02802473,46.94984333,45.25493389,42.70728655,41.06221489,41.72996508,41.02113937,34.20229103,34.87458794,29.73224636,27.63345534,37.53547305,
Liberia,LBR,Price level index (GDP),PA.NUS.GDP.PLI,,,,,,,,,,,,,,,,,,,,,,,,,,,,,,,21.9786316,22.43844386,21.70524225,22.70299382,23.41633742,24.42870659,25.300677,22.38240329,20.65806686,20.55675847,30.91845087,30.45531247,29.57161148,33.49726802,38.11927006,37.14150352,39.32171831,42.88538767,49.36474283,47.726252,50.22382385,54.58387079,55.17671367,52.25566963,49.81164806,51.66913878,47.94980141,41.99953597,38.46155164,34.64893681,37.16661814,43.39671471,44.02619976,44.49826869,45.44323268,46.20318812
Libya,LBY,Price level index (GDP),PA.NUS.GDP.PLI,,,,,,,,,,,,,,,,,,,,,,,,,,,,,,,37.86425825,35.05085907,37.31208617,34.2667876,30.71346778,27.46547501,28.83085747,29.65859609,26.99236715,34.8753616,34.99105446,31.04915756,18.53527307,20.62461418,24.2458576,30.03114905,34.72824706,36.03403162,45.13180816,32.90386789,38.37028383,48.37440465,55.82587617,56.5065977,50.98036044,41.65995813,44.37117584,55.28582039,59.30609984,61.5235786,60.7070753,39.04460751,48.81294349,43.48608098,45.85937758,39.03315835
St. Lucia,LCA,Price level index (GDP),PA.NUS.GDP.PLI,,,,,,,,,,,,,,,,,,,,,,,,,,,,,,,59.32111845,60.52640343,60.21058878,59.40717059,59.66514245,61.39990317,60.05299095,60.73145253,61.51601396,62.07250793,63.1278784,61.17460098,60.48650614,62.41437788,61.21035574,63.44277571,64.73015625,65.28579066,65.67398485,65.47925141,68.20123248,67.76641475,68.88348173,68.35994264,69.74077458,72.00463933,69.49968971,70.25684692,66.784245,63.03642856,56.40413585,54.75651335,53.10758149,51.8651523,51.54809607,51.42602623
Latin America & Caribbean,LCN,Price level index (GDP),PA.NUS.GDP.PLI,,,,,,,,,,,,,,,,,,,,,,,,,,,,,,,,,,,,,,,,,,,,,,,,,,,,,,,,,,,,,,,,,,
Least developed countries: UN classification,LDC,Price level index (GDP),PA.NUS.GDP.PLI,,,,,,,,,,,,,,,,,,,,,,,,,,,,,,,,,,,,,,,,,,,,,,,,,,,,,,,,,,,,,,,,,,
Low income,LIC,Price level index (GDP),PA.NUS.GDP.PLI,,,,,,,,,,,,,,,,,,,,,,,,,,,,,,,,,,,,,,,,,,,,,,,,,,,,,,,,,,,,,,,,,,
Liechtenstein,LIE,Price level index (GDP),PA.NUS.GDP.PLI,,,,,,,,,,,,,,,,,,,,,,,,,,,,,,,,,,,,,,,,,,,,,,,,,,,,,,,,,,,,,,,,,,
Sri Lanka,LKA,Price level index (GDP),PA.NUS.GDP.PLI,,,,,,,,,,,,,,,,,,,,,,,,,,,,,,,24.8539186,25.75286834,26.00074771,25.31583868,26.60278136,27.46363948,27.71351837,27.80371593,27.42465935,25.84670461,25.18500572,21.96285118,21.84120859,23.08462724,23.32991417,25.14892485,26.24424982,27.38152846,31.91043967,31.64829992,34.10845033,35.53458525,32.468747,33.23162177,33.88942983,33.18605478,31.72514201,32.31987977,30.74167041,28.92341429,29.73209035,27.91928368,23.55395015,26.29119118,28.94932683,29.31186809
Lower middle income,LMC,Price level index (GDP),PA.NUS.GDP.PLI,,,,,,,,,,,,,,,,,,,,,,,,,,,,,,,,,,,,,,,,,,,,,,,,,,,,,,,,,,,,,,,,,,
Low & middle income,LMY,Price level index (GDP),PA.NUS.GDP.PLI,,,,,,,,,,,,,,,,,,,,,,,,,,,,,,,,,,,,,,,,,,,,,,,,,,,,,,,,,,,,,,,,,,
Lesotho,LSO,Price level index (GDP),PA.NUS.GDP.PLI,,,,,,,,,,,,,,,,,,,,,,,,,,,,,,,43.13338522,46.06270172,49.68213121,47.14300775,45.7770678,49.51961313,43.48780738,43.48484635,39.39928726,38.01218182,34.78443291,30.56858181,28.07741422,39.30137251,49.12294874,51.24605893,51.03368385,44.56512828,43.52220786,43.15984298,51.99812491,56.2094846,53.15003372,45.34744081,42.34695258,36.9465885,33.73319519,40.83394293,44.47293789,42.13058185,35.89478248,41.91267636,37.3115919,31.99877753,33.31521665,34.19983236
Late-demographic dividend,LTE,Price level index (GDP),PA.NUS.GDP.PLI,,,,,,,,,,,,,,,,,,,,,,,,,,,,,,,,,,,,,,,,,,,,,,,,,,,,,,,,,,,,,,,,,,
Lithuania,LTU,Price level index (GDP),PA.NUS.GDP.PLI,,,,,,,,,,,,,,,,,,,,,,,,,,,,,,,,,,,,36.24227065,36.12602503,39.68519637,40.53690117,39.49676306,38.94743202,37.5827363,40.29069221,47.23440496,53.42771982,56.31745242,59.33442088,68.42542419,77.05063662,69.50820128,63.19345606,66.15674211,61.38788744,62.82284163,62.59304245,52.95194651,52.03761845,53.66595616,52.74379032,48.34058855,49.50871878,52.03536959,49.24961054,53.07915254,53.14921054,57.98723166
Luxembourg,LUX,Price level index (GDP),PA.NUS.GDP.PLI,,,,,,,,,,,,,,,,,,,,,,,,,,,,,,,111.7417914,107.7034849,116.0146801,111.6110075,116.9957801,133.0870279,126.9927036,109.7768381,107.1725939,102.06195,88.25367281,86.2909494,90.4910273,109.1326579,118.3335469,117.7361002,115.1248517,126.254193,132.3746106,125.8876217,122.7483713,125.9857307,116.503352,118.9002987,117.4578026,97.77704395,94.29641204,95.83198388,100.2472131,92.85246232,95.73453751,98.67909919,84.20935106,87.30930599,88.27667803,94.06555926
Latvia,LVA,Price level index (GDP),PA.NUS.GDP.PLI,,,,,,,,,,,,,,,,,,,,,,,,,,,,,,,,,,,,41.8615231,41.4913221,40.99927414,41.80376504,42.22375691,41.76604867,39.7901276,41.8402683,48.2141188,53.97697411,56.78979465,64.96287936,82.30556695,89.87706476,77.16930776,68.33288517,72.97632114,68.64954293,70.74732843,70.45584345,59.09343321,57.50848709,58.73506154,57.85862239,53.71261088,53.64529621,54.89239708,49.87143576,53.08142321,53.74322094,57.03047493
"Macao SAR, China",MAC,Price level index (GDP),PA.NUS.GDP.PLI,,,,,,,,,,,,,,,,,,,,,,,,,,,,,,,34.69467909,37.54836039,42.29147794,45.27920648,47.36946878,50.14666991,50.37036417,50.2823854,48.73094805,47.40345492,45.3525281,43.65811866,42.41766923,41.67969059,41.36621931,42.39961551,44.36937919,46.78075613,50.61827487,50.99177468,52.68310755,55.37131128,57.13853112,58.12645648,60.85618479,64.33374054,64.0126723,64.22770551,64.56788179,64.97099246,64.62028682,61.17237944,57.34647353,57.73390355,56.63230263,55.39033057
St. Martin (French part),MAF,Price level index (GDP),PA.NUS.GDP.PLI,,,,,,,,,,,,,,,,,,,,,,,,,,,,,,,,,,,,,,,,,,,,,,,,,,,,,,,,,,,,,,,,,,
Morocco,MAR,Price level index (GDP),PA.NUS.GDP.PLI,,,,,,,,,,,,,,,,,,,,,,,,,,,,,,,49.22880469,47.51219754,49.54394263,45.78477528,45.59206854,51.75028844,50.01125978,45.29857624,44.60794967,43.03646598,38.14306269,35.28440384,35.97534636,40.95860118,43.45648187,42.52318817,42.17760946,45.48721337,49.45112728,47.0627218,44.79682164,45.39348284,43.29974079,44.81170812,47.46822327,40.341205,39.99471512,40.62202763,44.8872431,43.59927613,42.4152406,43.90374081,37.20381147,38.51157078,39.81874293,42.04995398
Monaco,MCO,Price level index (GDP),PA.NUS.GDP.PLI,,,,,,,,,,,,,,,,,,,,,,,,,,,,,,,,,,,,,,,,,,,,,,,,,,,,,,,,,,,,,,,,,,
Moldova,MDA,Price level index (GDP),PA.NUS.GDP.PLI,,,,,,,,,,,,,,,,,,,,,,,,,,,,,,,20.76371076,20.59403009,21.28412776,21.52082912,21.88591715,22.38814943,22.58722897,24.87237975,23.16293963,16.29020184,17.168181,18.18599684,18.64427551,20.44457992,24.31455332,25.22315522,26.628657,32.50414608,40.69725162,38.65618606,38.10018427,42.55745148,41.49326098,39.88195489,38.06471254,29.89416669,27.57245718,30.68994339,35.02175039,32.84321811,32.3474247,33.63462675,34.93650436,38.30632296,40.61215294,43.117729
Madagascar,MDG,Price level index (GDP),PA.NUS.GDP.PLI,,,,,,,,,,,,,,,,,,,,,,,,,,,,,,,27.97164182,23.90761964,26.36903436,27.59424904,23.42958549,24.59362004,30.37957205,24.8946363,24.46246661,22.38918693,22.68051279,24.58741581,27.20053329,28.9308982,21.27322699,22.77897048,22.8851884,28.0939399,32.49650193,30.15990341,30.74094034,34.31221501,33.71858696,34.97354399,33.73842441,29.75521722,29.07236692,31.79734968,32.3586317,31.00040577,30.24656912,30.64913874,29.36721474,28.39977816,29.14116783,30.69245186
Maldives,MDV,Price level index (GDP),PA.NUS.GDP.PLI,,,,,,,,,,,,,,,,,,,,,,,,,,,,,,,21.1352222,22.90393364,24.470266,25.62961067,25.7158283,24.98375524,25.67699591,26.27673045,25.68899597,26.02797143,25.96872486,36.8442628,34.87174014,34.35594384,36.79187935,38.94038435,41.37191353,44.59656511,48.81523749,54.64685971,55.79603094,53.83934642,53.09160425,53.70755743,53.2079352,53.9572205,52.99983609,53.16515392,52.16247276,50.87387852,55.07401331,53.41072541,51.51933285,50.7429316,51.02570238,51.18114086
"Middle East, North Africa, Afghanistan & Pakistan",MEA,Price level index (GDP),PA.NUS.GDP.PLI,,,,,,,,,,,,,,,,,,,,,,,,,,,,,,,,,,,,,,,,,,,,,,,,,,,,,,,,,,,,,,,,,,
Mexico,MEX,Price level index (GDP),PA.NUS.GDP.PLI,,,,,,,,,,,,,,,,,,,,,,,,,,,,,,,47.98337765,53.30436684,58.15396824,66.90276757,65.52323964,46.83762175,49.22610169,54.67794243,54.22939168,58.92714927,64.28218197,67.7471452,67.87205371,61.61207984,62.01268354,65.39670241,65.4218798,67.42027409,67.11340459,55.45151044,61.1522484,61.76295798,59.67373904,61.73163121,60.52547123,52.54577677,45.25298303,47.09557495,48.20306665,49.46297513,45.68158369,49.62832733,49.29998236,54.90975502,54.17448199,53.69173076
Marshall Islands,MHL,Price level index (GDP),PA.NUS.GDP.PLI,,,,,,,,,,,,,,,,,,,,,,,,,,,,,,,83.6403169,84.98540141,85.59618698,86.15088328,86.56376916,87.16608912,87.99229051,91.64855075,93.05976363,94.06645883,90.95658423,88.67055987,90.82636268,89.91076618,89.10301247,88.13104784,88.5602447,87.39608958,90.35898594,89.34815492,89.11883175,93.85951644,97.89942602,95.65418695,95.01177402,91.25325363,96.87494958,97.31998129,92.85034817,87.54814257,92.24549401,93.2999595,86.87236319,90.35556453,92.13792463,94.69826958
Middle income,MIC,Price level index (GDP),PA.NUS.GDP.PLI,,,,,,,,,,,,,,,,,,,,,,,,,,,,,,,,,,,,,,,,,,,,,,,,,,,,,,,,,,,,,,,,,,
North Macedonia,MKD,Price level index (GDP),PA.NUS.GDP.PLI,,,,,,,,,,,,,,,,,,,,,,,,,,,,,,,42.58414755,46.13385414,23.81960805,27.68079886,36.60801849,47.94890684,45.89255516,37.48943675,34.428516,33.45975111,30.25544801,30.12749739,31.10353108,37.00511779,38.9875112,39.14786979,38.70674296,43.61733732,46.01101312,41.62093561,40.30421145,43.61118181,39.68149336,41.17948476,40.90665183,35.00481952,34.01757744,34.70243621,36.36940072,33.22471305,33.3611134,34.41445424,31.41467145,34.2127836,34.41999317,37.42583683
Mali,MLI,Price level index (GDP),PA.NUS.GDP.PLI,,,,,,,,,,,,,,,,,,,,,,,,,,,,,,,37.02143038,34.99806508,37.09186248,34.27061679,23.23085934,28.69247904,29.39418455,25.3186114,26.77201053,26.48743161,22.45845709,22.2121255,23.91936163,25.76890738,28.61155492,30.98984666,32.04857401,36.21609038,40.51739139,40.49381703,39.62618104,45.85481045,43.84126555,43.79779206,43.38528922,35.96705971,34.46033947,35.44937743,37.11723765,34.4679279,34.99807657,36.73782955,32.4131546,32.7975479,32.91366161,34.06672336
Malta,MLT,Price level index (GDP),PA.NUS.GDP.PLI,,,,,,,,,,,,,,,,,,,,,,,,,,,,,,,76.90096339,75.58125303,77.56012109,65.01026252,66.68025418,70.45643178,68.62997555,63.97036512,64.17230774,62.78178262,56.81430961,56.18483316,57.60373539,65.31586344,70.53798827,71.22453794,71.72384156,77.74060585,84.06108683,79.38764075,75.91548406,79.91922018,74.4831382,76.69589633,77.89799034,66.53770223,64.53411825,66.24740414,69.28874357,63.08684701,63.68264582,67.01043434,58.8206247,61.00126758,62.83444307,66.34354654
Myanmar,MMR,Price level index (GDP),PA.NUS.GDP.PLI,,,,,,,,,,,,,,,,,,,,,,,,,,,,,,,12.04310682,11.47398722,11.91894937,14.40130505,18.3835768,20.09131958,21.45998061,15.39844074,19.67476313,22.97460095,20.72410393,13.24122666,12.17770284,16.19993275,14.02442863,13.58190932,14.09725002,17.05571741,23.96009853,24.95042371,30.18205706,33.90588784,31.2774536,28.93828791,29.5449198,26.16761679,27.56331788,27.0443148,23.26014483,23.37161929,25.95748671,23.99795345,20.20666714,20.69724689,22.62754553,24.76697379
"Middle East, North Africa, Afghanistan & Pakistan (excluding high income)",MNA,Price level index (GDP),PA.NUS.GDP.PLI,,,,,,,,,,,,,,,,,,,,,,,,,,,,,,,,,,,,,,,,,,,,,,,,,,,,,,,,,,,,,,,,,,
Montenegro,MNE,Price level index (GDP),PA.NUS.GDP.PLI,,,,,,,,,,,,,,,,,,,,,,,,,,,,,,,,,,,,,,23.7185601,22.78537319,24.06374155,27.10020401,28.20034442,29.70719245,38.00865269,43.18548711,44.21636145,42.36040955,48.01898179,53.54312002,51.83833475,49.06318191,50.63976131,47.50759866,48.34426454,48.06327495,39.90250148,38.64642549,39.64673029,41.13890013,36.90831486,36.6330394,39.32407164,35.78710095,38.47160864,38.95796299,41.8287173
Mongolia,MNG,Price level index (GDP),PA.NUS.GDP.PLI,,,,,,,,,,,,,,,,,,,,,,,,,,,,,,,35.06957476,34.51512403,20.59669806,12.11738627,13.99582365,20.21306533,17.99250968,14.9394895,13.61208236,12.24600945,12.72904177,13.48606325,13.96511282,14.61956472,16.07006094,18.40313939,22.24942261,24.37368276,29.15648936,23.92517551,34.85593898,42.15885441,42.64192917,41.56275683,37.85461005,36.70692436,34.43790629,32.85827997,33.34807181,31.95555187,29.22076528,30.54042152,30.44939385,32.4013936,35.20990845,34.17784238
Northern Mariana Islands,MNP,Price level index (GDP),PA.NUS.GDP.PLI,,,,,,,,,,,,,,,,,,,,,,,,,,,,,,,,,,,,,,,,,,,,,,,,,,,,,,,,,,,,,,,,,,
Mozambique,MOZ,Price level index (GDP),PA.NUS.GDP.PLI,,,,,,,,,,,,,,,,,,,,,,,,,,,,,,,90.85220262,91.67372336,70.40846805,63.86665528,60.275128,59.83348799,69.87141407,74.28636424,75.81101726,75.69408034,69.31120422,57.22427912,54.11457194,54.75735107,59.41330923,60.54432146,57.30144219,58.91904654,64.63519401,57.56232447,49.60662137,58.11811548,63.73267572,61.63897774,59.79805952,46.32896269,32.01271596,36.71320896,39.03985763,37.37713464,32.75908139,34.99145205,36.55868311,37.03058557,38.45780983,36.92203585
Mauritania,MRT,Price level index (GDP),PA.NUS.GDP.PLI,,,,,,,,,,,,,,,,,,,,,,,,,,,,,,,46.23182552,48.70157479,47.41093583,37.33785878,39.70236543,38.08349578,36.02425173,35.86614919,33.84860091,31.45835781,28.68844521,27.75106073,27.43249827,29.03871974,31.09894962,34.5167329,37.77572392,41.60191782,49.05635576,44.10662338,50.69932483,56.50464903,51.62015442,47.93862225,44.47367348,39.19040287,33.4850544,30.22443566,31.74257466,31.4978791,31.28036628,33.36678114,30.24895285,30.52300851,28.51894658,28.63011851
Mauritius,MUS,Price level index (GDP),PA.NUS.GDP.PLI,,,,,,,,,,,,,,,,,,,,,,,,,,,,,,,50.81913473,50.67710763,52.5003291,49.39625168,50.63782569,54.00386074,54.97025919,48.41799899,44.94824112,44.99613137,43.65595159,40.87153481,41.56099424,46.22725019,48.80313114,45.85629594,46.04320407,49.15388337,55.94795691,49.21019066,50.9965508,55.226736,54.58778496,53.57759586,54.3696328,47.51243303,45.98761113,47.98112394,50.47398548,47.45992568,42.25334366,39.88540477,38.25669378,38.32939418,37.83018775,38.58802727
Malawi,MWI,Price level index (GDP),PA.NUS.GDP.PLI,,,,,,,,,,,,,,,,,,,,,,,,,,,,,,,53.67346192,58.37281278,50.29658316,51.53914346,32.086206,31.83622289,47.55217755,52.58439555,32.8988424,31.93762886,30.18446633,30.58410573,45.98067467,39.1556011,39.18216599,38.69149575,39.2037661,38.61483985,42.24704116,45.09830507,46.86622059,50.3268284,38.14519088,31.89419563,35.17071332,38.45850757,31.95173877,35.91928421,39.09698891,40.06104147,39.80993979,36.58742254,33.98546601,34.56462817,28.07939888,35.3556465
Malaysia,MYS,Price level index (GDP),PA.NUS.GDP.PLI,,,,,,,,,,,,,,,,,,,,,,,,,,,,,,,35.84757251,35.33368254,38.19927636,38.38956588,38.31809246,40.70001326,41.31060444,37.5204844,28.90227456,29.44833166,31.34599727,30.17079047,30.63867588,31.03666381,32.04015677,33.93462348,35.33960875,38.5078402,42.97676155,38.0043726,44.07054265,47.91284286,46.82534341,46.25746088,45.31010681,39.33998486,37.47765977,37.33608001,39.22419109,37.74182217,36.24248188,36.55956438,34.15594397,31.19723723,30.57613882,31.62720693
North America,NAC,Price level index (GDP),PA.NUS.GDP.PLI,,,,,,,,,,,,,,,,,,,,,,,,,,,,,,,,,,,,,,,,,,,,,,,,,,,,,,,,,,,,,,,,,,
Namibia,NAM,Price level index (GDP),PA.NUS.GDP.PLI,,,,,,,,,,,,,,,,,,,,,,,,,,,,,,,55.02904554,52.86088023,54.89728436,51.65353224,53.8361339,55.070572,52.54825363,51.6261374,46.07240303,43.89705217,42.0518246,36.8655491,32.61527538,45.13284205,52.51973876,54.47008989,54.47945743,55.60738106,51.75238405,53.25794371,63.45853181,64.81495961,63.46427927,55.12430606,51.88772695,45.61585848,43.09438969,52.02257557,53.87406859,49.24218892,41.46392303,45.45051431,40.80099652,37.57168798,38.48417867,40.68112361
New Caledonia,NCL,Price level index (GDP),PA.NUS.GDP.PLI,,,,,,,,,,,,,,,,,,,,,,,,,,,,,,,,,,,,,,,,,,,,,,,,,,,,,,,,,,,,,,,,,,
Niger,NER,Price level index (GDP),PA.NUS.GDP.PLI,,,,,,,,,,,,,,,,,,,,,,,,,,,,,,,57.35115471,52.12583611,51.49201367,45.1996141,27.58444707,31.32924085,32.11196447,29.60157322,30.721153,29.14662352,25.48430935,25.37944008,27.06338525,31.68843432,34.06558087,35.8709437,35.64519593,40.54573212,47.01405218,46.16890228,44.86248287,47.98481409,45.49105447,48.52507972,48.67800321,41.43200621,42.29552612,43.19048253,45.34244907,39.57891414,38.71589563,38.39068737,33.21180259,34.05324505,35.70641636,35.61160045
Nigeria,NGA,Price level index (GDP),PA.NUS.GDP.PLI,,,,,,,,,,,,,,,,,,,,,,,,,,,,,,,27.96429247,29.69186018,24.26423429,26.36194014,37.26199817,64.01594584,79.51866799,82.12245278,86.0899385,22.85357178,24.88738805,24.43669256,26.96174525,27.13963923,30.93660178,36.46513719,45.27364014,48.25701196,54.10071313,43.24998393,49.2167626,51.71518592,55.58661624,57.75864205,58.80869272,49.82669893,41.22412082,37.55012609,40.48415658,42.24137885,37.72447037,36.73315621,34.91432432,24.55051325,11.91402168,12.84414709
Nicaragua,NIC,Price level index (GDP),PA.NUS.GDP.PLI,,,,,,,,,,,,,,,,,,,,,,,,,,,,,,,40.53282748,37.98723369,44.552435,42.80674675,41.13903683,40.77573468,39.18052303,37.74866193,38.00498915,36.67811318,36.2515472,36.06568133,34.4048454,33.52973492,33.746773,34.23913851,34.12205595,34.70079686,37.67415109,37.81463179,37.76555458,38.83987349,39.59008241,38.96426581,38.64381374,38.07115478,36.23859659,35.06011474,34.28994527,32.74677978,30.89604447,30.03701436,29.7980107,31.33776332,32.65587774,34.18099486
Netherlands,NLD,Price level index (GDP),PA.NUS.GDP.PLI,,,,,,,,,,,,,,,,,,,,,,,,,,,,,,,111.0358223,107.8665724,114.9224311,107.9920503,110.1236227,124.7908317,118.3173856,102.6219788,100.6323039,96.5973944,82.22433009,81.04676983,85.18323831,104.6968124,112.932523,111.6121903,109.5017779,117.8660451,124.6869718,118.2673675,113.2545165,116.3765069,105.9190059,106.0058663,107.4488777,89.86810321,88.04838673,88.35801322,91.73028726,85.90052561,85.41662318,87.70433358,75.19146374,79.00775797,79.16758048,84.38363774
Norway,NOR,Price level index (GDP),PA.NUS.GDP.PLI,,,,,,,,,,,,,,,,,,,,,,,,,,,,,,,152.9888174,146.0497308,148.009864,129.5600429,127.3086318,143.1657248,139.124562,128.0284729,123.4152364,119.0345035,103.2000273,102.0419053,113.4388386,129.9136889,135.3936328,139.7780986,136.9349165,152.1954382,157.0794504,144.3863683,151.4490004,162.0583834,155.3431027,153.6910468,147.2381592,123.1685357,119.5464286,117.8701995,117.8481279,107.7403636,101.8319214,104.5949243,87.07459825,84.42620069,85.07616596,90.91778116
Nepal,NPL,Price level index (GDP),PA.NUS.GDP.PLI,,,,,,,,,,,,,,,,,,,,,,,,,,,,,,,24.04393005,23.63658059,19.25331056,19.48847434,19.59183375,20.07090487,19.22522902,19.5710995,18.54842778,18.1565178,18.24762826,17.34247306,17.18102949,16.95791893,18.1262177,18.98370408,19.81805493,21.30352711,23.93309861,23.31634708,27.35933853,34.94304068,31.96495446,30.22057774,28.31435016,29.60612654,29.476464,28.69257856,29.80690822,28.23832621,27.25049795,27.55581768,27.16308883,25.60132072,25.41546364,24.87187487
Nauru,NRU,Price level index (GDP),PA.NUS.GDP.PLI,,,,,,,,,,,,,,,,,,,,,,,,,,,,,,,35.61822419,40.20588697,45.69154108,45.31026392,42.12022955,45.06150369,47.05160473,50.62999552,45.10111979,43.85016819,45.3653073,39.95470674,40.61681777,46.82421566,58.8270623,56.07474475,48.70678941,47.45002708,64.07312989,79.21435783,84.26297994,98.47088934,120.7217124,106.4753069,94.9012936,77.82013836,85.0883066,100.0690222,118.188238,102.3425856,99.04210274,105.2368621,118.9184865,103.269687,103.2039813,103.0915695
New Zealand,NZL,Price level index (GDP),PA.NUS.GDP.PLI,,,,,,,,,,,,,,,,,,,,,,,,,,,,,,,92.24203669,84.33980419,79.27174607,82.35385211,89.31735759,97.4055526,102.1871791,91.4884322,76.27569872,74.45430484,63.44653757,61.67118701,72.40189265,91.32063027,101.1794286,108.0757586,96.113741,110.7352098,104.7802769,91.96833031,107.8471334,117.388406,121.1732809,118.580412,119.5196748,103.0711135,100.3120725,101.6733357,101.7160715,94.64949354,92.27582182,103.5269486,90.86832011,89.72267824,88.5979917,86.47031716
OECD members,OED,Price level index (GDP),PA.NUS.GDP.PLI,,,,,,,,,,,,,,,,,,,,,,,,,,,,,,,,,,,,,,,,,,,,,,,,,,,,,,,,,,,,,,,,,,
Oman,OMN,Price level index (GDP),PA.NUS.GDP.PLI,,,,,,,,,,,,,,,,,,,,,,,,,,,,,,,28.04676789,24.8226996,24.57868421,22.71609957,22.14076669,22.0674721,23.27713598,22.37130926,19.68881209,21.51427693,24.72880631,23.06187798,23.77471928,25.56154968,28.00282953,33.05249545,36.73339603,38.64660354,50.29557391,37.46937572,42.34103029,48.07485096,49.29500438,49.89638468,52.35721433,52.16102082,51.3297527,53.00515107,52.67757356,51.48958865,47.73399997,50.11294226,54.50319476,50.09037643,48.5283415,47.16234439
Other small states,OSS,Price level index (GDP),PA.NUS.GDP.PLI,,,,,,,,,,,,,,,,,,,,,,,,,,,,,,,,,,,,,,,,,,,,,,,,,,,,,,,,,,,,,,,,,,
Pakistan,PAK,Price level index (GDP),PA.NUS.GDP.PLI,,,,,,,,,,,,,,,,,,,,,,,,,,,,,,,29.4396784,30.90850334,30.06209611,30.5857105,29.13678259,31.52672871,30.83590124,29.58847162,28.42168718,27.3754684,25.04048221,23.07085587,22.32050985,23.83082223,25.32191027,25.13573771,25.63076322,27.17973195,28.67368398,25.51667593,26.07983398,29.17145554,29.76239819,29.35917687,29.36740412,30.81225738,30.76601634,31.71986697,31.51677912,27.60114186,25.3247218,27.11468279,25.98809728,22.60070223,23.62180097,24.27823053
Panama,PAN,Price level index (GDP),PA.NUS.GDP.PLI,,,,,,,,,,,,,,,,,,,,,,,,,,,,,,,51.00992862,49.58445097,50.93325514,51.52253043,52.30168362,51.46668322,51.52523664,51.43053805,51.40483374,50.97980465,49.09161272,48.69708364,48.87022599,48.45897386,48.4232498,47.73789911,47.31688149,47.38529025,49.96535129,52.80417517,53.50086433,55.29601574,56.82053853,55.98204886,54.20559209,51.68842252,48.98934438,46.80308104,49.75220561,49.5729208,49.19331968,50.14038682,47.83885813,47.17433986,46.25017093,45.07689237
Peru,PER,Price level index (GDP),PA.NUS.GDP.PLI,,,,,,,,,,,,,,,,,,,,,,,,,,,,,,,35.63376612,43.84589359,45.14127262,40.5777256,45.58203953,49.3730786,48.8812434,47.49433049,45.00545166,39.53737382,38.81553422,37.93575423,37.29392343,37.64353076,39.70589535,41.26307807,43.38418646,44.86428011,47.59091032,46.89219586,52.21793132,56.02212449,60.60505973,59.75614496,57.88579827,53.71985684,51.52291273,53.49621838,53.35959041,51.8818055,48.81936805,44.67248898,44.10388061,46.46899991,47.6812399,51.46873879
Philippines,PHL,Price level index (GDP),PA.NUS.GDP.PLI,,,,,,,,,,,,,,,,,,,,,,,,,,,,,,,30.79778489,30.67671721,34.85087699,34.20705881,37.8417863,40.98752287,42.51608967,39.507112,31.09976291,34.11334915,31.22194377,27.94923243,28.34637936,27.30908267,27.23763434,28.45524182,31.14736774,34.78746368,38.08640063,36.15182938,39.40282367,41.78329162,42.90287667,43.64274442,42.86066141,42.206926,40.43518967,39.0815537,37.91107416,38.10792185,39.17740861,39.33696733,35.02625974,34.59866177,33.73421463,33.16154782
Palau,PLW,Price level index (GDP),PA.NUS.GDP.PLI,,,,,,,,,,,,,,,,,,,,,,,,,,,,,,,66.80559534,67.180278,68.99975401,70.7554075,71.04431932,71.5426486,72.30208423,72.69535542,73.03459925,73.63790775,76.67221785,74.47416743,71.44353408,68.02231652,68.90403021,72.46707692,72.07316013,71.60569822,75.53411417,73.99949337,75.49209479,74.92375033,79.36704503,83.31371657,85.23691817,89.76313189,93.6679465,91.0888877,88.8810403,85.27808405,82.23191464,81.33480272,80.01684768,85.0659863,86.2764637,84.73289957
Papua New Guinea,PNG,Price level index (GDP),PA.NUS.GDP.PLI,,,,,,,,,,,,,,,,,,,,,,,,,,,,,,,76.10314315,79.04595304,78.46888233,73.68473252,75.32901068,64.29041499,65.16610003,63.83623254,50.35530063,44.72928383,45.42918682,38.92052828,37.3703972,42.29129302,44.52277371,50.29701085,54.18415223,56.47291812,65.57188097,60.75135796,66.84414369,78.40813693,87.08568309,82.34278917,77.81504739,67.70499298,60.75454426,63.15719333,65.63743351,63.44535678,62.29470457,65.56920406,70.19567969,63.48226954,59.60242324,57.90345336
Poland,POL,Price level index (GDP),PA.NUS.GDP.PLI,,,,,,,,,,,,,,,,,,,,,,,,,,,,,,,27.99,37.73306246,39.70640452,38.0654786,40.83614387,47.97357342,50.10062683,46.13532433,47.61759797,43.8015804,42.16542512,44.87794035,44.11226576,46.40165078,50.03876815,57.7222937,59.64436874,66.9659134,76.46566846,59.87669792,59.87225152,60.80041906,55.15568354,55.75003235,56.01897201,46.82626343,43.94974311,46.11604746,48.40982834,44.2404558,43.54606395,45.38650497,40.38520856,45.6856871,48.97061299,52.37434323
Pre-demographic dividend,PRE,Price level index (GDP),PA.NUS.GDP.PLI,,,,,,,,,,,,,,,,,,,,,,,,,,,,,,,,,,,,,,,,,,,,,,,,,,,,,,,,,,,,,,,,,,
Puerto Rico (US),PRI,Price level index (GDP),PA.NUS.GDP.PLI,,,,,,,,,,,,,,,,,,,,,,,,,,,,,,,64.52310356,64.36175879,64.54898512,64.24384343,64.89994025,65.3306038,66.66555547,66.408527,69.84721515,69.88694063,70.59074739,72.8366497,73.5508465,75.31301919,72.39312632,74.8180365,76.56650344,77.36655907,80.88482686,84.39442979,85.46071736,85.71754125,86.48405441,87.39954878,88.22215945,90.46668885,92.96728227,95.17320395,91.02052985,87.88661493,85.26397044,80.4228127,78.00844511,77.71917444,78.18575508,77.8230137
"Korea, Dem. People's Rep.",PRK,Price level index (GDP),PA.NUS.GDP.PLI,,,,,,,,,,,,,,,,,,,,,,,,,,,,,,,,,,,,,,,,,,,,,,,,,,,,,,,,,,,,,,,,,,
Portugal,PRT,Price level index (GDP),PA.NUS.GDP.PLI,,,,,,,,,,,,,,,,,,,,,,,,,,,,,,,66.93362396,70.32496184,82.01054351,72.21867598,73.48200483,81.77908982,81.65856512,73.31149228,73.1015138,70.40966841,61.04062975,60.0902032,63.5502135,75.77021329,84.11491367,82.63981602,80.39561599,88.62785546,93.56181499,87.45578689,82.63178726,86.73036549,77.78084924,77.50989845,76.9026592,64.90062368,63.25021491,65.03438971,67.45931018,61.64800594,62.00011809,63.92380209,54.40997008,55.49081409,55.85007452,60.36573316
Paraguay,PRY,Price level index (GDP),PA.NUS.GDP.PLI,,,,,,,,,,,,,,,,,,,,,,,,,,,,,,,25.54927164,28.69548823,28.27168625,26.65661253,26.9058124,28.40350229,29.66144044,28.47723409,26.15141497,24.9483034,25.02628032,23.6779836,19.75344962,19.84623581,23.24088978,24.61525086,28.49556768,34.9924364,44.43881923,40.21617201,43.61356274,50.73869474,51.50632135,53.02528699,52.76605625,46.37046511,43.32733236,44.01599941,44.26344646,41.14026265,37.49750272,38.79570936,37.95686273,35.84440251,34.65398632,34.81726048
West Bank and Gaza,PSE,Price level index (GDP),PA.NUS.GDP.PLI,,,,,,,,,,,,,,,,,,,,,,,,,,,,,,,,,,,57.23786051,60.42707721,60.89318586,57.56570057,53.86779202,51.50700008,55.62514073,55.67600451,55.63923307,53.40233156,49.47932157,48.00205606,49.07739915,50.06219182,57.46967355,58.17561744,65.06196648,67.20176505,61.67687877,65.73779554,62.28797392,56.70995362,58.1900097,59.28558232,57.31074844,56.18633005,54.28833554,64.9577373,61.66483939,58.38648056,63.47682499,63.42580933
Pacific island small states,PSS,Price level index (GDP),PA.NUS.GDP.PLI,,,,,,,,,,,,,,,,,,,,,,,,,,,,,,,,,,,,,,,,,,,,,,,,,,,,,,,,,,,,,,,,,,
Post-demographic dividend,PST,Price level index (GDP),PA.NUS.GDP.PLI,,,,,,,,,,,,,,,,,,,,,,,,,,,,,,,,,,,,,,,,,,,,,,,,,,,,,,,,,,,,,,,,,,
French Polynesia,PYF,Price level index (GDP),PA.NUS.GDP.PLI,,,,,,,,,,,,,,,,,,,,,,,,,,,,,,,,,,,,,,,,,,,,,,,,,,,,,,,,,,,,,,,,,,
Qatar,QAT,Price level index (GDP),PA.NUS.GDP.PLI,,,,,,,,,,,,,,,,,,,,,,,,,,,,,,,29.23292552,26.89146142,26.23293949,24.30690434,24.18017632,25.52315841,26.73296027,25.20783314,20.34542954,23.24720597,30.15541261,28.03097455,28.43248856,32.67116672,35.98574576,45.54862105,47.88060095,51.73151092,62.37634021,46.97990681,50.87223139,59.13501257,59.94844869,61.2854668,64.5873755,67.27257553,68.1090202,63.68851924,64.56248053,62.17652625,62.9140715,61.41428109,72.17309067,62.15539207,59.72973233,56.27192387
Romania,ROU,Price level index (GDP),PA.NUS.GDP.PLI,,,,,,,,,,,,,,,,,,,,,,,,,,,,,,,31.21989757,26.15820708,24.40980579,24.64432445,26.48511425,30.39319986,28.42160603,28.34705558,33.41144835,28.58780387,28.37429199,27.9942538,29.59727046,35.44479425,38.87919914,48.09357147,49.8310535,61.01221899,62.18019524,51.37042332,48.39916241,50.84415832,45.08375422,48.2651005,48.61998606,41.5130337,39.34087344,39.8169018,42.25634618,38.6224781,38.04530402,39.71876479,36.93111271,39.67761859,40.91596218,44.28316547
Russian Federation,RUS,Price level index (GDP),PA.NUS.GDP.PLI,,,,,,,,,,,,,,,,,,,,,,,,,,,,,,,43.52460074,44.41991464,45.15615715,45.65236255,46.42323293,47.49058589,47.91585375,48.02802074,33.57443586,22.50057271,25.95593317,28.53211176,29.58055502,32.14772241,40.11399861,45.02875114,46.40619135,54.66786965,57.70437424,44.16116857,52.09821616,62.77147556,63.45125562,61.26677694,54.71562285,38.6667881,36.07784713,41.34902779,39.16329213,36.97117785,32.09929663,32.15718068,38.1739483,31.57429592,31.37582718,35.3989681
Rwanda,RWA,Price level index (GDP),PA.NUS.GDP.PLI,,,,,,,,,,,,,,,,,,,,,,,,,,,,,,,73.42935633,54.61479372,53.53417237,55.29644417,41.59788155,51.71564289,48.1368835,55.67300173,54.33759035,48.34741703,41.83955359,35.85408009,31.1812588,32.53969099,32.77731241,35.87006026,35.55363854,39.46653998,44.39209943,45.44011811,45.17732918,46.08466358,48.59436798,46.6145202,43.21477433,41.21870247,39.08718204,38.53267184,36.31029143,34.67626948,34.08034813,30.34806544,31.51709593,30.15295409,28.00389613,26.98417224
South Asia,SAS,Price level index (GDP),PA.NUS.GDP.PLI,,,,,,,,,,,,,,,,,,,,,,,,,,,,,,,,,,,,,,,,,,,,,,,,,,,,,,,,,,,,,,,,,,
Saudi Arabia,SAU,Price level index (GDP),PA.NUS.GDP.PLI,,,,,,,,,,,,,,,,,,,,,,,,,,,,,,,23.92066764,24.03297665,23.29495397,21.98818205,21.67923054,22.44715946,23.61890511,23.66059321,20.12811703,22.00708198,24.0824294,22.80525151,23.28343894,23.89282431,25.67967639,29.83433323,32.14497345,33.79282897,38.99725459,32.34029293,37.44495494,42.30278015,44.18243862,44.79770543,44.43327296,43.12219204,44.5915692,45.04722277,49.44619815,49.641819,51.21970812,50.91802915,53.51863549,50.48163266,49.38787559,46.80806252
Sudan,SDN,Price level index (GDP),PA.NUS.GDP.PLI,,,,,,,,,,,,,,,,,,,,,,,,,,,,,,,85.63986301,101.1688153,14.77506568,17.4317427,24.34189891,24.31549278,14.70011721,15.82071462,14.44532204,13.11720625,13.83993139,16.29557153,17.46854433,18.97647322,21.93037511,26.5761704,31.1348046,37.64828193,38.79547946,31.57404872,34.30803341,32.40725555,27.46950347,30.56751847,29.93584988,30.64682098,23.1126135,22.72835913,17.40852328,18.13833379,17.25494101,21.91835509,31.18595533,32.90951634,46.46811023,53.12022375
Senegal,SEN,Price level index (GDP),PA.NUS.GDP.PLI,,,,,,,,,,,,,,,,,,,,,,,,,,,,,,,63.26936126,58.51900622,60.47497938,55.26779044,36.99288839,43.16902339,43.0863863,37.85678596,38.06667879,35.789994,30.72586021,31.17707404,33.02929602,38.38934395,41.05462321,41.69202396,41.99673704,47.57056969,54.20163581,50.2238397,47.92042227,51.19931363,47.99973089,49.83559014,49.0184715,40.67775901,40.83808909,41.94970631,42.97228759,39.23246619,38.93201582,38.29013628,34.75057263,35.51218834,34.11122785,35.77949186
Singapore,SGP,Price level index (GDP),PA.NUS.GDP.PLI,,,,,,,,,,,,,,,,,,,,,,,,,,,,,,,49.80758599,56.8044328,59.71554865,60.84107991,65.19665873,71.00257022,71.14440642,67.13733958,58.11900743,54.56145924,54.4818353,50.3368419,49.15314646,48.64947081,50.76525886,50.93582914,52.71332047,57.31109024,59.06601676,58.79030923,62.64765901,67.32023368,67.65204357,68.56249686,68.07951722,63.84584793,63.40871776,63.95819557,64.3318998,62.61152996,60.49162406,60.36625404,63.16935566,59.68600421,61.95862749,60.49070406
Solomon Islands,SLB,Price level index (GDP),PA.NUS.GDP.PLI,,,,,,,,,,,,,,,,,,,,,,,,,,,,,,,74.75614369,72.23775749,74.09757013,75.52075171,76.58926707,79.40860054,83.47159183,85.40337814,72.45565683,76.57007604,75.14131734,77.8739279,66.73475768,62.52091565,63.35304326,67.59377423,70.29822606,74.3890267,76.71373734,76.90997035,77.22174746,83.42685576,89.04541379,90.26582869,91.06450308,86.90171429,86.01654177,87.34865104,91.34804803,88.52096429,85.7685564,83.39961954,75.22704539,72.43621831,72.1712593,74.83775158
Sierra Leone,SLE,Price level index (GDP),PA.NUS.GDP.PLI,,,,,,,,,,,,,,,,,,,,,,,,,,,,,,,17.52149276,19.88107545,20.92303882,22.79829397,26.99859881,27.44757639,28.64854354,27.01486097,20.75556511,20.78662406,18.10393502,31.95701945,28.60432202,28.38641315,27.10891853,28.65483353,34.17971739,35.7044393,38.66580533,35.98788878,36.04741243,37.26177763,40.45865302,41.3765348,40.46850899,37.67801544,32.04707281,31.14933438,32.0364452,31.20171261,31.08697703,31.07320579,27.37013852,22.49504896,22.86811228,22.76890728
El Salvador,SLV,Price level index (GDP),PA.NUS.GDP.PLI,,,,,,,,,,,,,,,,,,,,,,,,,,,,,,,31.24521212,32.46579924,32.82800222,34.82357378,37.43833877,40.67711518,42.57492186,43.26941705,44.59852707,44.41339028,44.85091617,45.31671834,45.29736896,45.73773328,45.75046539,46.26472999,46.82522488,47.59391866,48.32962841,48.01708678,48.67301585,50.51202774,52.1423531,50.50718689,48.8559922,47.77497542,46.13904039,44.84136701,45.45474052,44.2782253,42.55642593,42.94847846,42.73678383,41.99513467,41.50722771,40.89534897
San Marino,SMR,Price level index (GDP),PA.NUS.GDP.PLI,,,,,,,,,,,,,,,,,,,,,,,,,,,,,,,,,,,,,,85.20365538,84.16035041,80.5390196,70.00240365,68.18144309,72.57382425,87.2243453,95.28444651,93.94277693,93.82604187,97.742493,105.8258957,100.7409924,95.95603956,98.86458229,93.50877689,100.07377,96.88382874,82.58202796,83.64492151,86.14012085,88.04610605,81.16931609,80.47342401,83.66493746,71.4671016,75.96887728,,
"Somalia, Fed. Rep.",SOM,Price level index (GDP),PA.NUS.GDP.PLI,,,,,,,,,,,,,,,,,,,,,,,,,,,,,,,34.34189175,22.46379498,23.71045879,39.56942138,55.43188002,54.09760807,57.41768929,68.22124153,85.5391618,80.8148277,82.67000216,49.8273092,44.3690665,52.29933176,64.69413391,71.06097244,69.48422844,68.50234204,68.59184905,31.85827716,26.89166976,26.69962042,34.92378884,41.65573924,38.079661,33.21801125,31.38761419,31.99746013,32.83842504,34.87466276,35.63039601,39.43474591,38.56324433,38.33829549,39.24093793,40.24749343
Serbia,SRB,Price level index (GDP),PA.NUS.GDP.PLI,,,,,,,,,,,,,,,,,,,,,,,,,,,,,,,,,,,,46.7805195,56.20254547,59.16429004,42.96165938,46.95796109,15.19272215,26.64249672,31.61199985,39.31122514,41.2739675,40.52070501,42.93758681,52.04020062,56.21409502,49.19505252,44.82657373,49.53243974,43.17507912,46.17589666,45.02224312,37.43860894,36.35486295,37.88186224,40.93247585,37.6720079,38.54132136,41.35863107,38.34621876,41.24565445,41.65955511,45.00782713
Sub-Saharan Africa (excluding high income),SSA,Price level index (GDP),PA.NUS.GDP.PLI,,,,,,,,,,,,,,,,,,,,,,,,,,,,,,,,,,,,,,,,,,,,,,,,,,,,,,,,,,,,,,,,,,
South Sudan,SSD,Price level index (GDP),PA.NUS.GDP.PLI,,,,,,,,,,,,,,,,,,,,,,,,,,,,,,,,,,,,,,,,,,,,,,,,,57.29120801,45.45520969,50.82241964,53.30973165,78.26102159,86.08844561,90.52842125,93.52839839,80.28865754,43.59995047,,,,66.6367243,,,,
Sub-Saharan Africa,SSF,Price level index (GDP),PA.NUS.GDP.PLI,,,,,,,,,,,,,,,,,,,,,,,,,,,,,,,,,,,,,,,,,,,,,,,,,,,,,,,,,,,,,,,,,,
Small states,SST,Price level index (GDP),PA.NUS.GDP.PLI,,,,,,,,,,,,,,,,,,,,,,,,,,,,,,,,,,,,,,,,,,,,,,,,,,,,,,,,,,,,,,,,,,
Sao Tome and Principe,STP,Price level index (GDP),PA.NUS.GDP.PLI,,,,,,,,,,,,,,,,,,,,,,,,,,,,,,,64.48170001,55.52889058,47.58286195,60.94179057,60.9816943,46.23327833,58.31623888,38.5950179,29.28148311,30.12366937,28.9062022,27.34009059,29.20838274,31.70263423,33.46755203,36.24577175,33.79488022,33.16420159,38.61284309,39.64810876,36.56408454,41.85699366,44.93308528,46.93480619,46.07212841,40.9303408,43.22493626,45.27515656,46.3228754,41.5701736,42.12664048,41.21252663,39.61289992,48.5887265,55.82441402,63.93386678
Suriname,SUR,Price level index (GDP),PA.NUS.GDP.PLI,,,,,,,,,,,,,,,,,,,,,,,,,,,,,,,20.54016754,26.49101394,23.2932425,24.5886506,32.87974878,33.16924337,36.35517387,36.3650211,42.26390732,33.46149258,34.26680116,28.31319059,33.69479914,36.21802387,37.86146371,42.45138099,46.30998077,47.96271527,54.35972294,57.52937304,60.91978852,57.0857503,58.28965394,55.91642053,54.87659114,53.2751683,38.99196141,34.43551569,37.33163312,33.53135504,28.06055287,27.24988812,30.30754878,26.13631775,31.88773326,31.21026376
Slovak Republic,SVK,Price level index (GDP),PA.NUS.GDP.PLI,,,,,,,,,,,,,,,,,,,,,,,,,,,,,,,37.28749455,29.56638006,33.53148085,34.71231977,37.02278316,42.97677238,42.8347613,40.36351669,39.84818255,35.96222603,33.66515292,32.13599934,34.6558978,44.59849009,52.72848565,54.840449,56.22202418,67.49257741,75.79379713,71.87453298,66.58120301,70.48958838,64.82298461,65.22706439,64.48702227,54.53788424,55.6987005,58.3404639,62.11832531,57.10070048,55.86366949,57.71760886,51.33180361,53.66855207,54.32500044,57.88768014
Slovenia,SVN,Price level index (GDP),PA.NUS.GDP.PLI,,,,,,,,,,,,,,,,,,,,,,,,,,,,,,,73.56779661,56.93304348,58.16008255,55.90835979,58.98976744,78.74120501,75.58445467,68.40666267,69.60054818,67.04100198,56.65077486,55.29693978,58.18314214,70.33842416,75.7215994,75.87800025,76.50445364,86.37369318,93.21486378,89.98536429,84.59146164,86.85383192,77.96007726,78.41301872,78.54601467,66.04908048,63.88004278,64.40865931,67.03239512,60.92090724,60.79418744,63.56957136,54.20325664,58.16576455,59.58082352,63.08786254
Sweden,SWE,Price level index (GDP),PA.NUS.GDP.PLI,,,,,,,,,,,,,,,,,,,,,,,,,,,,,,,150.0663479,153.7843076,157.718603,117.8281214,119.2846034,131.061262,137.8711005,122.1930477,118.1818136,112.6295023,99.98831067,91.02869563,96.67822041,117.317772,126.4853788,126.8440406,123.5187986,131.2543055,133.1945502,116.4958191,125.2467393,136.1974741,127.7453546,131.9883082,127.203097,104.9739192,103.0436182,103.5488491,101.9943894,90.7559538,91.58884869,97.51842756,82.43962673,80.26872318,80.34421938,87.04560805
Eswatini,SWZ,Price level index (GDP),PA.NUS.GDP.PLI,,,,,,,,,,,,,,,,,,,,,,,,,,,,,,,44.425314,43.79865779,46.09970471,46.13793668,46.13300864,51.60012995,46.03322573,47.01213551,41.61984732,39.12919417,37.03237322,31.62417146,27.74871458,40.14151166,47.56594903,49.73537192,46.91824976,46.18437565,42.6235744,45.49746435,53.55668935,55.80586955,54.43778562,47.98773476,45.07755204,40.75550247,38.16749023,44.88536776,46.54405841,42.31195396,37.15785405,39.8781667,36.62092665,33.20767332,33.0675101,32.78921312
Sint Maarten (Dutch part),SXM,Price level index (GDP),PA.NUS.GDP.PLI,,,,,,,,,,,,,,,,,,,,,,,,,,,,,,,,,,,,,,,,,,,,,,,,,,76.58391134,76.51844074,75.19287104,86.66529974,86.24042192,85.33968507,84.86582793,83.19439374,78.0167593,76.12454825,76.25711031,77.50577767,80.35248884,77.51966705,76.26598245,77.01967427,76.08028002
Seychelles,SYC,Price level index (GDP),PA.NUS.GDP.PLI,,,,,,,,,,,,,,,,,,,,,,,,,,,,,,,63.00510837,60.2360681,63.65807589,63.32990554,65.2358411,66.43347708,58.70802201,57.56384389,60.03499626,59.50557863,55.08729029,55.78783309,60.84006144,64.13846887,76.46440888,74.47982799,73.03233952,65.05946172,59.66681477,52.81991454,57.60716251,55.6000934,55.41346575,65.90975907,60.79038546,60.28294528,57.50153172,56.98635816,57.46178777,55.93815583,45.21348736,49.97664268,57.10188277,56.8462747,55.08340072,54.24602097
Syrian Arab Republic,SYR,Price level index (GDP),PA.NUS.GDP.PLI,,,,,,,,,,,,,,,,,,,,,,,,,,,,,,,,,,,,,,,,,,,,,,,,,,,,,,,,,,26.07913241,31.77375851,31.68143293,15.31320853,14.44889105,21.54433817,,,
Turks and Caicos Islands,TCA,Price level index (GDP),PA.NUS.GDP.PLI,,,,,,,,,,,,,,,,,,,,,,,,,,,,,,,,,,,,,,,,,,,,,,,,92.00471851,92.98296819,93.63119529,89.46982136,102.8408051,109.7970986,107.1960259,106.8357836,107.176272,105.3490656,99.72381592,101.5220523,101.9476295,105.9441328,109.0707064,103.5229877,100.2950569,98.67736224,
Chad,TCD,Price level index (GDP),PA.NUS.GDP.PLI,,,,,,,,,,,,,,,,,,,,,,,,,,,,,,,40.76293888,39.2234802,35.5974574,32.07764057,22.99310742,27.26280553,29.11683153,26.03558512,27.19127364,23.74512246,21.19414278,22.87269,24.23230542,28.44957025,33.43148958,39.87703065,43.63016125,45.61958977,53.49047677,49.61974908,49.22214898,54.77603602,55.61701997,61.83576605,59.94745729,41.80803265,40.65076377,40.74403553,42.58241061,37.98758961,39.65927014,38.8636644,36.81959532,35.14490713,35.44181143,35.21966752
East Asia & Pacific (IDA & IBRD countries),TEA,Price level index (GDP),PA.NUS.GDP.PLI,,,,,,,,,,,,,,,,,,,,,,,,,,,,,,,,,,,,,,,,,,,,,,,,,,,,,,,,,,,,,,,,,,
Europe & Central Asia (IDA & IBRD countries),TEC,Price level index (GDP),PA.NUS.GDP.PLI,,,,,,,,,,,,,,,,,,,,,,,,,,,,,,,,,,,,,,,,,,,,,,,,,,,,,,,,,,,,,,,,,,
Togo,TGO,Price level index (GDP),PA.NUS.GDP.PLI,,,,,,,,,,,,,,,,,,,,,,,,,,,,,,,51.80242082,49.65144113,53.41830382,44.77943271,30.37534121,36.76082642,37.12245427,32.63534131,34.98030267,33.43061302,31.17655312,30.04937398,32.81027786,37.37644277,39.26176676,40.31119208,39.26620254,43.79956865,50.3005097,48.88766032,45.86611215,48.51472384,46.33718133,48.18478011,47.44950259,39.95662243,39.96952292,39.92723402,41.17528828,37.30778544,36.21831364,36.45866281,32.41494794,33.09989175,33.18853027,33.92440166
Thailand,THA,Price level index (GDP),PA.NUS.GDP.PLI,,,,,,,,,,,,,,,,,,,,,,,,,,,,,,,35.03212364,35.92986343,36.87538368,38.48157509,39.70369829,41.50809319,41.71652461,34.60093607,28.03987268,29.46188669,27.52020923,24.7632382,25.64604505,26.60382521,27.67385135,28.20032493,30.52772416,33.42570073,35.72440705,34.56554303,38.46088466,40.62477359,39.17127461,39.55114695,37.75514483,36.02553086,34.99183873,36.49330117,37.61227709,38.09821817,36.45240118,34.86285497,31.06231305,30.55524569,29.65421717,30.69158625
Tajikistan,TJK,Price level index (GDP),PA.NUS.GDP.PLI,,,,,,,,,,,,,,,,,,,,,,,,,,,,,,,18.85733442,18.94148772,19.62569248,19.78491899,22.7512291,20.58786275,20.56780298,17.55784048,23.61955711,18.48533315,13.21511115,14.81248863,14.87340422,16.73641507,19.7245776,19.9629589,22.15214827,26.29394022,33.17553079,30.61654333,32.18305126,33.94182477,35.5516306,35.2295952,34.31594417,32.16016285,27.06757871,27.49275048,27.18345306,25.17424873,22.83308434,22.49793639,23.31203912,23.72297151,25.15825808,27.64011276
Turkmenistan,TKM,Price level index (GDP),PA.NUS.GDP.PLI,,,,,,,,,,,,,,,,,,,,,,,,,,,,,,,26.797333,26.87916382,30.93765485,29.57640777,28.20798365,28.85523783,29.11173837,33.272596,32.66915647,26.00475983,25.41407097,25.11581167,26.95954451,30.24459188,28.74960936,29.22520168,32.39715131,34.9998569,45.55691675,44.76236601,45.2447719,50.02193955,54.85842576,56.29747529,57.42095611,45.29754056,40.54383284,38.60064487,27.22619536,28.3647117,26.28608757,22.8365979,28.64218395,26.97143398,28.08095952,28.93685713
Latin America & the Caribbean (IDA & IBRD countries),TLA,Price level index (GDP),PA.NUS.GDP.PLI,,,,,,,,,,,,,,,,,,,,,,,,,,,,,,,,,,,,,,,,,,,,,,,,,,,,,,,,,,,,,,,,,,
Timor-Leste,TLS,Price level index (GDP),PA.NUS.GDP.PLI,,,,,,,,,,,,,,,,,,,,,,,,,,,,,,,24.6061699,24.7680934,27.88637009,28.53637351,28.74248923,29.01424827,30.81763888,30.36520599,31.19184347,32.9665314,33.20304949,36.30936148,37.68705811,39.47066932,34.40688669,33.97387013,33.74210027,35.63709103,37.5006617,37.92865892,41.58174986,45.4532027,42.85669697,46.94286831,42.82549893,42.46379538,39.38771922,36.56179011,34.24227659,34.28783945,26.59568349,39.33932185,40.90223495,31.23007878,30.07247279,27.88162512
"Middle East, North Africa, Afghanistan & Pakistan (IDA & IBRD)",TMN,Price level index (GDP),PA.NUS.GDP.PLI,,,,,,,,,,,,,,,,,,,,,,,,,,,,,,,,,,,,,,,,,,,,,,,,,,,,,,,,,,,,,,,,,,
Tonga,TON,Price level index (GDP),PA.NUS.GDP.PLI,,,,,,,,,,,,,,,,,,,,,,,,,,,,,,,47.69006602,50.46337967,51.02617365,48.54764867,63.36969998,62.26926896,64.96232603,62.19044989,53.55309793,53.69382721,52.03741031,44.33414292,42.18429642,45.75356863,51.83911404,57.42725917,63.55590324,64.80772859,69.96106513,66.47726234,76.50014071,79.29255211,87.74580588,82.41207542,77.52352613,75.36653079,67.36284067,70.08958253,73.1321725,73.97800758,71.77788689,71.03543344,72.61590314,72.3626105,76.03529479,75.47466999
South Asia (IDA & IBRD),TSA,Price level index (GDP),PA.NUS.GDP.PLI,,,,,,,,,,,,,,,,,,,,,,,,,,,,,,,,,,,,,,,,,,,,,,,,,,,,,,,,,,,,,,,,,,
Sub-Saharan Africa (IDA & IBRD countries),TSS,Price level index (GDP),PA.NUS.GDP.PLI,,,,,,,,,,,,,,,,,,,,,,,,,,,,,,,,,,,,,,,,,,,,,,,,,,,,,,,,,,,,,,,,,,
Trinidad and Tobago,TTO,Price level index (GDP),PA.NUS.GDP.PLI,,,,,,,,,,,,,,,,,,,,,,,,,,,,,,,58.84666705,57.81671494,52.61964651,44.42177277,44.49247828,45.22116248,44.79815034,40.80253253,39.30680791,40.42238174,44.28101101,44.99133576,41.89846999,45.05793031,47.7467135,52.45761052,51.66458451,56.57278764,69.13622745,49.43667534,54.63400441,61.62305212,63.77063777,67.11031314,68.40672839,66.67870623,61.80699343,61.66950664,61.28187077,58.71444653,57.17490448,58.10805582,62.93064773,52.83534286,51.4919077,51.09551391
Tunisia,TUN,Price level index (GDP),PA.NUS.GDP.PLI,,,,,,,,,,,,,,,,,,,,,,,,,,,,,,,45.21916366,44.78229626,48.13751186,43.37736547,44.04994094,48.61926768,48.40695758,43.54031167,43.18363933,42.25001528,36.9283876,35.75403057,36.44141501,40.49097095,42.15889132,40.8785492,40.13677606,41.4559592,44.97867593,42.02513966,40.66153615,42.3596163,40.48476285,40.94799144,40.73282456,37.23562637,35.00019282,32.05866771,30.63912853,28.24274735,29.7754147,31.39534545,27.22671252,28.11748789,28.79667838,30.56842927
Turkiye,TUR,Price level index (GDP),PA.NUS.GDP.PLI,,,,,,,,,,,,,,,,,,,,,,,,,,,,,,,45.4580299,43.67209971,42.4330617,43.50477924,32.62183795,38.63234813,38.05171673,36.46396471,49.42889799,46.91331788,45.03925824,33.85713633,39.22776014,49.07144785,55.56853312,62.11666864,58.93165543,65.32318289,67.61007497,58.36634494,61.24826912,57.68369897,56.78482362,56.21977048,50.46757156,42.72563069,41.09260017,37.93666514,33.81286024,32.37898495,30.12091565,31.09046498,27.29977171,30.96349207,35.22092897,41.06881956
Tuvalu,TUV,Price level index (GDP),PA.NUS.GDP.PLI,,,,,,,,,,,,,,,,,,,,,,,,,,,,,,,64.72552119,64.12790152,63.45368569,58.85528149,59.06612466,61.67686336,72.05691333,66.30375315,57.01914513,61.27929133,60.8111578,56.11829534,60.03675521,72.44656808,84.00126506,84.49816974,85.97682964,92.08442902,93.83825804,87.08697925,102.7057612,114.4887708,113.5017798,107.1097922,103.2176274,88.9314479,94.28519083,98.34353059,100.5592251,97.18848233,96.63209481,108.838767,100.2112315,87.126651,,
Tanzania,TZA,Price level index (GDP),PA.NUS.GDP.PLI,,,,,,,,,,,,,,,,,,,,,,,,,,,,,,,26.32621267,29.03615219,26.20181457,23.40107887,23.89944637,26.33149096,30.57482146,34.34093325,35.72235644,35.05689168,34.52071541,32.28583874,30.92410845,30.6050411,30.38704602,30.24552895,27.87771561,29.8460385,35.42164114,35.18075643,35.59145359,35.06237439,41.37154635,44.25373628,46.04528039,40.52714266,39.14284271,39.90603612,37.50554273,35.65953377,33.95769419,33.20438039,31.78304731,30.43397222,28.21451336,29.4974873
Uganda,UGA,Price level index (GDP),PA.NUS.GDP.PLI,,,,,,,,,,,,,,,,,,,,,,,,,,,,,,,59.52389102,42.0943447,34.23385962,34.79230231,39.66942684,50.2534923,47.51523773,46.09562295,45.63846325,37.93947924,37.13637444,32.56211838,31.1955559,30.72349136,33.66211334,35.71988233,33.77786989,36.18728332,39.62253615,39.65767906,39.37196587,36.84842328,39.13601028,40.01626977,41.98926655,39.40403914,34.76180705,35.46030638,34.2623698,33.67656892,33.4002034,32.87962395,32.99627658,32.33056956,32.88303609,34.58741315
Ukraine,UKR,Price level index (GDP),PA.NUS.GDP.PLI,,,,,,,,,,,,,,,,,,,,,,,,,,,,,,,20.59976273,20.74061868,21.5159621,21.74755594,22.10673929,22.62669573,22.81715753,26.02644654,21.9099227,16.32284176,15.45119028,16.86359108,17.62716861,18.67591183,21.02536044,26.25744937,29.68806721,35.50752697,43.09230061,32.61054308,35.9579393,40.0663421,41.36528823,37.87567338,29.11170593,21.10974396,19.8668126,22.57514867,24.36550154,25.46062921,23.87081039,26.76138355,28.43816078,29.0702842,28.93100973,31.02825046
Upper middle income,UMC,Price level index (GDP),PA.NUS.GDP.PLI,,,,,,,,,,,,,,,,,,,,,,,,,,,,,,,,,,,,,,,,,,,,,,,,,,,,,,,,,,,,,,,,,,
Uruguay,URY,Price level index (GDP),PA.NUS.GDP.PLI,,,,,,,,,,,,,,,,,,,,,,,,,,,,,,,47.90308566,53.93198189,56.14459209,62.23614135,66.16020809,72.61322904,71.80256974,71.08642101,71.23070291,67.38279593,63.93548371,59.54404427,41.37296233,35.6307872,37.54497327,42.97646044,45.53574791,50.16281994,60.04730641,60.17253897,70.72894972,79.08011477,83.40211243,88.741701,83.78720433,77.25292918,74.47175263,81.2680677,78.93688941,71.03887296,61.25316787,60.75662064,63.59980816,67.67456805,66.42248949,65.81208081
United States,USA,Price level index (GDP),PA.NUS.GDP.PLI,,,,,,,,,,,,,,,,,,,,,,,,,,,,,,,100,100,100,100,100,100,100,100,100,100,100,100,100,100,100,100,100,100,100,100,100,100,100,100,100,100,100,100,100,100,100,100,100,100,100,100
Uzbekistan,UZB,Price level index (GDP),PA.NUS.GDP.PLI,,,,,,,,,,,,,,,,,,,,,,,,,,,,,,,26.17706227,26.27971233,27.16030662,27.46233258,27.92824,28.5690608,28.82301802,28.4702814,27.44053077,29.5585154,22.42832265,17.44751843,14.04040692,13.81849979,14.86621354,16.02909996,17.52918867,20.07023355,23.91906976,25.08344078,31.9138242,35.09319158,37.4075065,38.39210177,40.46984967,41.22597176,39.79277674,28.01996671,22.30458739,23.89238799,23.40682531,24.42264952,24.96593734,25.82475985,26.66032647,29.1756995
St. Vincent and the Grenadines,VCT,Price level index (GDP),PA.NUS.GDP.PLI,,,,,,,,,,,,,,,,,,,,,,,,,,,,,,,51.74713602,52.4703444,52.60195885,50.76985855,50.88672245,50.49537467,51.35546774,51.17089188,52.22702862,52.43415353,55.25236898,57.34221946,56.58157727,54.28012151,54.83943987,54.71614929,55.0444108,57.51885665,60.53172541,59.47248381,62.03747056,60.58960049,61.09847649,60.83914853,59.0728004,59.40567889,56.74519808,58.84191725,57.3738107,56.98075118,54.45277249,53.33826719,53.75629747,53.34874112,53.98883294,55.09692743
"Venezuela, RB",VEN,Price level index (GDP),PA.NUS.GDP.PLI,,,,,,,,,,,,,,,,,,,,,,,,,,,,,,,25.75906362,25.00510164,26.06586456,25.2375266,24.61312073,30.72358277,27.57191816,31.01319979,32.47824059,36.52051392,41.24239158,40.92164066,33.36612499,31.92900738,35.37270952,40.27710307,44.83109174,50.36717562,64.41498373,68.94465992,82.52282532,62.50396544,,,,,,,,,,,,,,
British Virgin Islands,VGB,Price level index (GDP),PA.NUS.GDP.PLI,,,,,,,,,,,,,,,,,,,,,,,,,,,,,,,,,,,,,,,,,,,,,,,,,,,,,,,,,,,,,,,,,,
Virgin Islands (U.S.),VIR,Price level index (GDP),PA.NUS.GDP.PLI,,,,,,,,,,,,,,,,,,,,,,,,,,,,,,,,,,,,,,,,,,,93.61196594,97.2785771,101.1475755,110.5187093,104.8918924,104.7563402,90.07745004,94.87501673,95.90834416,99.97706845,111.5597807,107.0021406,102.1150957,104.4012057,105.5403397,104.3415904,99.77337117,96.53126929,95.30119976,90.78237414,89.02437173,,,
Viet Nam,VNM,Price level index (GDP),PA.NUS.GDP.PLI,,,,,,,,,,,,,,,,,,,,,,,,,,,,,,,10.37016517,14.06211511,12.9885277,15.68309783,17.43215616,19.84573778,21.19479401,20.97310957,19.87692649,19.72001156,19.62442677,18.95004619,18.82810335,19.48288189,20.2638289,23.17742305,24.20415024,25.65726349,30.5062613,30.76423392,31.23201426,33.71730737,34.266693,34.91234391,34.89689875,33.59892211,32.65936119,32.23769186,32.19100113,31.19788756,30.44140593,30.74299684,29.83322084,28.7538545,28.78134115,28.00670744
Vanuatu,VUT,Price level index (GDP),PA.NUS.GDP.PLI,,,,,,,,,,,,,,,,,,,,,,,,,,,,,,,66.06419585,73.85910344,73.10480063,67.97596824,71.12027052,73.58045588,74.02312542,72.39042078,70.35317303,70.64434553,66.19086107,63.53951418,67.19287502,75.66392638,82.24165787,81.94079645,81.52682744,90.68563461,96.38396512,93.26427406,102.98995,112.3415436,106.0215332,105.218563,102.1429718,95.13067787,96.61704682,100.0717234,98.85794256,96.63828806,96.94080435,100.8476258,93.89609234,88.25222607,90.66015696,89.24915295
World,WLD,Price level index (GDP),PA.NUS.GDP.PLI,,,,,,,,,,,,,,,,,,,,,,,,,,,,,,,,,,,,,,,,,,,,,,,,,,,,,,,,,,,,,,,,,,
Samoa,WSM,Price level index (GDP),PA.NUS.GDP.PLI,,,,,,,,,,,,,,,,,,,,,,,,,,,,,,,34.63203089,34.24168367,35.33690511,33.36465742,55.67067006,51.987139,52.93756902,59.06664392,53.95422534,49.3438986,46.53240564,43.59459792,42.99454863,47.41640788,54.77608968,58.23883107,57.99967954,64.47284853,68.30233489,66.833677,67.39758419,69.55477634,73.69910055,74.69091556,72.83481238,71.88525751,67.52591612,68.58991,66.97742019,65.55922509,63.54225507,63.32239054,59.8128551,58.7951821,61.62848215,63.0197441
Kosovo,XKX,Price level index (GDP),PA.NUS.GDP.PLI,,,,,,,,,,,,,,,,,,,,,,,,,,,,,,,,,,,,,,,,,,,,,,,,,45.47937815,41.65127563,41.61376972,45.50839017,43.18614848,45.78752061,47.58862872,40.39769716,41.05524477,42.73900259,43.75987928,40.65627157,41.02142494,42.62675939,37.9831295,39.32580061,39.27645265,41.00755005
"Yemen, Rep.",YEM,Price level index (GDP),PA.NUS.GDP.PLI,,,,,,,,,,,,,,,,,,,,,,,,,,,,,,,52.24824967,55.14902354,61.02249861,69.37116481,82.03784964,34.72796401,16.54605511,16.27106824,14.03290568,16.11159292,18.79965037,18.02976392,18.5386976,19.29960749,21.28398478,23.58029314,25.26163037,27.03111272,31.80356464,28.41847722,32.06194318,38.10886851,41.43372549,43.57174235,,,,,,,,,,,,
South Africa,ZAF,Price level index (GDP),PA.NUS.GDP.PLI,,,,,,,,,,,,,,,,,,,,,,,,,,,,,,,48.63877227,50.98418087,55.36437603,53.32953549,52.76727886,56.08041366,50.18799019,49.77878932,44.34426099,42.29148747,39.74959797,33.78078899,30.5747037,44.450092,53.75385632,55.90541972,54.02031944,54.71961022,49.37824243,51.98998136,63.09478683,65.78352376,62.19375239,54.83891366,51.32690534,45.62241547,41.80095141,48.17385208,51.80182619,48.89958824,44.04203178,49.91067679,44.30987328,39.66716128,40.48924527,41.48024316
Zambia,ZMB,Price level index (GDP),PA.NUS.GDP.PLI,,,,,,,,,,,,,,,,,,,,,,,,,,,,,,,27.75562503,27.57958921,25.86364235,24.33087136,29.1236513,28.8607541,25.21241498,28.56054524,23.30864538,21.13363226,21.03753203,22.21479237,21.43987518,22.97840645,26.53300846,32.13025146,44.22710308,43.79129755,50.79386805,39.55633945,46.84517617,50.32908932,51.45124478,52.36039698,49.6172464,38.82811517,37.39673817,43.73905131,42.527131,37.45424923,30.14107904,32.17669268,37.68436076,32.6130364,28.12379778,30.09360764
Zimbabwe,ZWE,Price level index (GDP),PA.NUS.GDP.PLI,,,,,,,,,,,,,,,,,,,,,,,,,,,,,,,74.47513287,67.15743875,56.38340395,52.9899121,49.86071371,50.32095987,53.85515966,51.41851574,37.09334612,39.5041807,38.87104524,37.96550987,38.39868154,40.96994926,42.93351705,43.76778316,41.60158891,40.86686056,40.63498715,50.35122746,51.78510099,52.03353763,54.52654203,55.03599369,53.73968121,52.38398563,50.32240912,48.94120097,86.89748645,52.43788362,49.29118752,54.14454937,47.01372454,37.87489009,42.07331456,46.69607235
